AI_WEIGHT,LEGAL_WEIGHT,PQC_WEIGHT,RES_WEIGHT
0.3318957953758594,0.12439456223634447,0.056989149214326795,0.48672049317346927
0.24913247284716894,0.25641001750973863,0.00723542501614384,0.48722208462694866
0.3843088009387773,0.05729353466079103,0.10261364512073161,0.4557840192797002
0.05204382801542593,0.43201713314072865,0.3802987710633169,0.1356402677805286
0.004676615457393991,0.3280730320492646,0.25920006412637975,0.40805028836696167
0.07852562491408493,0.061193960279167146,0.08382362502996285,0.7764567897767851
0.28439757701523644,0.16694005053899255,0.08142285718426387,0.46723951526150714
0.4425113791167305,0.39375831595356126,0.11534273215021765,0.04838757277949047
0.14955226598868976,0.49202642817045533,0.22946979923117644,0.12895150660967855
0.015989212129796346,0.27061836994440164,0.10869110323962033,0.6047013146861817
0.01147048775173465,0.345621838213511,0.5569726999482173,0.08593497408653698
0.1482907267922276,0.20789648618939474,0.49213723233515794,0.1516755546832196
0.07866393815387994,0.09530451775565987,0.21513575472038082,0.6108957893700795
0.10466258832711679,0.09972502464360124,0.0009702520416891084,0.7946421349875928
0.07168122099370229,0.07167150629811937,0.7231822362534197,0.13346503645475874
0.27706803265830404,0.2491497690927444,0.26466679503399276,0.20911540321495883
0.09141544818124614,0.17560080653453414,0.0479923484188246,0.684991396865395
0.6184384178688341,0.17775098014820426,0.15659606550179922,0.04721453648116227
0.29920963423555136,0.0649255037259339,0.3126278302655085,0.3232370317730062
0.4816752787004342,0.27699618789903463,0.13960202969961133,0.10172650370092
0.5866021199937043,0.13307619454169647,0.2365107399297486,0.04381094553485046
0.00018685800785091613,0.3823047164718608,0.18927411065269056,0.42823431486759767
0.10570811748117288,0.3158554218014759,0.11010913431297338,0.4683273264043779
0.02545003128178163,0.7554538342252757,0.022630431414050182,0.19646570307889255
0.2391735843009473,0.09138300317794155,0.521617311784357,0.14782610073675406
0.31014443805557923,0.36461363328502716,0.05056327455687354,0.27467865410252
0.023273142359896203,0.4114492721178472,0.13174339332253637,0.4335341921997203
0.21462124963007545,0.6000954907880585,0.15559278644668997,0.029690473135176237
0.1335477845482539,0.27377249762127676,0.13721292952829653,0.45546678830217296
0.08481737184855478,0.04434114525046869,0.3637777732290237,0.5070637096719528
0.22791536772093487,0.2635595383838095,0.2324509155943631,0.27607417830089237
0.21915475355285594,0.009929523873265594,0.3941818738624452,0.37673384871143323
0.42297659200768606,0.12240583920019046,0.41982634653552375,0.034791222256599634
0.5124901679516491,0.040910970628543354,0.19132924381483815,0.2552696176049694
0.5417528546155789,0.08574680775836194,0.10512974507455053,0.2673705925515087
0.20428013037514522,0.06884661613955292,0.5545649069258944,0.17230834655940735
0.464319824094704,0.23884795777260476,0.17992061428961903,0.11691160384307221
0.22164891029943534,0.04730396406450606,0.022584564291415154,0.7084625613446435
0.4720735011758184,0.19223115950633,0.161871967597645,0.1738233717202065
0.3510852565183344,0.18860789650340637,0.05915156150430384,0.40115528547395546
0.3238555592608747,0.2724942033079276,0.29063823880961137,0.11301199862158623
0.11102971457331408,0.12818770976378166,0.4552211124313608,0.3055614632315436
0.015256948446284424,0.39029438194584226,0.13201841897134212,0.4624302506365313
0.10339552055551318,0.23180192476726783,0.5175189171645388,0.14728363751268028
0.4538711293350115,0.030195527638186823,0.37738109913208606,0.1385522438947157
0.13761002939284916,0.10783447329858353,0.5895824648443155,0.1649730324642516
0.20217401327139944,0.06289851797722197,0.17427143963519026,0.5606560291161883
0.14814573216815044,0.037159781441157454,0.32509379058162774,0.4896006958090643
0.07439806151980037,0.42225606179760233,0.1736201142748629,0.3297257624077343
0.03387655663287519,0.011887554068765455,0.018379356360264602,0.9358565329380947
0.07044809019823037,0.6200288698006687,0.20890988526479035,0.10061315473631062
0.07870887372909995,0.13402801379345175,0.44656424719895055,0.34069886527849774
0.5639850222735968,0.09426723392609085,0.298958617916023,0.04278912588428916
0.5424441034077793,0.20042323136940343,0.060559375057272144,0.19657329016554506
0.018900717648590706,0.13277342679078474,0.3317721523162052,0.5165537032444193
0.23882350967216537,0.15202651443087872,0.5230640669177942,0.08608590897916167
0.06381486894118227,0.6580226563323727,0.005683169840326717,0.2724793048861183
0.16209777979391674,0.1804459705759922,0.33327382478621104,0.32418242484387993
0.03945878250232892,0.6485415094468814,0.06880109444140525,0.2431986136093845
0.21796565544604904,0.5757995784180595,0.04285358311394173,0.16338118302194962
0.11913168680764386,0.05696796349818821,0.6796884258968061,0.14421192379736178
0.3666481344322572,0.13065236018047233,0.09665136444288541,0.406048140944385
0.16431812871870732,0.4252624835972361,0.016203529635099786,0.3942158580489568
0.007853502524334475,0.40134888119110784,0.14723964984560894,0.44355796643894885
0.11118322193120535,0.2970062284127876,0.15770461462875715,0.43410593502725
0.10611983126712968,0.03879752767657677,0.2549858713597532,0.6000967696965405
0.05014797801839978,0.23746496897698602,0.4631044527221698,0.24928260028244437
0.5509365935746251,0.3052058037106938,0.006818201376913987,0.13703940133776701
0.499535591144614,0.27864629335211233,0.07823087913122698,0.14358723637204662
0.0351645283792475,0.010757325415288108,0.16194866885025827,0.792129477355206
0.11101602076615037,0.1821720483622663,0.25196660239348595,0.45484532847809733
0.5816472540250998,0.009866035182904258,0.36398679947806395,0.044499911313932015
0.08165023201648718,0.023791189515226,0.2959097572430405,0.5986488212252464
0.033472227863232284,0.20481694497133318,0.3697768946939352,0.39193393247149927
0.09744332028777472,0.6229260175039667,0.1967741311918073,0.08285653101645124
0.27869735523561234,0.08514830993273406,0.597062150575193,0.039092184256460744
0.3230910821401161,0.1292001987673349,0.527457243705621,0.020251475386928196
0.42209615063979444,0.028332415171255888,0.4220487542966518,0.12752267989229796
0.49168357746884456,0.07654801067048103,0.42551265583305853,0.00625575602761592
0.30069491574026097,0.10725156267216789,0.10143284337393603,0.4906206782136352
0.0926903272862232,0.19130631974680953,0.09351765975504327,0.6224856932119239
0.008929690117842235,0.2087429628797982,0.5872969880178545,0.19503035898450513
0.07082376629641216,0.35081112464939695,0.15971874954723392,0.4186463595069568
0.20263546431570606,0.444118151911273,0.1659999063180021,0.1872464774550188
0.4795004422505578,0.1467044172877046,0.04211869528550266,0.33167644517623507
0.44299705186853955,0.008543949620880842,0.4685303603615984,0.07992863814898127
0.3679469312406353,0.22155903376143538,0.004002311252238082,0.4064917237456911
0.6612744823201805,0.09901406245258691,0.032942824517584,0.20676863070964874
0.06393828858201735,0.25223872819834414,0.20737049889984457,0.4764524843197938
0.03996550702175886,0.12147759392150231,0.5403814421628954,0.29817545689384334
0.3737808843271787,0.007460743307192768,0.3582215265672215,0.26053684579840697
0.0027810749502443803,0.4002200636749917,0.3954422084077408,0.20155665296702308
0.027353613272557323,0.2243835017113803,0.30910257737301305,0.43916030764304936
0.1477596774161417,0.5324765116503483,0.1426778149529722,0.17708599598053787
0.2880232812127923,0.4161103512291503,0.0034232697010019657,0.2924430978570554
0.6664907391404645,0.08962602817496605,0.13580170727096447,0.10808152541360488
0.0745849757570431,0.07025413323074668,0.5917154244062812,0.26344546660592894
0.181181758915144,0.5889912227286649,0.15305807984153377,0.07676893851465758
0.2759254263755828,0.25385117856287803,0.3230244698551895,0.14719892520634967
0.09011947246707791,0.28413766815911606,0.5717992361289967,0.05394362324480919
0.11592077737987232,0.4405939823582268,0.3453608311470581,0.09812440911484271
0.07822412305178739,0.10933901407888981,0.1782989587863824,0.6341379040829404
0.4341491687278676,0.023019698061929904,0.013460428872144433,0.5293707043380582
0.09549273482119884,0.4602586572311374,0.24509603526313636,0.19915257268452738
0.3979767480233499,0.022701031486695597,0.062397088034156695,0.5169251324557977
0.3631334703756199,0.5021933569354696,0.09059246164686434,0.04408071104204625
0.024114045201460654,0.13551263807583877,0.33726297033606073,0.50311034638664
0.22107943307804478,0.24533252971461864,0.51095828056839,0.022629756638946546
0.12586386025108645,0.3207942464272389,0.3190137592537378,0.23432813406793665
0.00938900637973194,0.2329823400411692,0.25076926105837954,0.5068593925207193
0.30280008931085783,0.11395050628640964,0.40389863438075824,0.1793507700219743
0.18094201306849708,0.1790493552552083,0.3975223024191389,0.24248632925715577
0.5330191674677031,0.13332676346938893,0.1379517281745693,0.19570234088833857
0.2452514128951571,0.10893500193887935,0.4344029435117881,0.2114106416541755
0.36806051935357087,0.12064644671915743,0.1335260119761203,0.37776702195115147
0.05301182110221355,0.02833584586051551,0.48681588387998226,0.43183644915728864
0.3281876408831131,0.180560034522152,0.37941383718740457,0.11183848740733018
0.07165916192581642,0.5662175381052322,0.10592794610417329,0.25619535386477815
0.1528714190140187,0.3752384650929411,0.05232984960561957,0.41956026628742066
0.5100865988506499,0.3216046910539607,0.1026590599267458,0.06564965016864356
0.4369452176301099,0.2233690692407813,0.10637751565031106,0.2333081974787977
0.004138810783458616,0.2320827192777395,0.1341293156405098,0.6296491542982922
0.07122829897284062,0.26965974947925414,0.6095635886315233,0.04954836291638208
0.3415041827674198,0.49790808707734224,0.05269499360947266,0.10789273654576521
0.2430859670110281,0.5799892433452827,0.13893262810124457,0.03799216154244455
0.11861698394808945,0.16021992114751984,0.44785938549916854,0.2733037094052223
0.34316304645254875,0.18871941837329126,0.01625777037807139,0.4518597647960887
0.3748045139697759,0.47682323480821437,0.08642828246116267,0.06194396876084711
0.2368080488755576,0.11391926569954858,0.3679188444791504,0.2813538409457434
0.2913122183823076,0.6119307450715165,0.010060787462242158,0.08669624908393395
0.10484529366531045,0.2260852702251176,0.3509814658364216,0.3180879702731502
0.2253626564063307,0.0109594206998131,0.5803575098437893,0.18332041305006677
0.2513752071907316,0.3652574828252588,0.21614551064329565,0.16722179934071377
0.48467060495238934,0.39452662818473366,0.08405395228627977,0.03674881457659729
0.0567376585772429,0.08436836956285798,0.630718928303375,0.22817504355652413
0.2942148126664664,0.008295571850916537,0.3255401890009189,0.3719494264816982
0.6172118923774882,0.1478537898434596,0.11953257086656957,0.11540174691248285
0.020513007592481217,0.435010660654027,0.005015021659501707,0.5394613100939899
0.332079139172277,0.03628063867380864,0.3127101426217029,0.3189300795322113
0.03709885474053666,0.08601536375630175,0.6963764809327087,0.1805093005704529
0.10602015058632544,0.20879998264597496,0.5801071359303344,0.10507273083736521
0.18159358441585144,0.1692774413927113,0.3311812947842893,0.3179476794071478
0.059497972907893076,0.09956434616546861,0.3420725885983427,0.4988650923282956
0.06847441737298246,0.39851226444858445,0.12452385179831627,0.4084894663801169
0.1389352806615006,0.3515225466235438,0.10996165773148088,0.3995805149834747
0.6585843597379972,0.2600611242254773,0.0005683160255180585,0.08078620001100754
0.6407129650384409,0.026061438946201977,0.2834941555955433,0.04973144041981379
0.49202281774103107,0.12478517039586912,0.2486302508054056,0.13456176105769432
0.2874846933807287,0.16898979985143875,0.1867321593145757,0.356793347453257
0.444307779064945,0.07639731798816503,0.26040596418431844,0.21888893876257162
0.44649093232715265,0.2028516620363912,0.1063935618848814,0.24426384375157478
0.09772859168459506,0.6726573260044829,0.18554601302988571,0.0440680692810363
0.1309963157309777,0.012666068678270956,0.4052592124659069,0.45107840312484443
0.4991759490179981,0.2322349408423123,0.06628712085773263,0.20230198928195686
0.4604368888165173,0.06787584297544977,0.05816989548740143,0.4135173727206316
0.09091294571469995,0.00348502946953346,0.3264723856308799,0.5791296391848867
0.21461279894814844,0.4511534030759529,0.05544522824399914,0.2787885697318996
0.05958506314775763,0.11157470254908133,0.06655682048604739,0.7622834138171136
0.09361519116937256,0.4840247638926688,0.2451133550970646,0.1772466898408939
0.3158885284843702,0.07035764398297571,0.4959355323775526,0.11781829515510142
0.20179630189877712,0.27917635527599977,0.21685952121982055,0.30216782160540256
0.497510429428504,0.314746144124287,0.0226829009834402,0.1650605254637691
0.2910370251770307,0.5425104623158372,0.15974041999771363,0.006712092509418397
0.1521637075265496,0.03012139867645074,0.08526042296374292,0.7324544708332567
0.417756156403953,0.1659947302925963,0.04483784954890112,0.3714112637545496
0.41904966649590414,0.01214085643457838,0.5539236670611235,0.01488581000839409
0.18443943528697815,0.5990353114411581,0.11797727526464073,0.09854797800722324
0.13381633120407763,0.001433750220427199,0.5992908102973666,0.2654591082781285
0.6780153481752242,0.1822390240211103,0.09089925145093523,0.048846376352730175
0.0351835999144462,0.4078454694825334,0.2019869299970414,0.35498400060597896
0.35905515721853465,0.339031375152136,0.0022033805054367827,0.2997100871238926
0.19130810753562372,0.5523575569600284,0.08408964404915294,0.1722446914551949
0.028127706026458154,0.2074660633471163,0.5622467426492613,0.2021594879771643
0.36580439998617287,0.5393100106199852,0.00370202741348581,0.09118356198035629
0.09775257405937006,0.616931261293105,0.10474188800341531,0.18057427664410955
0.199947116565375,0.4811035054883208,0.07091291686188382,0.24803646108442035
0.42173380002926075,0.24367674627426283,0.0884708510746249,0.24611860262185145
0.2659326652016547,0.1389310557807572,0.09530975598127862,0.4998265230363095
0.02331055748335914,0.3495970369252646,0.11004812524613572,0.5170442803452405
0.2166220106888345,0.08893715530930113,0.1655782468799872,0.5288625871218773
0.1012260723045199,0.7880374826449432,0.11009281322781776,0.0006436318227191495
0.10881313741301867,0.5964739226427587,0.2902288294267304,0.004484110517492379
0.13720552943435918,0.49255808565943415,0.23486233039516569,0.1353740545110411
0.1624453623151853,0.03075416043230047,0.10058143819893187,0.7062190390535823
0.3886408578020527,0.4188359415106869,0.16906652039070863,0.02345668029655175
0.38655350901978075,0.1250462822499453,0.3559493405953234,0.13245086813495055
0.13477794496175846,0.24170789627833147,0.07058745614508347,0.5529267026148267
0.3207084981945754,0.1660456995383043,0.005443947933855674,0.5078018543332645
0.028203342930336665,0.28007612204514576,0.6888362212710666,0.0028843137534510146
0.21471636110233758,0.3147378994443044,0.014276714849816187,0.4562690246035418
0.04863302095621391,0.30722249379459426,0.1402581970695507,0.5038862881796411
0.17078958147040468,0.04626270820101783,0.2760109984555698,0.5069367118730077
0.01991639261655378,0.7322604344110357,0.025171179576943207,0.22265199339546723
0.028160646437300006,0.35687025307232967,0.1800245556887294,0.43494454480164096
0.09439550733638553,0.3121193355567219,0.4010375708271887,0.19244758627970374
0.2410596927406594,0.025103492779683857,0.048586482441229366,0.6852503320384274
0.00851833802790281,0.24499904204781847,0.579925998560247,0.16655662136403182
0.28082031583922656,0.21557039271496148,0.4029571263860492,0.10065216505976263
0.13694703801255118,0.26247723762430064,0.15875827600618306,0.4418174483569651
0.758561813303115,0.060473449398952744,0.023897062029809263,0.15706767526812307
0.2184867934916122,0.0002893350079331745,0.6061698120966866,0.17505405940376786
0.2913496773389988,0.3976600616151956,0.16384202719671584,0.14714823384908973
0.4799179110178679,0.2453769761981438,0.10841830814497842,0.16628680463900983
0.44423885236065613,0.0035859759290646116,0.36744287047824215,0.18473230123203724
0.6697891463722672,0.22252616394321598,0.05696411290554535,0.050720576778971675
0.04982829071429466,0.573724849690533,0.3662228258258279,0.01022403376934434
0.8319307463066382,0.024180679320502583,0.08539749795914028,0.058491076413718965
0.227561321086556,0.23676251977280846,0.37240360420368174,0.16327255493695386
0.18172556567726678,0.14278017306315877,0.4720575535482788,0.20343670771129568
0.04380513538142571,0.11002524471273825,0.028175241024832695,0.8179943788810035
0.17351061170715237,0.4813656560556313,0.12440751906051241,0.22071621317670392
0.12919628262254498,0.45379472098882534,0.31050842308490384,0.1065005733037258
0.3992122262706503,0.22362155159776784,0.0398415889686665,0.3373246331629152
0.004794945898276391,0.026794083437588562,0.855939038699539,0.11247193196459601
0.5274702510485577,0.07768391736654731,0.27205000671838886,0.122795824866506
0.17559476328361426,0.7790142681581325,0.0019859325481569588,0.043405036010096515
0.20147047092868894,0.7081704653485384,0.020676733217569864,0.06968233050520274
0.038156392666396165,0.2785284900380249,0.02950410678845268,0.6538110105071262
0.008249347311125282,0.36622794898846056,0.293316998513537,0.3322057051868773
0.5191709045605568,0.01036607624611734,0.21032344394237573,0.26013957525095005
0.04735745959334604,0.016212624724645568,0.44548259623179914,0.4909473194502092
0.06893711398743138,0.1372873682857699,0.4203316813516058,0.37344383637519296
0.41142691343800575,0.014433180396563173,0.4123509266140919,0.16178897955133917
0.05795743832910494,0.050443167263121765,0.24019146714451356,0.6514079272632598
0.5893663132408812,0.19162266667173256,0.0336784664436753,0.18533255364371098
0.19719508058643148,0.43852900554998075,0.27829290420942404,0.08598300965416376
0.04762363784906798,0.20165001787170253,0.13669052146688668,0.6140358228123428
0.15051911139181995,0.00041098701662709486,0.13642754681867458,0.7126423547728783
0.23316862913859043,0.2498019513769416,0.29173769572761493,0.2252917237568529
0.3041245548112894,0.09792711387365537,0.45448658198269826,0.14346174933235695
0.0549908052867452,0.2750537416843063,0.23876990601788411,0.4311855470110645
0.13240832141279618,0.3138973653957178,0.18520962635575292,0.36848468683573316
0.40115941891078816,0.4305442781119518,0.16343764455515733,0.004858658422102834
0.036604481920223836,0.5564815856596576,0.31627205209820175,0.09064188032191668
0.22146768622918242,0.189211850621639,0.10798928911441809,0.4813311740347604
0.2937295412841236,0.2925114966050646,0.21736671739127106,0.1963922447195406
0.08066750606697744,0.031622112716015185,0.15257681855606137,0.7351335626609461
0.1883488390820797,0.06263532560161346,0.20166870205319054,0.5473471332631161
0.1957121081070314,0.10774983949325502,0.053220715150924636,0.6433173372487889
0.3478170995702902,0.5515714486500946,0.030720474640527122,0.0698909771390881
0.14857972955798343,0.15533464778328515,0.17274299259822024,0.5233426300605112
0.2230400868860225,0.3448567878514999,0.10311961914220155,0.3289835061202759
0.14399088130897322,0.22742295622281558,0.3350626527790253,0.2935235096891859
0.15188907331379348,0.5233034584928636,0.2452657276799304,0.07954174051341234
0.2762107383488551,0.22361891876250065,0.1907248643468673,0.30944547854177695
0.1283570850542716,0.21647935318669484,0.5270154065867769,0.12814815517225658
0.1207880573347259,0.2660778813602585,0.6130689896957865,6.507160922907772e-05
0.5252472274916482,0.20860843595295067,0.19102900074153092,0.07511533581387014
0.32689697240157023,0.0954050363216936,0.37980662841774776,0.1978913628589885
0.16332685624335214,0.33464015705357986,0.4169642038201144,0.0850687828829536
0.21532135898618682,0.34041739205564164,0.031545793624266565,0.4127154553339048
0.3231777778272038,0.6318294061070191,0.044074443631847246,0.0009183724339299048
0.3019502018773055,0.1484937521872843,0.1540053084026979,0.3955507375327124
0.48042234386309035,0.4230180254616643,0.08805806301013015,0.00850156766511516
0.3728256643536672,0.46247999913894056,0.025846477738671624,0.13884785876872066
0.2804812645790036,0.040284037807103254,0.2474565355382276,0.4317781620756657
0.906927569452153,0.06147704549960842,0.030281042766196416,0.0013143422820420065
0.46164319655168723,0.42536459895278755,0.002041851884629674,0.11095035261089543
0.2915873308962368,0.4548092692427746,0.09944389210581521,0.1541595077551734
0.24017822608571557,0.09910797644458398,0.18766095318904719,0.47305284428065325
0.43089616809080994,0.42691106459505584,0.04884651096416194,0.0933462563499724
0.043424091388682515,0.011899822078259095,0.29357195621276094,0.6511041303202976
0.06993630749627022,0.02331232173874149,0.5405549400452746,0.36619643071971364
0.22613104879115556,0.3423857852372698,0.17361929001644597,0.2578638759551286
0.39300268892859,0.40354817994758063,0.03887619645995934,0.16457293466387
0.5564447714282038,0.11259673997465403,0.1372601499831994,0.19369833861394273
0.20369700090007428,0.3930386958642127,0.11473501350716242,0.2885292897285507
0.04665846741520419,0.10252475151554791,0.5370157134049005,0.3138010676643474
0.1122165576783509,0.3969685589973364,0.43792648677160495,0.052888396552707675
0.7139485203168181,0.1790120894049852,8.551208639734263e-05,0.10695387819179947
0.3110106388329441,0.34390338440802354,0.1386311941567667,0.20645478260226563
0.09579545312349153,0.2867788609279902,0.20392577355539732,0.41349991239312095
0.3437842799293321,0.39846046164959464,0.20224786016039864,0.055507398260674516
0.14571145936967597,0.48831525481710797,0.18728208745646305,0.17869119835675296
0.10646506992291009,0.1639082558810076,0.2313955559021448,0.4982311182939374
0.3863148142837383,0.28657397024070297,0.0677375934830255,0.25937362199253317
0.45111010711167254,0.407398981569731,0.0009512779613514412,0.140539633357245
0.08842398573253424,0.3048887851078443,0.5152365956501891,0.09145063350943242
0.7067248882735627,0.2612128724143026,0.028685629922304952,0.0033766093898295645
0.8268120152074526,0.03906177631060713,0.018333855694016726,0.11579235278792344
0.41514661832118643,0.10857905775074482,0.42393440833733526,0.052339915590733456
0.13271596231457883,0.2268825671127607,0.472304724332288,0.16809674624037257
0.4155253979015414,0.13094012181400674,0.21142784839904472,0.24210663188540724
0.10751052696115426,0.19486621402174706,0.6549591743479211,0.04266408466917749
0.010316680289331285,0.2628508678703856,0.25979963977636733,0.4670328120639158
0.2568210045390676,0.008142760927205265,0.6291986892056506,0.10583754532807642
0.4937890306278414,0.021447766533211527,0.16584860327319192,0.31891459956575513
0.0716422327515977,0.7406874114011832,0.015001055002861486,0.1726693008443576
0.0672932655399273,0.20855282899544728,0.5440891558574893,0.18006474960713606
0.25054931187881274,0.21129328423271662,0.36882952483709475,0.1693278790513759
0.47735626615237575,0.13543410496596162,0.14793112736743866,0.23927850151422395
0.17173412158423976,0.27932849746798555,0.1544406780768231,0.3944967028709516
0.22726881323208561,0.20217992720358446,0.4892019237261961,0.08134933583813378
0.046805785078986514,0.4955231158872026,0.0910566591241029,0.3666144399097079
0.023265053890898054,0.7152934166502907,0.04526742306554095,0.21617410639327037
0.05249054387596949,0.2455826556935588,0.2615494738243405,0.4403773266061311
0.49732520390897306,0.2147511368407188,0.2312767432247022,0.0566469160256059
0.12847199253701003,0.46676240909232625,0.10242853064668785,0.3023370677239758
0.19900287228972424,0.13058250965409218,0.457215725785671,0.2131988922705127
0.4468969865611732,0.19346578700825187,0.1587729692121215,0.20086425721845344
0.15657114867760963,0.27904079065407766,0.017454948095170744,0.546933112573142
0.44761987932803116,0.030632754657460327,0.1341801069813108,0.38756725903319755
0.11111837677584331,0.22202607223791243,0.20685570543165963,0.4599998455545846
0.11272844187710507,0.19105993875722863,0.5640072393375064,0.13220438002815996
0.046761105709388226,0.2738836150238474,0.03609899288074897,0.6432562863860153
0.38536571822890703,0.020626663385296114,0.03173310749403076,0.5622745108917662
0.3772454128547346,0.07157024814312143,0.01849630658414356,0.5326880324180003
0.21236904772233806,0.5357340355348932,0.10843492758977451,0.14346198915299413
0.5707949699940392,0.16391670560084973,0.23527389729244488,0.030014427112666053
0.08002556824793369,0.2722877359849745,0.5309504765835376,0.11673621918355415
0.6772660460290464,0.06300820989076468,0.11623747743704417,0.14348826664314468
0.08315511299653384,0.2754087004807498,0.209636382630279,0.4317998038924374
0.03173962064670614,0.0803025661549699,0.6375396771441826,0.25041813605414137
0.4514784580892051,0.0626566353209919,0.1225324807569323,0.36333242583287073
0.1736643751269837,0.695284378688031,0.05158766053123849,0.07946358565374677
0.6184679912466648,0.08693569647973917,0.260951545109863,0.03364476716373305
0.32639878513110315,0.513280439916732,0.11929659943232555,0.041024175519839196
0.4438718094507488,0.279267297234482,0.006776186328153002,0.27008470698661613
0.6116438429980121,0.05420002386245778,0.10952072098473008,0.22463541215480004
0.31351945017532246,0.4337443525575177,0.12480628564175993,0.1279299116253999
0.5015889491332932,0.018475030715902053,0.444797966355069,0.035138053795735806
0.16561268749471025,0.22132737855254545,0.10238213877300704,0.5106777951797373
0.22755803119649518,0.09737854898959235,0.2905338844293651,0.38452953538454726
0.265216200675677,0.40090969011138045,0.03298129619689413,0.30089281301604853
0.24260755486197805,0.08163371678618193,0.38572122024116146,0.2900375081106786
0.1636687169830432,0.19846754721919252,0.2647513892476058,0.37311234655015846
0.020858387526088262,0.5661660388616004,0.2784965817230335,0.13447899188927795
0.18245241475680632,0.2674002911076761,0.30941849968146673,0.24072879445405096
0.1148206428450201,0.25089074400184946,0.14623241244595622,0.48805620070717426
0.09602595131768801,0.1611811561264807,0.5855578262303651,0.15723506632546608
0.3287452020712771,0.087515770183085,0.2895898121284945,0.29414921561714347
0.2907130817833586,0.30878328434984914,0.1461055065668374,0.25439812729995476
0.005710719436995775,0.8498815187915496,0.1312912006161207,0.013116561155333833
0.19305637985202478,0.7154526567201805,0.05463882260725276,0.036852140820541925
0.06714410081487324,0.5039441639276596,0.410129289462998,0.018782445794469152
0.42833309801183767,0.22334879148796527,0.046314342619142926,0.30200376788105415
0.3279465366431514,0.3520157876382952,0.1585413903926821,0.16149628532587124
0.13769598864185295,0.15562640818954432,0.36194738992446207,0.3447302132441406
0.348527034219708,0.2526200750179252,0.37386693760037515,0.024985953161991738
0.18232990335226268,0.20594546969151173,0.13987731684634794,0.4718473101098778
0.013826427468559744,0.19726025493903368,0.3532908068167625,0.43562251077564396
0.9304201988457347,0.009841897819863915,0.045987794587474776,0.013750108746926788
0.03554312845480516,0.25363427781725045,0.6101337700932653,0.10068882363467928
0.29640261539729895,0.41621986682969897,0.25702145088634687,0.030356066886655136
0.1680400929357412,0.1567650860584499,0.3983799950407191,0.2768148259650899
0.04418140904859009,0.04803794504348977,0.2969921221556544,0.6107885237522657
0.009218736142308843,0.4931639980252614,0.020550035084347523,0.4770672307480824
0.15031487772006216,0.291039953715758,0.1422565080176681,0.4163886605465117
0.4187448609075675,0.24975517554035628,0.13159281753143626,0.19990714602064003
0.469383327530426,0.14729877009465828,0.20405272899866078,0.179265173376255
0.028379612356763534,0.5296949900331838,0.40513871976065796,0.036786677849394704
0.211411419411752,0.11514887077550487,0.38767807035529034,0.28576163945745287
0.1810306768766797,0.031615802527441214,0.10503796127343874,0.6823155593224404
0.13576574884397127,0.253613951564791,0.36603032100972127,0.2445899785815164
0.0759922194737554,0.3842043001524983,0.27269749801960547,0.2671059823541408
0.13882442674237236,0.21249950118906505,0.0796252630324314,0.5690508090361311
0.17036280191677425,0.12500872141391114,0.40266907071656916,0.3019594059527454
0.03213955035468627,0.17407672456898873,0.34779970549498135,0.44598401958134365
0.13720182759051633,0.3559441909367937,0.07103687315430524,0.43581710831838466
0.021990109304887213,0.09227979776243528,0.5383710306333054,0.34735906229937197
0.38802359700097155,0.34721567146087784,0.04479464288775777,0.21996608865039288
0.14495033704285776,0.19990582781309896,0.11543566513503424,0.5397081700090091
0.34063696203966604,0.14461233891841013,0.10552868994234915,0.40922200909957474
0.26498256015151,0.25869149823328097,0.2511353580162084,0.22519058359900068
0.3478441054589999,0.0734296305682307,0.3789121475028109,0.19981411646995859
0.1616553139449432,0.12644323349813694,0.13200335519814055,0.5798980973587793
0.03761920178162416,0.27246878163949334,0.08215717828514861,0.6077548382937338
0.1142464213294831,0.02908086260354799,0.30531613260291823,0.5513565834640506
0.6222653588460658,0.27227161731752614,0.02553144959475922,0.07993157424164866
0.2969132607840934,0.546131692764692,0.022279822510834275,0.1346752239403805
0.25320064916403057,0.032064798558121985,0.12179406879696475,0.5929404834808826
0.31365918494427053,0.4440758782846173,0.15633706466951391,0.08592787210159818
0.29610922879690976,0.19110825951688948,0.22680268622429633,0.2859798254619043
0.6296788646250131,0.1781629995591998,0.0415848825115599,0.15057325330422722
0.09601412849677808,0.6353570729640384,0.268272660028447,0.0003561385107367007
0.22437109957914161,0.37276458365294807,0.11144910279174729,0.2914152139761629
0.05633094406262523,0.14211896582196115,0.23751625048771527,0.5640338396276983
0.3015107470931881,0.3348595298291508,0.3372144140221545,0.026415309055506382
0.3571941920037823,0.5851684271852076,0.014147129136450028,0.04349025167456003
0.3526270823056985,0.1667503302929727,0.16372020769326417,0.31690237970806456
0.12593154634466908,0.5879704807084231,0.1346969059545251,0.15140106699238257
0.1029988745135036,0.5029401612962339,0.31973057557521434,0.07433038861504818
0.24035045260882182,0.29653286387083716,0.42782389087977163,0.035292792640569504
0.30301913459705404,0.24283843737850577,0.09321232950308554,0.3609300985213546
0.3356162047725708,0.1906663109750695,0.3675427213508464,0.10617476290151318
0.5531685705524555,0.042951147890754764,0.16984165307464658,0.23403862848214319
0.4058640471713225,0.16603268469249585,0.3807551356792312,0.047348132456950257
0.10977873892240575,0.13104810832925687,0.7075375097998429,0.05163564294849466
0.29297593512826864,0.19034407328433736,0.4922550359723317,0.024424955615062176
0.10895330236213575,0.16327477429102039,0.11488810023064394,0.6128838231161998
0.3935755487657665,0.011967593521411668,0.30475148425413995,0.2897053734586818
0.14088183557600722,0.011798044866400776,0.5814539676553988,0.26586615190219315
0.09530976865807622,0.5342092790618029,0.1733532820805373,0.19712767019958352
0.6207054283552847,0.13344785676983256,0.12201379001040526,0.12383292486447743
0.12195149340165036,0.5856148689366039,0.014037971595354123,0.2783956660663917
0.11093146997964404,0.3505106635228506,0.5035029665707079,0.0350548999267974
0.8038843419169556,0.10274200614108894,0.0417398352900209,0.051633816651934686
0.03826769383348763,0.055035737368586184,0.1179010142172213,0.7887955545807048
0.23022052507444696,0.051519364147246054,0.08756239507675742,0.6306977157015496
0.3767145875671157,0.02396326168552264,0.2513611970216819,0.3479609537256797
0.3131377863989042,0.32722774882274125,0.046184523255219496,0.31344994152313504
0.6254907545462464,0.11922523304656492,0.16742181237982373,0.08786220002736485
0.035486720003988795,0.5118603449262655,0.41585152054355345,0.0368014145261922
0.24839866131481514,0.5246143297612359,0.21721241121870438,0.009774597705244593
0.5232668013387183,0.3451350749711927,0.05284272398984449,0.07875539970024438
0.6431930541334301,0.14635445933402572,0.17025166571602265,0.04020082081652159
0.48051212233341917,0.15931506544620017,0.2004476278093702,0.15972518441101036
0.00561063398171328,0.44508805216837327,0.3718522311515545,0.17744908269835874
0.30861452687807345,0.30446913915192886,0.12250543561514146,0.264410898354856
0.2027576907513502,0.5742543874521315,0.023147061452801022,0.19984086034371734
0.7515131316406627,0.06024945536449911,0.13231456375718456,0.05592284923765367
0.45871279261377185,0.3276828495379669,0.140526122196162,0.07307823565209934
0.14525400236683816,0.2153648254892825,0.1858381525455691,0.4535430195983102
0.5551113099007016,0.04902740818103617,0.28226497196140293,0.11359630995685925
0.009846479302697674,0.08200387054354724,0.6392474445336431,0.26890220562011197
0.18344168624802643,0.07170381113163016,0.0005594634527458456,0.7442950391675975
0.5575311263740915,0.24825718173347955,0.015730224661191262,0.17848146723123767
0.021152489638874106,0.7695407851153758,0.0857581599437646,0.12354856530198531
0.3304725058465964,0.0739464514181537,0.24219034368603992,0.35339069904921006
0.45143207030894733,0.2038859996178648,0.27377009411997133,0.0709118359532166
0.3715084427979318,0.10641931440020236,0.15947442857118652,0.3625978142306794
0.5536464989722263,0.01512694065863043,0.043252916867345975,0.38797364350179725
0.33132678639990765,0.0380789537775293,0.6173233994547325,0.013270860367830534
0.3294250713360995,0.3921622015157672,0.04865040720182919,0.22976231994630403
0.6235031465830686,0.09110101309598416,0.10122069785787623,0.184175142463071
0.5764401532427266,0.2140321113565717,0.07337867094767708,0.13614906445302458
0.056861061100542176,0.07931237279459653,0.08663676746947714,0.7771897986353842
0.8134821707139548,0.0864252453297821,0.049162869822369414,0.05092971413389368
0.3882235213910292,0.008116327014733258,0.1673670612119144,0.4362930903823231
0.023115430761259426,0.013610940030685715,0.8609571305552184,0.10231649865283665
0.3575682570993584,0.45448927731108985,0.11144763023904596,0.07649483535050584
0.5002560255857154,0.0018773386522582928,0.14258180724292457,0.35528482851910187
0.14602181431147707,0.4038449275123026,0.2688537063724273,0.181279551803793
0.49833307282435646,0.25790659563429763,0.2262849743417484,0.017475357199597478
0.16623460378298113,0.18188800311203787,0.17820314286903077,0.4736742502359503
0.2976772071254343,0.4020562203341274,0.2191111525504003,0.08115541999003792
0.016829909046468472,0.8648424228844914,0.028297462198343788,0.09003020587069625
0.42129156413066277,0.14701736564211115,0.15492259927966,0.2767684709475662
0.31541489735572426,0.04180324110767335,0.036798769427933906,0.6059830921086684
0.23335496501507463,0.3166059455390315,0.0970316206762133,0.35300746876968064
0.22865522880946165,0.5278926667989531,0.0819657838990368,0.1614863204925485
0.26353032613862976,0.03815034012949657,0.5472742905447315,0.15104504318714218
0.12376540309844322,0.31340355099220113,0.5445544600258311,0.01827658588352464
0.4381633384722101,0.09541287518967045,0.4076915751791863,0.05873221115893317
0.2741499854478132,0.08993961937684614,0.31692522208332,0.3189851730920206
0.1258004635373172,0.07670486439267461,0.032569103506521084,0.7649255685634871
0.1087441591499219,0.3826094294958957,0.303194662160521,0.20545174919366138
0.16459421646277425,0.3625251380915662,0.23031677295897907,0.24256387248668057
0.16115965446026342,0.029687539476554045,0.46112939011273985,0.34802341595044267
0.4507416935762794,0.23065364023121884,0.2700748291602119,0.04852983703228977
0.029286497825280828,0.421016625622269,0.4321755414501761,0.11752133510227411
0.4270876131900583,0.5129397969582702,0.0335368222290067,0.02643576762266478
0.19744973645400346,0.4951486471386765,0.23781868416454374,0.06958293224277633
0.04226168658986114,0.34816522313314335,0.4611363255325971,0.14843676474439849
0.18869827825997637,0.034229268849870986,0.7009687382283181,0.0761037146618345
0.23910917567722606,0.007110222291084832,0.7428555753300851,0.010925026701604047
0.2143469261766517,0.5120995522211254,0.1695232258541322,0.1040302957480908
0.37466725560605724,0.0428041242677193,0.4596111272503949,0.12291749287582852
0.2585501705849907,0.0004823100917562682,0.21504927597581724,0.5259182433474358
0.4708115758472773,0.20635718391533164,0.016908593257352268,0.3059226469800388
0.1515777899440077,0.6136483864689928,0.027896089914640803,0.20687773367235887
0.22936487412974807,0.03431109096487271,0.07058097962651988,0.6657430552788594
0.2473219859929762,0.3089933511683172,0.3593355383349176,0.08434912450378894
0.2624974660717193,0.3767631986586064,0.3040261665631679,0.05671316870650641
0.41373578495838903,0.030742756460262276,0.5239592835859174,0.03156217499543134
0.38309215576206995,0.38039744325507996,0.0874862307170643,0.14902417026578585
0.13970993635208073,0.5605791964911545,0.2557479659818155,0.04396290117494913
0.38871748991806754,0.3737766797640573,0.09925658449063103,0.13824924582724415
0.5141667455215801,0.06489038732820823,0.00201538848645379,0.41892747866375785
0.8205894755311162,0.04631958142222046,0.06473726945191839,0.06835367359474526
0.09858471262592317,0.06693803374954356,0.6582507443213742,0.1762265093031591
0.03514065683678592,0.8593226744448079,0.08278417845437847,0.02275249026402767
0.21351053738613188,0.12689064986689608,0.4867023928915827,0.1728964198553893
0.1721073820045546,0.6781195569230849,0.01230001195763278,0.1374730491147277
0.3789311856890077,0.3775065139273066,0.10836947021388842,0.13519283016979736
0.055079415715400946,0.30393026039187787,0.36232139589257806,0.2786689280001431
0.09211201753251748,0.11127182238127527,0.40384447542558805,0.3927716846606191
0.08758967932231414,0.5411782973782872,0.24466966322922973,0.126562360070169
0.07257829962569405,0.061964466583197216,0.001722302504916829,0.8637349312861919
0.34697222436823405,0.2844302532001751,0.0792630115272255,0.28933451090436557
0.1282686531502137,0.3877239501274629,0.4152625387955941,0.06874485792672926
0.013701212371359697,0.40904489036740577,0.27861898500874865,0.2986349122524859
0.24822851019246006,0.21776633050904096,0.16648457714259254,0.36752058215590633
0.24071042291843653,0.20845332538954428,0.11723094245176023,0.4336053092402589
0.1502798482151166,0.6519544766751226,0.0651340593077156,0.1326316158020452
0.10062925853183158,0.4998031059878775,0.024226677803240768,0.37534095767705017
0.1757128801408539,0.23743753353843425,0.4479694517129293,0.13888013460778267
0.5029981716086712,0.3667443173890846,0.09446334877130626,0.03579416223093789
0.12128206151130014,0.48938062446552777,0.23459845115654757,0.15473886286662442
0.2843972405178372,0.07475361873757509,0.14870095105416498,0.4921481896904228
0.07521811437785374,0.37850570701518743,0.507769595235355,0.03850658337160382
0.03450134084496254,0.17638239974750433,0.3748307129742583,0.4142855464332748
0.2069202530763966,0.4192408885300734,0.23777217385954116,0.1360666845339889
0.5493958070152091,0.213397718870505,0.06703219711763468,0.17017427699665116
0.6850825160392007,0.04540584520808353,0.20108172470579783,0.06842991404691805
0.3591846606141732,0.4100084665380243,0.015887741524529667,0.2149191313232728
0.20262678477188906,0.10882021651548733,0.07014262282667535,0.6184103758859483
0.1045321192832515,0.36055506774815405,0.48373496635891217,0.05117784660968224
0.025481530640249567,0.4366000902679986,0.42071512329980226,0.11720325579194953
0.4424799820135771,0.06801105852422178,0.1931044433846178,0.2964045160775834
0.060912592370996554,0.09818268155820513,0.18273400842080972,0.6581707176499886
0.0013440954167057287,0.298447516829314,0.08440249066511352,0.6158058970888668
0.5551392993921985,0.2388604381258139,0.19284014378172876,0.01316011870025879
0.12933152011896473,0.234360560672372,0.21743834249073654,0.41886957671792685
0.2330607414425262,0.12377234780498443,0.4027883802562938,0.24037853049619545
0.21683114541908521,0.3494272164527113,0.34313673759330915,0.0906049005348944
0.3071960138417141,0.26976602559319546,0.3929923261964595,0.030045634368630947
0.08245255984543785,0.4378724365912682,0.1274715629564177,0.3522034406068762
0.026751789600849514,0.24008009887156756,0.008643149352937364,0.7245249621746456
0.07601621659567162,0.49735953695244833,0.10816891777151044,0.3184553286803696
0.2313186373293702,0.3367811789117045,0.019061781254635556,0.41283840250428966
0.07896335544182119,0.14149074256727484,0.7250887823743482,0.05445711961655582
0.02486259590861304,0.26035971647066586,0.26780559258432846,0.4469720950363925
0.48848323980708935,0.28595486921397306,0.20306815421811783,0.022493736760819682
0.12246291415536999,0.4274722198462877,0.2398585933772496,0.21020627262109282
0.32159087487690535,0.12635205435237792,0.2103927890892644,0.34166428168145224
0.5291302608921004,0.22651553158815566,0.1771364738706061,0.06721773364913794
0.4593035119672466,0.11374552064948547,0.07511789368199369,0.3518330737012742
0.3019309101155226,0.2097233114871641,0.01435258623607612,0.4739931921612373
0.14450777794990655,0.009433302656939938,0.5065377465377299,0.3395211728554235
0.42232380292734806,0.43779924726046743,0.060218982112043046,0.07965796770014126
0.3378976605805284,0.29003507114409305,0.2321193949524682,0.1399478733229103
0.12353017933547607,0.06688344529951488,0.26512571023668774,0.5444606651283214
0.055490134748718674,0.36204247067406736,0.2557994481848015,0.3266679463924124
0.09999213644692236,0.08016918499202796,0.36427245714107354,0.45556622141997616
0.20497798409128484,0.2826433310894082,0.20433086787095944,0.3080478169483474
0.5222306571382209,0.032232886856808196,0.3989916338413028,0.04654482216366812
0.017088000068075614,0.4309338052962121,0.242526427548807,0.3094517670869052
0.40299976058607173,0.2303576739697382,0.2373381516486261,0.12930441379556393
0.13328994704504032,0.6556040080250332,0.007143061308092972,0.20396298362183357
0.5945927798492943,0.35548928063695484,0.018529061126820717,0.03138887838693001
0.016963451218865645,0.912365416446628,0.027468404127634807,0.04320272820687164
0.4453052497236512,0.078108287304903,0.37082912970963133,0.10575733326181434
0.04197162683293273,0.3675258431606783,0.059987641781751935,0.530514888224637
0.0017575506171296838,0.049047230892907794,0.9114093932003837,0.03778582528957896
0.3046545855925438,0.3187412718526109,0.11048775295507128,0.266116389599774
0.27859836484279615,0.3769789194430327,0.09664340272280791,0.2477793129913631
0.056667108943311645,0.20421922141238397,0.4051804800627301,0.3339331895815743
0.16580834978677747,0.015677568969384003,0.41903839760432254,0.3994756836395159
0.19502655553152165,0.0037036895998900734,0.38737140973941203,0.4138983451291763
0.20077702027591277,0.0910854113436117,0.32871807638222883,0.37941949199824665
0.4877155019695169,0.07063748566287446,0.24514572312127536,0.19650128924633326
0.24184273708539253,0.19627487285801645,0.03122644941709633,0.5306559406394946
0.5978312248337777,0.03812894259097535,0.018517275283553205,0.3455225572916937
0.1338712124982764,0.806684162158975,0.050905406076838286,0.008539219265910334
0.4025009536980992,0.03168260077934641,0.5287933403172289,0.03702310520532538
0.543365195289743,0.156841704100227,0.21792974682491145,0.08186335378511853
0.6385495551125286,0.1321028350426628,0.05284013323733219,0.17650747660747648
0.616839445994964,0.29070000022108183,0.0009356475722770289,0.09152490621167733
0.03307087584379981,0.8786004450623356,0.07518404195643555,0.013144637137429112
0.5086940579706132,0.05526135863574081,0.1453022456665192,0.2907423377271269
0.18185715261241095,0.10166222577180821,0.6715878249319363,0.04489279668384461
0.09721465155716895,0.2384138717040763,0.6411308261344748,0.023240650604279968
0.22734695778470634,0.620920253241065,0.1473450167421301,0.004387772232098444
0.33120421401819433,0.28294176516214586,0.269072209443392,0.11678181137626782
0.28958895571009596,0.19503942609901373,0.16441813686483794,0.35095348132605236
0.07061242633262026,0.4236684719502981,0.11680702827368246,0.3889120734433993
0.43006527913659465,0.06876726616052792,0.4962335746102705,0.004933880092606988
0.5362908657261929,0.07550360261670797,0.22606313601459369,0.16214239564250563
0.31821339171935487,0.04844076356004607,0.21187973177887187,0.4214661129417272
0.42601022454487836,0.20258665568911707,0.31209943357713676,0.05930368618886776
0.13868572236882834,0.09237069776006329,0.3264460136326002,0.44249756623850833
0.196672071215909,0.09009364410966678,0.16187859043028183,0.5513556942441424
0.03719674905856704,0.6090169534508925,0.059606141883477,0.29418015560706356
0.4392623775018939,0.2431410599079693,0.174514519639279,0.14308204295085772
0.39795221086180743,0.19620269885489486,0.3675980200887716,0.03824707019452604
0.2708361464539725,0.23149702571706982,0.19337786006850813,0.30428896776044956
0.19945543808682384,0.38276627621463005,0.1858171421509176,0.23196114354762837
0.23106228139079327,0.12196439288536248,0.5127549037762748,0.13421842194756956
0.035495437337240955,0.5657448932310939,0.05694843082250922,0.34181123860915585
0.3422209772653248,0.0726932854445175,0.006543982777011564,0.5785417545131462
0.22830913791937923,0.00196708736197476,0.09732319511816219,0.6724005796004838
0.053861243676747626,0.1421733183009424,0.7032483339951442,0.10071710402716573
0.505734258107355,0.37497551629295045,0.07975206031662146,0.03953816528307305
0.15415916746244368,0.2582948077462268,0.5203709624033931,0.06717506238793662
0.14348572067428342,0.40849766531463705,0.35911982623410005,0.08889678777697953
0.13719245815055217,0.06382177851402991,0.5597145484485431,0.2392712148868747
0.2607902164020178,0.1364232439819913,0.5713374123785981,0.03144912723739262
0.21034143460055857,0.12915480065880355,0.2678713047008483,0.3926324600397895
0.1687815286530789,0.38540040231061035,0.24017786747924896,0.20564020155706184
0.04787858485804927,0.21289664105998493,0.5411889546295519,0.1980358194524139
0.23414536286434615,0.31289732257778075,0.14298682127882792,0.3099704932790451
0.5734279264629432,0.25819174932764644,0.12652317371261532,0.04185715049679494
0.7895288399546209,0.1383189138275296,0.02181195438784742,0.050340291830001944
0.33269765886216524,0.039808194343707054,0.27155942445093434,0.3559347223431934
0.06333733504896193,0.14606032196776664,0.32905735907521955,0.461544983908052
0.03193675048714092,0.1280802270143012,0.4020397634327029,0.43794325906585485
0.09365694964701766,0.3056612354739756,0.5514594709178816,0.049222343961125056
0.08555027004206808,0.16093875910116498,0.12802515985095722,0.6254858110058096
0.5315597915253836,0.005461062865082348,0.2008653517827572,0.26211379382677685
0.12103681578104093,0.2055318769202852,0.17054168007400164,0.5028896272246722
0.18608696432633937,0.06730485294093226,0.6993070661943899,0.047301116538338385
0.05946138972016288,0.3355611331185515,0.44720279314562,0.15777468401566577
0.4468909642366227,0.10860364666124955,0.41086974636972917,0.03363564273239864
0.07221383134578399,0.7005598156607161,0.06304131909945077,0.1641850338940491
0.4854435067892463,0.08440160451618886,0.12443170035920859,0.3057231883353562
0.7716943895427211,0.1309243445813785,0.0890344839174126,0.008346781958487832
0.2594971299179831,0.31948229747221935,0.2833623542930501,0.13765821831674746
0.010749048338868026,0.4129982515959764,0.5177615941315579,0.0584911059335977
0.30956904665788254,0.2539196436417854,0.1641038849561592,0.2724074247441728
0.12361480961496049,0.16349226968464942,0.346256312991516,0.36663660770887413
0.19288774156295432,0.12632545031171757,0.035518988748610716,0.6452678193767173
0.5499130532176503,0.06165768182537295,0.17603461020502773,0.2123946547519491
0.43642060291619983,0.46013831591113047,0.06031971869499243,0.04312136247767708
0.21350934975959748,0.00481667701271269,0.721014965851526,0.06065900737616389
0.33358658485073045,0.094491753902953,0.4191479280673876,0.1527737331789291
0.18508134559062028,0.5842922232438527,0.18240708916030604,0.048219342005221
0.01063049458621792,0.2701207169480265,0.4267130610337595,0.2925357274319961
0.2792645265494771,0.04032472911328451,0.08980729097510284,0.5906034533621355
0.3760001889004955,0.09356941575829374,0.4759610646184334,0.05446933072277735
0.03213920865148062,0.44060587388785993,0.4211260073371921,0.10612891012346752
0.16849011769099276,0.6192331881815573,0.18706163906110465,0.025215055066345242
0.026963045340587962,0.44636823267692705,0.25420489364849236,0.27246382833399246
0.04437895080497573,0.3217842072930772,0.5640169882673407,0.06981985363460635
0.2766300797617391,0.5451198074284911,0.07900001839635759,0.09925009441341237
0.18853763569432452,0.6957779527107923,0.08253900742234349,0.03314540417253963
0.35580150888212125,0.10863957841763963,0.45108105832587525,0.0844778543743639
0.28260705670673847,0.40018476564998506,0.15659126582242575,0.16061691182085064
0.1125094921886927,0.41846635738062454,0.40588085481876507,0.06314329561191766
0.09538691141615242,0.27388052694025977,0.03790800531762675,0.592824556325961
0.26162013789529615,0.6821633787867298,0.003942630161155827,0.05227385315681829
0.01738932584847872,0.30948219478131883,0.008477508442400342,0.6646509709278021
0.38075142882359164,0.23193875021366098,0.25889493583163686,0.1284148851311106
0.3382285032867841,0.1885702757009726,0.06907565089888573,0.40412557011335754
0.07923404588228554,0.04301282672753748,0.06139235473460364,0.8163607726555734
0.24228807116259912,0.1121339305348014,0.07644677351031318,0.5691312247922864
0.02603925475420498,0.15429591335644027,0.42804357510533264,0.3916212567840222
0.08837143331570452,0.05809611174283634,0.33634160107960936,0.5171908538618499
0.3576031906667117,0.42874322444541874,0.02965190557554557,0.18400167931232395
0.19931966685723615,0.23070363060286464,0.4361303828082819,0.1338463197316174
0.366364134698184,0.18709477603407998,0.4165395719256869,0.03000151734204893
0.2862894782164487,0.507651632994033,0.09733314272006091,0.10872574606945723
0.045347611019364915,0.010129150826857619,0.6760465300057616,0.26847670814801583
0.10936186294993042,0.512462058805218,0.25551164915042307,0.12266442909442846
0.7120065900533509,0.07615569250217848,0.20904250985845788,0.0027952075860127805
0.22397947546524544,0.6186793546963453,0.028205035729562265,0.12913613410884714
0.5525215795356851,0.3200884550010371,0.006985481699204348,0.12040448376407335
0.13714058900529624,0.055348655674921705,0.08235234644953378,0.7251584088702484
0.2364973714950377,0.4610544761041134,0.1022877435032413,0.20016040889760775
0.24923182745774417,0.12296956718582529,0.2600708750115005,0.3677277303449301
0.09964618595955499,0.2154550979415271,0.4097051194367304,0.27519359666218746
0.054281191058288054,0.39340689021221975,0.4632610775544498,0.08905084117504232
0.02183705851575318,0.3800222484586786,0.4954950338858331,0.10264565913973513
0.41856499583789636,0.19907213992797326,0.1888157447241067,0.19354711951002365
0.12490268287407721,0.2200990614977646,0.4363674959848186,0.2186307596433396
0.04252291618059997,0.5191227810592566,0.002162454764411387,0.43619184799573196
0.006714133357653517,0.13100814298289323,0.11850470660512093,0.7437730170543323
0.07803512212253469,0.03805482176223841,0.13551708510390037,0.7483929710113264
0.5502099217891127,0.07997874319522445,0.2679277913265179,0.10188354368914494
0.11717502010132966,0.5495118439056447,0.07835303329203384,0.2549601027009919
0.14635952866474786,0.3005011652968365,0.34902556281763836,0.20411374322077727
0.5466476425296407,0.061371539116650733,0.173985434148201,0.21799538420550746
0.46319654516942305,0.32629377271563625,0.13549694472746873,0.07501273738747183
0.38339524594350216,0.0007046031336295564,0.2987580560783273,0.31714209484454114
0.1461838180165869,0.10634682554945546,0.10473562383927251,0.6427337325946851
0.12343600285852394,0.005979749142401102,0.16279569340236758,0.7077885545967074
0.5893108300653999,0.14232145993750328,0.15651691181063648,0.11185079818646036
0.4706639380233161,0.11739392809347846,0.3573941324317681,0.05454800145143725
0.6470592472517018,0.13651695636086122,0.026118327239698168,0.19030546914773872
0.01856275815894198,0.13210092532692808,0.17365786689077958,0.6756784496233504
0.3865370956722052,0.03629270978950358,0.22581332984728844,0.35135686469100286
0.04394527647562561,0.5881755272121445,0.09967895071196373,0.2682002456002661
0.12832222410629807,0.1463565786328885,0.2789567584547853,0.4463644388060283
0.5627230629950936,0.005450074970963037,0.35927772025757887,0.07254914177636441
0.23405550320960555,0.34389687604806995,0.2485042612253721,0.17354335951695252
0.3783032814679487,0.11565572544238505,0.4650984212351044,0.04094257185456187
0.6667635461936312,0.09313248244774891,0.2128783160892655,0.027225655269354367
0.03862119855911541,0.31789461444831474,0.16669052861929562,0.4767936583732742
0.2833442232038939,0.2076727400882988,0.4251150629598169,0.0838679737479904
0.0026385572463101903,0.7830294010655139,0.10132998605123421,0.11300205563694177
0.1728313450262096,0.22752414401022908,0.2422213765577639,0.35742313440579754
0.5035109590233224,0.03856376170543936,0.3642233659680798,0.0937019133031584
0.16104394103673594,0.11226906057893309,0.2242217606624792,0.5024652377218518
0.2941001659187433,0.06223088044179889,0.21622006847739395,0.427448885162064
0.5531388642977992,0.23745710845606707,0.046152001548709964,0.16325202569742384
0.14519901405194727,0.13600270402062678,0.17981031423420202,0.538987967693224
0.32217268491118195,0.26013605235745624,0.20174097800714294,0.21595028472421898
0.0024452659940171467,0.4166492855483873,0.39016599544745095,0.19073945301014467
0.10173521573105393,0.35076175493340367,0.09441852940168574,0.45308449993385663
0.43748923007701335,0.1626293595093719,0.29387194260174054,0.10600946781187423
0.4325553867350825,0.13777050870269317,0.39746061143291295,0.03221349312931153
0.16964755508890353,0.1894065998173914,0.4120675274999843,0.22887831759372076
0.05082017538150918,0.1833227862006019,0.6207722280011901,0.14508481041669877
0.07593139071180363,0.13366247949798948,0.780394104889691,0.01001202490051598
0.1680568025126198,0.7001037470770592,0.01793642218253317,0.1139030282277879
0.051275275963380045,0.25491294444169854,0.598152243279432,0.09565953631548939
0.23406516738224128,0.10775124723559239,0.4545727327530177,0.2036108526291487
0.0416896111264389,0.27917899753400094,0.24211570422806544,0.4370156871114945
0.05847227451050447,0.13864830494275202,0.20923110856086596,0.5936483119858773
0.16558265719054363,0.06798899370761895,0.17981598578111327,0.5866123633207241
0.007902304628809956,0.09995936000996326,0.1857539843258615,0.7063843510353652
0.3368090107115019,0.16373358490932985,0.468819471976668,0.030637932402500297
0.3788480050336288,0.4249754692115719,0.04257431452123107,0.15360221123356818
0.32497479686609637,0.06674511081451354,0.4364861969208009,0.17179389539858922
0.19627327410539291,0.3174205221822757,0.39634988839357443,0.08995631531875709
0.32861942201601807,0.19264644029630437,0.07974565281773563,0.398988484869942
0.03381634376753215,0.6879993580896365,0.20519572685385282,0.07298857128897848
0.35585604711651103,0.2435293689562836,0.09801927237589782,0.30259531155130764
0.15823249132090125,0.64500433495966,0.08393944427503346,0.1128237294444052
0.43835783247253035,0.23048283569628028,0.2577422617398823,0.07341707009130702
0.0939786616992792,0.22337174473260601,0.5355171045151277,0.14713248905298715
0.4856364279832541,0.03237533544493667,0.008261526819036226,0.473726709752773
0.03470286018916652,0.4990135197481872,0.19542002232631672,0.27086359773632973
0.0412475556977133,0.16732688465990678,0.38326493855753657,0.4081606210848435
0.062230448882697166,0.13843024471706028,0.708285551402646,0.09105375499759673
0.693050747180092,0.008462215999657935,0.026837764863335067,0.2716492719569149
0.5174295153383415,0.19892841483413784,0.20680257290699722,0.07683949692052336
0.3086014865002297,0.4333703088668773,0.09008644585190649,0.16794175878098652
0.48839058471345637,0.03831051253488413,0.27721750095555364,0.19608140179610573
0.07624437588633716,0.3659270506511688,0.23159498824806743,0.3262335852144266
0.4394792167437211,0.4594382888544772,0.03868140937541708,0.062401085026384674
0.3047485698766306,0.04440603585251573,0.43953735663963345,0.2113080376312203
0.16202614617487943,0.28032029691192034,0.052486749120764994,0.5051668077924353
0.2317756171727256,0.3401484409157167,0.23950755937772153,0.18856838253383623
0.17359451432880854,0.1460183373118714,0.2790046629447871,0.40138248541453314
0.10070929446135736,0.05572390277896788,0.47743043907014715,0.3661363636895275
0.0027715188069268397,0.24886119780260205,0.6265707497730094,0.1217965336174616
0.12298968072406054,0.8398259762900392,0.0031050915767454755,0.034079251409154826
0.6876382080060753,0.11880706082276282,0.06252855178308085,0.13102617938808098
0.04065525005373869,0.4679449683893429,0.15298688694977589,0.3384128946071425
0.586997849500777,0.17159399253180804,0.137887595322525,0.10352056264488975
0.4486820336681345,0.2327301512714056,0.14881507446695283,0.16977274059350708
0.1442330427031181,0.6817915328138393,0.1424379701345347,0.03153745434850796
0.14096866017019805,0.47903631559037,0.3098577109412149,0.07013731329821703
0.4568984703796944,0.4106752252276456,0.0791416064513093,0.053284697941350656
0.298398618629039,0.5590610838921997,0.12674779317773308,0.015792504301028215
0.09966490392887957,0.05138674240477871,0.7880804780339998,0.06086787563234192
0.4191219475752891,0.5055149933972237,0.01244612166759042,0.06291693735989688
0.20003656112621757,0.0035030970582090645,0.10578591894078535,0.6906744228747881
0.11951136263048305,0.5066754438833012,0.33672756439755525,0.03708562908866039
0.046984762638806354,0.34793642862234553,0.10800001773336539,0.4970787910054827
0.006040144743763941,0.5581559483492557,0.29244281357208174,0.14336109333489863
0.17539686023066536,0.36790790062116296,0.4005455885470357,0.056149650601136004
0.5454169656235925,0.005954442439995346,0.06287138115159416,0.3857572107848179
0.31382566269820694,0.06510574863431036,0.10113287465097794,0.5199357140165047
0.3222508502793221,0.22788716227341982,0.008930490407517084,0.44093149703974105
0.030405450030089043,0.14305172213314288,0.5505865226685235,0.2759563051682446
0.33789200439251227,0.22226620400451952,0.2954612196014616,0.14438057200150659
0.5613498609902022,0.23435307175781325,0.1720964720110105,0.03220059524097384
0.17166444663904518,0.14698368053775931,0.11766650987705675,0.5636853629461387
0.3905936845748533,0.21450518336756125,0.2688700176352736,0.12603111442231194
0.293407067327112,0.41603060650854,0.1657495979878669,0.12481272817648124
0.13765034699490342,0.17774955448599195,0.24274876197697542,0.4418513365421291
0.029871128131747526,0.2811736584685971,0.3408875633597269,0.3480676500399284
0.1770255102113105,0.2441552855210509,0.32075734040862053,0.25806186385901814
0.2514818706835355,0.4836676697790413,0.09612469163447239,0.16872576790295082
0.031003037532410613,0.7256409382525798,0.1563246806236742,0.08703134359133544
0.20756510284308183,0.3038506347578356,0.026681024485719285,0.46190323791336335
0.10639512552994268,0.16047736315761385,0.2931936308460826,0.4399338804663608
0.1692153554334628,0.0818794413929344,0.742636742392112,0.0062684607814907315
0.11439770209615327,0.24611760167593716,0.3520376077418686,0.28744708848604106
0.30276678011231606,0.1249799629866933,0.4913879737337946,0.08086528316719611
0.20574330829470514,0.09939199997899559,0.04396838124688682,0.6508963104794125
0.11735645507920332,0.6437183797097185,0.19022164276675232,0.048703522444325804
0.11352449609747517,0.03208768205757819,0.35745011267770316,0.49693770916724356
0.1475530637081785,0.4771265945744431,0.31820949084229183,0.05711085087508656
0.041315429002507224,0.013501110460868524,0.8129260438585357,0.1322574166780884
0.8235818659931218,0.1049747148422618,0.02574234859094922,0.045701070573667145
0.576669560011484,0.05511147430705344,0.3312842523404114,0.036934713341051216
0.3124666495263627,0.20044017541945708,0.09741642140603977,0.38967675364814036
0.660329191882437,0.19408502460858895,0.02083721104003951,0.1247485724689347
0.36744497996257935,0.39617862935692033,0.14136791327012477,0.09500847741037541
0.3044647680442172,0.04475704679660406,0.2291334063418314,0.4216447788173473
0.3234520450360551,0.3713532220134173,0.21195711035182188,0.09323762259870567
0.14862876054199348,0.08759741297916,0.45394485587058914,0.30982897060825737
0.08719009412245361,0.33537755910897943,0.2726261432096991,0.30480620355886795
0.06642714637078895,0.3806804217332896,0.4456134693498415,0.10727896254607994
0.587895729141778,0.15606316823986743,0.05855188905242456,0.19748921356592997
0.27494007745003335,0.20681887251343983,0.2114701924622889,0.306770857574238
0.4348504016868285,0.1997640447198658,0.1840866215781475,0.1812989320151582
0.18670507193271088,0.07480169285047346,0.7379001832254515,0.0005930519913640466
0.0911928767756749,0.843958448185698,0.033628638963141555,0.03122003607548548
0.4232379089630356,0.20680729818638213,0.12082421016603416,0.24913058268454785
0.4203801012400509,0.2585974062751087,0.2978048195363704,0.023217672948470155
0.08241200456289614,0.6859318404188898,0.05538032986427018,0.17627582515394385
0.07237686053525744,0.31258974892180824,0.42432804619787884,0.19070534434505537
0.007302421957044592,0.09328336288578874,0.09451730515336998,0.8048969100037967
0.12893026168649024,0.5810592011565802,0.2185922780437837,0.07141825911314596
0.6106270883945316,0.119031203869835,0.2331235598056221,0.037218147930011325
0.16062562689075327,0.03796587193926327,0.23962865306223044,0.5617798481077528
0.12286187116179446,0.30504785605020857,0.04058404148670043,0.5315062313012965
0.45829557482272043,0.19162608113183074,0.1937628866275321,0.1563154574179166
0.45663443556666167,0.1938581254867972,0.060893585956517615,0.2886138529900236
0.12637370883323992,0.22534878250568968,0.5609240499631775,0.08735345869789302
0.18808142415451903,0.12450728459527605,0.041133043593195286,0.6462782476570097
0.09780438455307497,0.08551541993773602,0.04012142220228425,0.7765587733069048
0.023866616737523442,0.8445341121295968,0.07818135076143547,0.05341792037144407
0.36382202007407477,0.23914843401919578,0.24950678873789023,0.14752275716883945
0.3901542032717613,0.31161757360458603,0.23886524790733357,0.059362975216319044
0.07982658886295385,0.06620143955961685,0.04856780098626086,0.8054041705911684
0.20059023502067494,0.18846315622310897,0.10412028680262328,0.5068263219535928
0.3954171275279379,0.22734695913984787,0.030030627293830634,0.34720528603838374
0.24558014873128947,0.2629247613143563,0.12451519902210698,0.36697989093224714
0.14262388266288792,0.1449394176932122,0.5136798446254301,0.19875685501846962
0.26200767719224427,0.18565157503483581,0.029033766682207904,0.5233069810907122
0.35110479111625775,0.23818804740221164,0.14610523096947756,0.26460193051205294
0.2655606810370585,0.26087121592524554,0.4053381776584171,0.06822992537927891
0.3003167934954541,0.40787929646927196,0.1791251647292953,0.11267874530597856
0.22677045502307824,0.17758080314657468,0.42371153420909713,0.17193720762124992
0.10005849132752839,0.5914414220590889,0.16148401160701692,0.14701607500636588
0.20186404722970114,0.009089486880006369,0.11566293603465969,0.6733835298556327
0.1578768156801903,0.3780524740148553,0.01594596354254061,0.4481247467624138
0.5388061348928042,0.194526181340663,0.06538017551078064,0.20128750825575215
0.005631505199652187,0.04793476526906584,0.5120063607911371,0.4344273687401449
0.299195396698442,0.21466061626214303,0.34517789229965196,0.14096609473976293
0.22528861905094813,0.6186679688875184,0.0645603549478157,0.09148305711371775
0.1709976001819992,0.3170980861942067,0.24847146393375946,0.26343284969003455
0.04310572814478888,0.4581745020399798,0.20117306299756607,0.2975467068176653
0.008550591393293356,0.38383364401848546,0.1259362673279131,0.4816794972603082
0.09129228457516157,0.20991342727794285,0.39542565774408256,0.3033686304028129
0.05967224258156501,0.851760350896134,0.022663956986056485,0.06590344953624451
0.214388174977626,0.0091063753726923,0.023224210021843456,0.7532812396278382
0.07960210327733361,0.1380181515006468,0.695261772534874,0.0871179726871456
0.06905220186862905,0.08378103290853949,0.7281166853354601,0.11905007988737122
0.1255460656792002,0.17275792668184908,0.09442988757784443,0.6072661200611064
0.27624011157764194,0.06878085400242051,0.4308916861311085,0.22408734828882906
0.2848585699031679,0.10861747824117036,0.5088238316593825,0.0977001201962792
0.3511102819749323,0.06808827111355856,0.33940189782421404,0.2413995490872952
0.5579737809142428,0.02879557323844051,0.1865535122281517,0.22667713361916508
0.5322360726862411,0.06992807487103013,0.1618722756096731,0.23596357683305574
0.00838174640459488,0.7217366793177067,0.17535873405043073,0.09452284022726758
0.18143410662751297,0.1251311676199248,0.32835936755082173,0.36507535820174036
0.19882999639516075,0.12187207790457098,0.6790213203534284,0.00027660534683996525
0.3696194986512521,0.21980353355690405,0.2894065905888648,0.12117037720297902
0.5945070551437348,0.26062180183640443,0.07531838532329632,0.06955275769656447
0.13144220246597374,0.18292009238494136,0.5146039668367802,0.17103373831230478
0.008068511672296122,0.08480788924024146,0.3503179295452677,0.5568056695421947
0.06704991264094437,0.5063624506823869,0.013621301470324646,0.41296633520634396
0.05233020368876643,0.6007105520029783,0.22454160334442133,0.12241764096383373
0.023304582702355157,0.46991122272625735,0.3520175724960805,0.15476662207530711
0.016625108914812465,0.30152970632434684,0.49629633931270783,0.1855488454481329
0.010960939816107476,0.10061019011183109,0.8398976292594553,0.04853124081260617
0.05018667512610992,0.3864797167115637,0.11523112292723912,0.4481024852350873
0.12487362177903094,0.06901736224344195,0.165315975085385,0.6407930408921422
0.18086120005337927,0.15980817786320647,0.05455435215910192,0.6047762699243124
0.34971816171685516,0.21085766463050015,0.337891597048243,0.10153257660440174
0.15612717003822918,0.07341953924415363,0.4123851350094595,0.35806815570815764
0.36734247392258734,0.16394291999398342,0.3594777503026497,0.10923685578077948
0.37444299211039905,0.3338495293188992,0.2666022702336731,0.02510520833702868
0.627021174868729,0.07748761486682423,0.11769143334412978,0.17779977692031715
0.667265452326492,0.04133700180450895,0.19290155135129936,0.0984959945176997
0.28508404708170854,0.4476030121879638,0.1401618887538871,0.1271510519764405
0.02204425500875791,0.149799328521248,0.7738724131899122,0.05428400328008186
0.25290364066093524,0.22764908259919814,0.19481665297362433,0.32463062376624224
0.20645822216596568,0.699357147238345,0.07342323827546822,0.02076139232022102
0.5593152279200649,0.1386277885000782,0.17808904769819603,0.12396793588166084
0.5488091512523351,0.03871793795292952,0.16145317332453119,0.2510197374702042
0.2923564748076344,0.10098122359138208,0.1402695682656336,0.4663927333353498
0.1342251277915523,0.26596686514114043,0.15527628341718644,0.4445317236501208
0.021614957706419736,0.22357804315926919,0.5182288097740911,0.23657818936022001
0.7136489244558658,0.18097631304786607,0.055111446170392,0.050263316325876266
0.0956687048253985,0.09599500168229574,0.7719815286304218,0.03635476486188407
0.11397503706854825,0.13395597983163135,0.21530977875469487,0.5367592043451256
0.03703994437687372,0.07405741144427001,0.12529874248152628,0.7636039016973301
0.38386172400125923,0.22689079101513546,0.0047703785974478816,0.38447710638615734
0.3301633309366692,0.44046307918183847,0.019866840836796913,0.20950674904469552
0.3038316109420872,0.25903910017139703,0.14889508362058887,0.2882342052659268
0.12409342789502752,0.15350044185061112,0.20263223738489045,0.519773892869471
0.5662252422215555,0.03274080661713599,0.10992177912547882,0.2911121720358296
0.6371129632284575,0.10967100738387167,0.007937668043819878,0.24527836134385086
0.7000656007712434,0.11631617150365467,0.08789258564553197,0.09572564207957006
0.2882253949160104,0.4006556051447421,0.2821358131207821,0.028983186818465408
0.19371931077785576,0.09131865249053397,0.668962003788028,0.04600003294358234
0.3036205713216271,0.2102734865391855,0.17176046032695577,0.31434548181223176
0.19559819702264286,0.13303013717924458,0.026154069469330347,0.6452175963287822
0.10030758792206895,0.19804359453541476,0.5133979311265178,0.18825088641599858
0.21771856052450936,0.10042573873303398,0.41129742710943773,0.27055827363301893
0.1550794730773383,0.12448257849998155,0.16467469043535954,0.5557632579873206
0.39316596736084575,0.06443295557012568,0.45404807390027985,0.08835300316874875
0.03244736351018535,0.5124251093975979,0.21759000798199096,0.2375375191102258
0.15078566478840758,0.23590665875010672,0.3225256225448246,0.2907820539166612
0.0794372611281383,0.48620166941919124,0.27089983135902035,0.1634612380936502
0.17743985032016477,0.2905413249158078,0.4033592878899931,0.12865953687403434
0.35147218137331376,0.208992579797519,0.19792878318663054,0.24160645564253674
0.30291946872856185,0.16345856977475562,0.2407772548917528,0.29284470660492967
0.44338928195491456,0.2267529517003042,0.07744538963999094,0.25241237670479033
0.30682270593279354,0.1595218596132559,0.43170026571460357,0.10195516873934708
0.5006355308907705,0.17980162128489102,0.25819191892235965,0.06137092890197888
0.09338437059770517,0.225561226088993,0.41306635007702325,0.26798805323627845
0.20826962860418585,0.2761638230404687,0.0025841556407779132,0.5129823927145675
0.5890620336893779,0.033796140508786536,0.23454003708449878,0.1426017887173368
0.4508379203102042,0.0969313321523055,0.25499731887051597,0.19723342866697433
0.042745093666414255,0.2486869683134541,0.2580621559662605,0.45050578205387115
0.0043597285387735295,0.13560416209695617,0.6323451881326436,0.22769092123162668
0.0014296314830001555,0.5731336495460083,0.20746038047403625,0.2179763384969553
0.35994667739850705,0.3308147753293206,0.28792362329028665,0.021314923981885784
0.5367622548064757,0.14414830214125665,0.23698730302538976,0.0821021400268778
0.09477608695140569,0.5874448734892712,0.1304608252988229,0.18731821426050013
0.11364637529156699,0.015360153910740653,0.05958612849431543,0.8114073423033769
0.3184040354094897,0.20208596904758633,0.4125236297374604,0.06698636580546354
0.35991271994951457,0.33233736930902785,0.11874590647556628,0.1890040042658912
0.3002978866656723,0.09116911128763373,0.2230527200622848,0.3854802819844091
0.34783625076672914,0.06910951041082693,0.13456824911340745,0.44848598970903647
0.46410030979840766,0.12222480168846496,0.2006775382095147,0.21299735030361275
0.39752468320517903,0.010626804494991798,0.14254816036648701,0.44930035193334233
0.4151805543895985,0.504901516481185,0.07264144110152997,0.007276488027686588
0.6031252178289778,0.1750267676344149,0.20680787003379972,0.015040144502807481
0.2115533472596818,0.05175054794392708,0.14280348818151467,0.5938926166148765
0.01728825477778351,0.019963175903284714,0.28139000258547636,0.6813585667334555
0.40189851900558166,0.1304287055753661,0.028651216919244205,0.4390215584998081
0.09700539711267886,0.20908981281108913,0.47576467753936513,0.218140112536867
0.040084149993492434,0.022185693651467824,0.8986246503195467,0.03910550603549288
0.23365489744356074,0.33123988395883963,0.3938692548685943,0.04123596372900534
0.5407551973674283,0.15418001014065946,0.04832470307773187,0.25674008941418053
0.43074870229757384,0.16799629315163433,0.2700278445045666,0.13122716004622517
0.6562308384853159,0.2525264765323373,0.04906175058396849,0.04218093439837833
0.08226865295932437,0.07617508938855885,0.574716116056049,0.2668401415960679
0.09358063979997334,0.06797144670270172,0.6481590054884141,0.19028890800891068
0.5915132470765683,0.11028184929164805,0.17140434252028605,0.12680056111149765
0.10668990983270718,0.4678119374670813,0.09698577423785265,0.3285123784623588
0.40863997572025845,0.2585223744600523,0.04801493848849822,0.2848227113311911
0.49081367023266226,0.174384317881248,0.15274387018851238,0.1820581416975774
0.24716990544805084,0.04153209080522252,0.6728709447737443,0.03842705897298236
0.13822975883182392,0.1420236247444742,0.4031576163692351,0.3165890000544667
0.10640451498575772,0.5821855663445651,0.03950926440280662,0.27190065426687077
0.08382339157837108,0.47810248968771324,0.3307676814842029,0.10730643724971282
0.18627277610143073,0.3371104295900906,0.2943685686578186,0.18224822565066012
0.12624804378298535,0.1255138904422615,0.20841824373362475,0.5398198220411284
0.15286754779658662,0.3366945707291069,0.24024361187559512,0.27019426959871135
0.27291698450186347,0.3114421329064954,0.0038607225382066776,0.4117801600534343
0.13726862783691945,0.13262731321184906,0.16768517602398117,0.5624188829272503
0.15893649313104913,0.10435177070482525,0.11303271267401216,0.6236790234901136
0.27113380748504934,0.038682800197912294,0.5411533857496071,0.14903000656743112
0.2963570868944497,0.1131175005284205,0.19427569823765034,0.39624971433947953
0.08252727834934917,0.18382424543148607,0.4704469183513283,0.2632015578678365
0.43518525503568045,0.13562455701496628,0.15504789153724086,0.2741422964121122
0.0700095941552387,0.1537871336251711,0.522964588346075,0.25323868387351517
0.01000316307092893,0.08829549397813012,0.39381475775763497,0.5078865851933061
0.40635179521747566,0.22416372894871228,0.23393636334534637,0.13554811248846582
0.5398516298837169,0.035207036808481106,0.10730287484248796,0.3176384584653139
0.40118169267021053,0.03106640032889279,0.15297887820531048,0.4147730287955863
0.20157595716190585,0.20161706553235392,0.353995731973878,0.2428112453318622
0.10662984565127488,0.37181379495379546,0.03426046107205726,0.48729589832287246
0.28965703270090043,0.016786501763321634,0.3747750151068744,0.3187814504289035
0.10509393288461041,0.12078315815439113,0.43207589427917414,0.34204701468182436
0.1791956734077323,0.4267599566914094,0.03930251992782051,0.3547418499730378
0.049460871538593285,0.1842014295141509,0.7114443115104726,0.05489338743678323
0.185519840891561,0.061151350500151046,0.24535009830791735,0.5079787103003707
0.6520253923317874,0.23765987340218828,0.10954693950991447,0.0007677947561100834
0.3357433921632444,0.018312405445496997,0.32714794324791197,0.31879625914334664
0.394901785220893,0.353887604303112,0.014493686669171408,0.23671692380682377
0.662990579739266,0.1369515525628191,0.17535465329524683,0.024703214402668077
0.027338594116345205,0.09577670081656015,0.8360590349920295,0.040825670075065185
0.06406131253907625,0.3667382015091164,0.45573222905607236,0.11346825689573492
0.11004327492613575,0.4348387650675655,0.3548312469847818,0.10028671302151691
0.12355209225731943,0.21848509810381003,0.2403544215193525,0.41760838811951795
0.17873070788694326,0.5153068313574496,0.2812837452611441,0.024678715494463134
0.009653997516856066,0.02077118278242519,0.4316924966948721,0.5378823230058467
0.5352339712046206,0.3239587423063287,0.05991578066006536,0.08089150582898533
0.34105816300995095,0.08221001351272299,0.08957193682108426,0.48715988665624177
0.1301982415235396,0.454489308515877,0.025904546179106782,0.3894079037814766
0.111744797497988,0.6175889681156452,0.09543774636041824,0.17522848802594843
0.1601411627833529,0.7383708238295003,0.04592388164877439,0.055564131738372206
0.23583912101195154,0.08868059243681493,0.4693356143354958,0.20614467221573773
0.37640303860636143,0.16444342460473493,0.01326658742076843,0.4458869493681351
0.48897883458169933,0.22423947530406205,0.05941559170304386,0.22736609841119484
0.1439959118738077,0.00545617331800991,0.5776317652399021,0.2729161495682803
0.18114739353791298,0.05865815198082289,0.6592134409240457,0.1009810135572184
0.40578038746730594,0.0039021673329979172,0.26401053760655513,0.32630690759314096
0.12367833751150865,0.3777200223664833,0.4550872993774159,0.043514340744592275
0.038108061746165406,0.28886279298171336,0.5498233194812292,0.12320582579089198
0.2416238949738682,0.3863027340599483,0.2702394496820733,0.10183392128411027
0.1316427214284317,0.13717607566447407,0.33511143294380225,0.3960697699632919
0.058562253157899466,0.6215173742066337,0.21876472623897109,0.10115564639649584
0.05496347836930641,0.7840193089387486,0.11208623365933343,0.04893097903261155
0.005167533043218775,0.32805831844007194,0.2949378344966021,0.37183631402010725
0.01357633569632579,0.32407719873378316,0.11954240406893075,0.5428040615009604
0.26424685922233826,0.16362118147341104,0.5660819285510664,0.0060500307531843305
0.06194974299242589,0.18494202421138714,0.37031177423794165,0.3827964585582452
0.2344902066868495,0.24567695631067468,0.3435992996564095,0.17623353734606642
0.5566435391937616,0.1622395838801761,0.21053894318735855,0.07057793373870372
0.08140048514864746,0.11235850550403385,0.015047334926462047,0.7911936744208565
0.210494910306208,0.18130260186709724,0.23187158420273585,0.3763309036239589
0.38737490617485176,0.2834860513953939,0.13506282916870044,0.1940762132610541
0.5350066734144641,0.2671189760103523,0.0001671035881131501,0.19770724698707043
0.3600493446715491,0.07041952116632584,0.39179012546469144,0.17774100869743364
0.3922105946990123,0.2171958820369354,0.11606110176303891,0.2745324215010133
0.2729198285166511,0.5171405207683124,0.14218050300172758,0.06775914771330882
0.07941770104308478,0.1789640162069968,0.4398752594514859,0.3017430232984325
0.10103709014734505,0.2728375092239068,0.1975211403604998,0.4286042602682483
0.3177522658474021,0.07581472055201699,0.018339617464823432,0.5880933961357575
0.22652633351092802,0.653735980859405,0.05109458844660227,0.06864309718306458
0.8013756130061322,0.014147227107728816,0.11680123095823197,0.06767592892790694
0.5106434053545573,0.1915641007221986,0.19159013440982756,0.1062023595134166
0.01845255985385607,0.008311328515205855,0.8672768907160981,0.10595922091483996
0.0011746583529665012,0.5409209523488063,0.45445034669720863,0.0034540426010187435
0.1673624075758142,0.10977322124340073,0.1014661426222285,0.6213982285585566
0.35562064730917364,0.15185364860506276,0.46907115897924556,0.02345454510651809
0.5118016597666901,0.11461458784695765,0.3018612109052078,0.07172254148114449
0.43368069090690503,0.17986811273565076,0.3767708536078754,0.009680342749568895
0.48265872829465684,0.0928038290563061,0.1783123145116746,0.2462251281373624
0.5681712621762994,0.3511565021255759,0.013813950314371722,0.0668582853837527
0.08578683275455694,0.5693042596522231,0.3330051494651047,0.011903758128115428
0.41082303525994646,0.23710257621484657,0.21972524685150943,0.13234914167369755
0.5332172720070958,0.26615275441969005,0.051672633521380226,0.1489573400518339
0.030459678475169057,0.4455326140354207,0.14796366553389306,0.37604404195551705
0.013308002512641068,0.776303718283661,0.06936063397006585,0.1410276452336321
0.360343374629163,0.4691808460298026,0.10302915702718132,0.06744662231385289
0.3208746007427441,0.18960157238818828,0.017386862964744083,0.47213696390432364
0.010467982668858056,0.37381012127746427,0.05843882050468592,0.5572830755489917
0.15090842504604363,0.30720838997214117,0.0016865063399053484,0.5401966786419099
0.11299568289158675,0.020232528128239016,0.38544182307496505,0.48132996590520905
0.3966820609357736,0.3210823537406662,0.23263573458391626,0.0495998507396439
0.005837071009955292,0.47763144700055127,0.013833902989189257,0.5026975790003043
0.3591987576675291,0.3140980414134112,0.28781710594326126,0.03888609497579849
0.3147807741539414,0.4036139963639451,0.27498437380956714,0.006620855672546412
0.2352485238929263,0.007995547976284814,0.4734876487518323,0.28326827937895643
0.1261014227912723,0.11786971130225807,0.2526658552922777,0.5033630106141919
0.2447157721116737,0.007228524513224765,0.7167227699922809,0.03133293338282076
0.044259270904669724,0.5519146085985799,0.29978889350128707,0.10403722699546333
0.2512750173154142,0.12923705553119333,0.3845628338161647,0.2349250933372277
0.006118796438055743,0.09063995817268468,0.5231948751586865,0.3800463702305733
0.14257610100083748,0.2808606773561336,0.19451713113533875,0.38204609050769023
0.2206888452766425,0.09915001791419727,0.1900339984671617,0.4901271383419984
0.0366920045169942,0.13830099475312757,0.5941529563499419,0.23085404437993637
0.16939931888387635,0.14393336583183142,0.18451901884042823,0.5021482964438639
0.0042715025617732095,0.09267250688562503,0.3836555281465415,0.5194004624060603
0.1759099473469995,0.025420768428230617,0.028160785807560047,0.7705084984172098
0.44172438245130524,0.5025602062652025,0.0481875762371749,0.007527835046317319
0.5990336145531023,0.14025757457456683,0.022392712246849217,0.23831609862548164
0.42854641391318926,0.1302874935798382,0.17018728769956404,0.27097880480740844
0.3536134780121869,0.03645060888428613,0.008703597874876602,0.6012323152286503
0.1433886795118399,0.2690940991952313,0.08299741924043073,0.5045198020524981
0.01780454065188826,0.4499485711511073,0.10551707341577517,0.42672981478122923
0.2001943749787515,0.37450106953060186,0.08070673076766124,0.34459782472298545
0.22305194407459683,0.04364053794440673,0.3248176052143234,0.40848991276667307
0.13994592681492765,0.006002691974270412,0.07693487201163042,0.7771165091991715
0.08492157765359461,0.1926803075524391,0.21067410978559725,0.511724005008369
0.43346256723038235,0.10620517841146256,0.2414466725516785,0.21888558180647666
0.11397761137778421,0.6938958967361168,0.17536340405640077,0.016763087829698278
0.3945155443869536,0.08881403775694836,0.1602734494180852,0.3563969684380128
0.3496440931120105,0.5397099678589851,0.01377019005661772,0.09687574897238657
0.26139481278089155,0.3667876673899301,0.229943563083594,0.14187395674558434
0.5171471018674557,0.17111060309111956,0.0814766595889858,0.23026563545243886
0.37265808358409674,0.19883899721023915,0.1084360270704711,0.3200668921351932
0.11350879652274252,0.18464318856470613,0.07427338179786609,0.6275746331146853
0.1889767343381899,0.4526589843526797,0.16400646758226617,0.19435781372686417
0.23526738913024006,0.007244298321554331,0.1876264392109265,0.5698618733372792
0.05200927767768444,0.25125085295613253,0.559676310071563,0.13706355929461989
0.3632974068460276,0.029873850951629713,0.1021645546795173,0.5046641875228255
0.5898831154571836,0.2205740835565611,0.05273635010272648,0.13680645088352877
0.3090376663031265,0.12117151839476036,0.0925817332224698,0.4772090820796433
0.2574295389982534,0.10158840358732181,0.2529400876198646,0.38804196979456024
0.3347969847845586,0.0405264695314761,0.41457129761397327,0.21010524806999192
0.7649083453055627,0.059855231634141,0.11831234162447912,0.05692408143581713
0.3919162430177441,0.006752262331434692,0.10283621647153056,0.4984952781792907
0.22783032634705758,0.04713083703113092,0.07895861732824547,0.646080219293566
0.35111246709659544,0.08530669823993572,0.24231376017388576,0.321267074489583
0.15703787853233087,0.16615726001076242,0.22764589701028992,0.4491589644466169
0.27576540445557923,0.13290557045684276,0.49154571982055517,0.09978330526702271
0.3236458967865623,0.31715324186915456,0.15397022931487092,0.20523063202941202
0.4838360751521966,0.16277814264209828,0.10702523951267366,0.24636054269303143
0.10628455210537978,0.13571868203404525,0.10329200848673359,0.6547047573738415
0.36380124640679773,0.1759923351614493,0.32788527087242647,0.13232114755932664
0.19274522484919274,0.057662282305699857,0.009441695639223018,0.7401507972058845
0.53612678078094,0.10057012259393891,0.019134766473410898,0.34416833015171006
0.6092713916349103,0.04807287828420687,0.2852429712494955,0.05741275883138725
0.4853202897222229,0.12012941847998619,0.24862656987879408,0.14592372191899672
0.24462533303523915,0.11805425829641142,0.49435311083436034,0.1429672978339891
0.5080594368783551,0.07140611919839054,0.08871177695340768,0.3318226669698467
0.48753672794807473,0.49162033148664674,0.013187113821004558,0.007655826744273933
0.6615029248873402,0.1923382122078189,0.04549639245222934,0.10066247045261148
0.2670009237525994,0.44019978149717454,0.08366241378407334,0.20913688096615268
0.14467554877366043,0.29954444583974277,0.4894899022738808,0.06629010311271605
0.0495848284060405,0.27195388049665764,0.2932688876110793,0.38519240348622247
0.23375530080369275,0.4029020744601941,0.21114684366950331,0.1521957810666099
0.21399003790083673,0.034281997839814116,0.03551753730698797,0.7162104269523611
0.2303538511117866,0.04917290934448364,0.5734901068960471,0.14698313264768273
0.37282031877872024,0.03664948242768288,0.0029177537307674495,0.5876124450628294
0.2204248243447685,0.16071548551365708,0.24795904382961298,0.3709006463119614
0.19398429545549362,0.0057802811990545185,0.529411066770083,0.27082435657536896
0.025597737268206213,0.42021275955825216,0.25812098815944934,0.29606851501409237
0.026418378324459823,0.19078957356860665,0.3508796194374686,0.431912428669465
0.35786863070940117,0.318722993270439,0.26115338982972913,0.06225498619043058
0.18581879601958146,0.4434920723116017,0.01836933334904834,0.3523197983197684
0.0032686541146785997,0.8945249460107322,0.0012019712521935582,0.1010044286223957
0.1822225281134644,0.5363304617385043,0.06497443397945556,0.21647257616857582
0.09595055465832028,0.08585014889249443,0.03664141979042204,0.7815578766587632
0.18646207213152274,0.18869020023495162,0.0834184930184637,0.5414292346150619
0.05151083317009565,0.6352091746241602,0.15931727756863212,0.153962714637112
0.4080540066529371,0.04423245952161416,0.16805788648563028,0.3796556473398184
0.05356561226029516,0.48941370889547614,0.2756501051646937,0.18137057367953513
0.1402661177482703,0.35161609929370646,0.3634222708644823,0.1446955120935409
0.35516024376934746,0.49289562113276914,0.030004444777155526,0.12193969032072789
0.07817132761815883,0.23491964399891274,0.3362649949545324,0.3506440334283962
0.23680543715126656,0.5789961605971674,0.11368408813141591,0.07051431412015018
0.25533822048196825,0.10897333833995396,0.2577067663202945,0.3779816748577832
0.6509050769915806,0.06570549033521995,0.26435854600633646,0.019030886666863023
0.467087437602767,0.16788277794949422,0.16070589634133217,0.2043238881064067
0.3258858062375452,0.023248884754143825,0.0174945898538637,0.6333707191544474
0.014917005031796654,0.06645932526414794,0.12487067230839125,0.7937529973956642
0.1777988858463561,0.3433799945243133,0.34524947774822384,0.13357164188110682
0.11057830409963379,0.4524643690136932,0.317192579298341,0.1197647475883319
0.20738612433802847,0.06824096642593866,0.5818448740083768,0.142528035227656
0.31240594392530546,0.09140575260995461,0.43953416660027156,0.15665413686446852
0.1709257831216986,0.42022004311242456,0.1750450281665697,0.23380914559930718
0.7907543575497165,0.08032095228229015,0.03939100668275662,0.08953368348523677
0.17031837850360448,0.07278217190967452,0.31939968154464493,0.4374997680420761
0.29782433228795785,0.3447571746286974,0.2901030688336906,0.06731542424965427
0.37426913666173683,0.09685486802767727,0.07388396344978557,0.45499203186080034
0.008729218314374636,0.4819713503646344,0.45728702052964637,0.052012410791344596
0.16022945657795348,0.3129277269092295,0.27039110405995326,0.2564517124528639
0.05610217789267301,0.3235321363969771,0.4168104594278525,0.20355522628249742
0.0335380975365307,0.5793420334682629,0.0008869327333987994,0.3862329362618076
0.23090812814311565,0.007546474112777301,0.39476248589835766,0.3667829118457493
0.20557991059965058,0.3144619495557725,0.05423615530944993,0.42572198453512694
0.023437589148172015,0.488216120933214,0.019792957545668777,0.46855333237294516
0.6092350408827083,0.05810563980324104,0.01841289182704873,0.3142464274870019
0.09145998989489108,0.2533655217146501,0.14069359622431296,0.5144808921661459
0.07584089264242427,0.3004453205111356,0.5264535271902436,0.0972602596561967
0.13615050594228506,0.45931390730842747,0.32852751397403457,0.07600807277525282
0.07594993223373146,0.22649849565221758,0.3578314234785501,0.33972014863550076
0.10866587895011687,0.14094296191486586,0.6891991330834126,0.06119202605160465
0.027291405855397938,0.17131277437087164,0.2056108810929643,0.5957849386807662
0.2416097518022119,0.4928946951809865,0.2161216542391445,0.049373898777656966
0.029594612731766386,0.4398396068168266,0.06677727533316465,0.4637885051182424
0.24190729421236604,0.2509585025566918,0.3180798999602499,0.1890543032706924
0.1294613659116224,0.34457689071709396,0.48596431713905136,0.03999742623223224
0.05743515175932077,0.37712482742847525,0.42338390727446,0.14205611353774394
0.14456698677594793,0.043132366737283614,0.42407099165340056,0.3882296548333679
0.18174345868815472,0.1484470141703156,0.04951167110146119,0.6202978560400685
0.32121859935341174,0.3210623671828297,0.30072948204070354,0.05698955142305519
0.1690338416475195,0.32953475035047675,0.4246173926386158,0.07681401536338807
0.5987653614666941,0.23108951355338445,0.027357831376205916,0.1427872936037155
0.22388807091248544,0.5112372345434023,0.2633144066624102,0.0015602878817020855
0.2847223352908633,0.12032503361255736,0.3996796775700103,0.19527295352656887
0.8192900520324919,0.15237380204584056,0.008852755263181354,0.01948339065848618
0.0458827262029309,0.30245603203796934,0.1343261820971373,0.5173350596619627
0.5572459340608686,0.15305089043319722,0.041149893273778014,0.24855328223215611
0.16241809666628948,0.05974762931865553,0.38120562546952225,0.39662864854553276
0.17463229690260473,0.630890777674133,0.03140421826109927,0.16307270716216293
0.253104472142501,0.12010018770676231,0.16848848412494694,0.45830685602578974
0.3397051175051166,0.2012493222435379,0.17842249290471673,0.2806230673466287
0.20110146775759596,0.5407508389730953,0.18346397769041564,0.07468371557889315
0.22710474686935755,0.33408846353324895,0.06573858258300176,0.37306820701439186
0.04763407346510696,0.2929139489160496,0.020844999386919732,0.6386069782319237
0.43721263457765724,0.37477471843030363,0.004517883829721066,0.18349476316231805
0.30700830589496214,0.35620837966764857,0.06050138557233455,0.27628192886505476
0.13840232717521658,0.6636070878887542,0.16786277012259812,0.030127814813431096
0.3044551523286449,0.6091499254627227,0.026255601723298817,0.06013932048533343
0.05192061949234562,0.9099572862039934,0.013753624235742421,0.024368470067918653
0.36956427381728474,0.3391855049678828,0.05058223566343173,0.24066798555140073
0.21690114406968825,0.4466370795475142,0.2787890178232797,0.05767275855951787
0.04183193263364408,0.6124821348432692,0.3052278770113718,0.04045805551171489
0.039010720027143404,0.028016167059193624,0.10826534178002441,0.8247077711336385
0.26513816606537777,0.5266385330549681,0.14398891991748758,0.06423438096216655
0.036001219219967615,0.4596654439003649,0.17700833066931063,0.32732500621035693
0.04421637709466346,0.16223002925062419,0.5808343516143104,0.21271924204040196
0.07028463759060988,0.2876772444068051,0.6076198664756777,0.034418251526907216
0.35373866685360816,0.4825358282788408,0.110005848893065,0.053719655974486025
0.3372726201818661,0.08102876754116864,0.07474843953962794,0.5069501727373373
0.0942501307323379,0.08605817052727611,0.3598601171116493,0.4598315816287367
0.3704433260055903,0.1365217904658292,0.38193790575551306,0.11109697777306735
0.1096792110764624,0.6650495670629097,0.14527401628849393,0.07999720557213401
0.13588055306165112,0.5500430964644436,0.16280980240448886,0.15126654806941628
0.6997963371499918,0.034816261810501736,0.03295824208149308,0.23242915895801317
0.20045683253298563,0.01270504206381028,0.7133329208629519,0.07350520454025229
0.23791923097454637,0.17205048745724996,0.11613394915995985,0.4738963324082439
0.7347313070538029,0.08771255124803898,0.1467876598550108,0.030768481843147493
0.0761926944822294,0.011492249224086027,0.3659541223644046,0.54636093392928
0.3303769206364094,0.014392921209818811,0.47813931559506073,0.17709084255871105
0.4692299119118671,0.09239036405534354,0.001976392872889604,0.43640333115989993
0.22905435435102114,0.27723524334156746,0.3433334527344545,0.15037694957295691
0.1480768679777932,0.34174961183488645,0.2623918212595872,0.2477816989277333
0.173729722853164,0.15039243846917932,0.4308152293555021,0.2450626093221545
0.4890519664881534,0.24752860939670787,0.12826572479947765,0.13515369931566118
0.3931867786659153,0.26777447315553293,0.104237588033467,0.23480116014508462
0.0792473106582062,0.2620600119982122,0.5314300134481785,0.1272626638954031
0.14634064178923814,0.30718458955820915,0.3526790452749422,0.1937957233776104
0.17114519873492345,0.5916233560913509,0.07420767500031213,0.1630237701734135
0.013854299689497309,0.3506714223340183,0.04394225821392578,0.5915320197625585
0.03791247478573664,0.0029175006476998317,0.4028407205846386,0.5563293039819249
0.02069444218619092,0.2777478148040296,0.13260389953516877,0.5689538434746108
0.06843640409148592,0.4608544517391063,0.09815594050939122,0.37255320366001665
0.2697722627585694,0.057449966319399484,0.6573072343094192,0.015470536612611984
0.11998801842800634,0.37022050342089197,0.26455778905537025,0.24523368909573143
0.41030347222729824,0.2842467903624174,0.24223308503305532,0.06321665237722907
0.5893309976932969,0.05127025776274903,0.29297528557820784,0.0664234589657463
0.01690395675073534,0.015108543402069198,0.12755903250260914,0.8404284673445863
0.41638465003144354,0.1963519906580204,0.004167344244275033,0.3830960150662609
0.11181210660611264,0.2046972999921257,0.4226997467815605,0.2607908466202012
0.18555546942117443,0.6253436721600774,0.1829593821528087,0.006141476265939502
0.6378815513465799,0.28690198599166716,0.05714770410412948,0.018068758557623354
0.7599421854298762,0.030248239335051517,0.05770279523974851,0.15210677999532382
0.32092550695937133,0.08053887703875565,0.26256946053092667,0.33596615547094644
0.0036876719575164836,0.1734786987705639,0.14695335198460305,0.6758802772873165
0.5577045881908301,0.027883163682307224,0.04783181992253167,0.36658042820433095
0.14379389699033104,0.0611317382966054,0.29299707455246904,0.5020772901605944
0.16721432528308197,0.07628245913199581,0.3937425628633914,0.36276065272153074
0.5448349037603113,0.03290907900745862,0.2544138222282369,0.1678421950039932
0.021537478499023755,0.031877671937417536,0.6590301077162386,0.28755474184732016
0.23514091327631598,0.04518741886795617,0.2763562876666915,0.4433153801890364
0.5318008628321084,0.08123984458881088,0.36711818945247937,0.019841103126601395
0.510231196312723,0.34222797226611457,0.09769836494627451,0.049842466474888
0.047685320202595714,0.3364186692524713,0.12878050047649048,0.4871155100684426
0.7403999955564778,0.08521020405375712,0.07866142453900063,0.09572837585076435
0.43827782093024814,0.23453787236257964,0.19833550036071307,0.12884880634645918
0.5764936584152333,0.2461420427881852,0.06792241030066289,0.10944188849591847
0.27723007260528776,0.02530975229731494,0.029582109772267735,0.6678780653251297
0.4448560153950712,0.2252998495955705,0.0519613855352807,0.2778827494740777
0.1970496292073787,0.4069554870813614,0.27924504424418356,0.11674983946707629
0.5666154522366754,0.19317694609661654,0.21837371700079064,0.021833884665917448
0.09682679295152702,0.14785376070919193,0.3036167092833396,0.45170273705594144
0.17097692297429906,0.3567570507159999,0.13619499112210537,0.3360710351875958
0.36780972032364817,0.14246418674593014,0.47070536646143113,0.019020726468990452
0.05969050727007356,0.2477600434331932,0.4490019302866228,0.2435475190101105
0.07512436668136888,0.5907387125188879,0.09728922392936007,0.23684769687038312
0.34417454844094836,0.2974633698396171,0.09081872458218723,0.2675433571372472
0.34001482012956036,0.18542644093513727,0.2264859810219751,0.24807275791332725
0.1578241802372393,0.3324064005140396,0.4641159784246979,0.04565344082402328
0.42029256124640946,0.06994546542765603,0.1445527634950993,0.36520920983083527
0.2997715914290185,0.13553299060143145,0.3458049254082232,0.2188904925613269
0.5185032228042504,0.048235222093134585,0.24555330789824456,0.18770824720437052
0.28179793694829425,0.19285516940245745,0.009448865649335642,0.5158980279999125
0.3811153640993338,0.319168136921669,0.058702876087917216,0.24101362289107991
0.3108984716044843,0.2308781629474242,0.17373771366696625,0.28448565178112517
0.21992607680089618,0.13464526432476756,0.06735844058056994,0.5780702182937664
0.05218733566431809,0.04477564569874805,0.8034238410914518,0.09961317754548206
0.18406869033609097,0.3032773435736632,0.0158752631893397,0.49677870290090614
0.486194129397897,0.1934905913659829,0.03412828746246126,0.2861869917736589
0.3926285257394925,0.04395568382803385,0.2424771108544278,0.3209386795780459
0.19910935444387015,0.24984800448170116,0.4982169057955141,0.0528257352789145
0.20900000858891332,0.3577647061084303,0.26254452233526065,0.17069076296739574
0.08192325745029544,0.6691117208228521,0.0032277136247762022,0.2457373081020762
0.4740118179415094,0.08324773269800663,0.3824921427902865,0.060248306570197446
0.041770633058311794,0.6151151765059502,0.3416379651816553,0.0014762252540827657
0.08883009449948372,0.017569526078727835,0.6352107165708746,0.25838966285091386
0.011957212603635239,0.46344609973352147,0.2584995927987853,0.26609709486405797
0.6259263177977312,0.09116425818370993,0.2502524457803908,0.03265697823816817
0.07541294863753932,0.27368431980265906,0.33531525673324303,0.31558747482655847
0.2379072075178999,0.228430623067304,0.22910777741983207,0.30455439199496415
0.02244288590278168,0.4012829044687386,0.2242570892089565,0.35201712041952316
0.42239466733073083,0.2016957307459648,0.23993635017461934,0.135973251748685
0.1929263350325764,0.5759987301018761,0.0606149952354439,0.17045993963010367
0.6270825166714419,0.15218555648297824,0.16060112414041164,0.06013080270516803
0.2509088998749234,0.24890349198866077,0.11248068667127772,0.38770692146513797
0.39919611941435595,0.06717974620307715,0.43350990739039075,0.100114226992176
0.4092240440928869,0.1661458134610684,0.08323649041551741,0.34139365203052724
0.44064751179113815,0.02758767143014449,0.27553574632896394,0.25622907044975346
0.12986985150083785,0.7746281815338122,0.042171663524099484,0.05333030344125059
0.27426029900269716,0.5653618502341918,0.14661541716879492,0.013762433594315967
0.2061468246658321,0.4251507899788458,0.1538757328605628,0.21482665249475935
0.20477086754370646,0.7189048628448033,0.024904980171989125,0.051419289439501095
0.053241697212353854,0.6987595362022933,0.17785072998293044,0.0701480366024225
0.1499005563119295,0.450454912470346,0.23900903623865197,0.1606354949790726
0.8191957898672327,0.05808362895864819,0.0370248178888338,0.08569576328528526
0.7111499787344688,0.037523691341593036,0.16971055272218186,0.08161577720175621
0.5587759957774867,0.19703971940250328,0.011474636699625515,0.23270964812038433
0.1657614249299113,0.6017835911468467,0.19257393065666126,0.039881053266580764
0.026987921096606728,0.3032988665725111,0.30444949814569,0.36526371418519216
0.6976907694600295,0.002549431123667446,0.19778521453391498,0.1019745848823881
0.2247304549080785,0.47647213714229275,0.024308789734853505,0.2744886182147752
0.36199815248036576,0.22233008909060886,0.30527314094523395,0.1103986174837915
0.3598571410892309,0.10956634087174795,0.40219666782349495,0.12837985021552617
0.2557957114129779,0.6026260363000213,0.1318764191457906,0.009701833141210193
0.5123190789363952,0.049582787084649325,0.2148800105610049,0.22321812341795066
0.3552999552578483,0.22993522666285726,0.250471014485204,0.16429380359409035
0.07078180232637732,0.3947224195276063,0.22093106907912766,0.3135647090668888
0.5134475162730712,0.27432033811777207,0.013781123866985143,0.19845102174217155
0.15289664729558786,0.13536690989924338,0.5423339307242658,0.16940251208090282
0.1369950518840839,0.5024338681107914,0.19147081644551026,0.16910026355961424
0.0638568608349981,0.12111921711301786,0.2854864263280985,0.5295374957238856
0.0333304568113398,0.20477952841290242,0.33097084162370877,0.43091917315204886
0.30533461357722985,0.1693131534060468,0.4292957308925136,0.09605650212420982
0.0415024684080522,0.06989407388595635,0.08488469404049277,0.8037187636654987
0.05332328311559791,0.16832027548169404,0.137248149182635,0.6411082922200732
0.16598568988380577,0.015819255670165032,0.6537566261499786,0.16443842829605046
0.0750920671158863,0.11022915777674476,0.49480906949099396,0.319869705616375
0.0148074090339893,0.11020376449712455,0.05895645203803589,0.8160323744308503
0.14048889230075573,0.014934597703995932,0.5449313570633997,0.2996451529318486
0.15861945283834725,0.29944398331470373,0.10432488538997121,0.4376116784569778
0.1251595656374977,0.30395398417692704,0.17808092263564174,0.3928055275499334
0.3486382945540771,0.010627284178238177,0.10564550778392086,0.5350889134837639
0.19458357484721356,0.06266119516538142,0.2307331772707018,0.5120220527167032
0.06705151913235399,0.03730355671224502,0.8649893832295563,0.030655540925844552
0.2204346807250097,0.3067097181744156,0.34343523510950036,0.12942036599107445
0.29201956130377527,0.5473302498930294,0.03600846297094605,0.12464172583224932
0.4336622187645462,0.14018948595720668,0.08417840210435203,0.3419698931738952
0.1604946522331626,0.3613008583346923,0.10971322429434373,0.36849126513780134
0.10330540792252946,0.2359192024127792,0.36174775428449235,0.29902763538019905
0.179907468998047,0.1421500717568617,0.5160707347330826,0.1618717245120086
0.17138470429543037,0.08326818229605483,0.6050340092101483,0.1403131041983666
0.22703647296085475,0.016637485784750723,0.380666478404762,0.3756595628496327
0.06450989342469274,0.10538419410561388,0.7544548169512263,0.07565109551846708
0.3653526361094691,0.3954676639370523,0.1765313953428781,0.06264830461060052
0.4147920118577696,0.19698578708766365,0.03507708017925759,0.35314512087530925
0.01038476686098098,0.14255731834208205,0.4569082963809178,0.39014961841601925
0.25763348458041246,0.08565954434228785,0.5150512863070981,0.1416556847702016
0.083602577486944,0.12444387802856371,0.7424683710745206,0.049485173409971765
0.3993149564737841,0.2934075789614143,0.11597184603388395,0.19130561853091763
0.39384126671190733,0.054229986010401215,0.5049304940835758,0.04699825319411558
0.19721213432257229,0.5231223416896621,0.09945698589264199,0.18020853809512358
0.13860246068535748,0.0050251541422769355,0.02771750298034249,0.8286548821920231
0.2640915282868652,0.09651093829868691,0.028873658401902612,0.6105238750125451
0.23670959037623654,0.09037085163525785,0.135782946683011,0.5371366113054945
0.019718359078118718,0.45126728061131854,0.39363133518516014,0.13538302512540268
0.41950024271537784,0.20531174101318733,0.37161663081330587,0.003571385458129025
0.392896355962234,0.4683219505803629,0.11144261359646482,0.027339079860938274
0.22669106079714665,0.036584785567187396,0.507699060077339,0.2290250935583271
0.47381381314675386,0.03429895058001091,0.14515072036312365,0.3467365159101117
0.14509732784340618,0.42007488523114317,0.41948523001078036,0.015342556914670366
0.6170768043585464,0.2596163301123798,0.08970421191575292,0.033602653613320994
0.4448870504264738,0.18427262423724275,0.34797834402462147,0.022861981311661977
0.44439606131233395,0.18149241137968966,0.042097116348396586,0.3320144109595798
0.6452506892806735,0.08667758909343377,0.22022364744832887,0.04784807417756373
0.7212052109551376,0.12314333052625812,0.12699598413419688,0.028655474384407513
0.07605865194553665,0.5840914056860578,0.2811298266966501,0.058720115671755516
0.7261455687739305,0.10535890590457467,0.1376095013609988,0.03088602396049593
0.36722992614947264,0.3314044308174522,0.25935619176764263,0.04200945126543257
0.04058775780912665,0.06779103663594091,0.4553476392772861,0.43627356627764624
0.07130748838245676,0.836562128693855,0.0498340268335364,0.042296356090151664
0.5855857627199629,0.013179522014033235,0.21084399981063823,0.1903907154553658
0.10139985456875328,0.3652397110346227,0.10697205026683292,0.42638838412979096
0.2911512332201052,0.31499832371253905,0.13863178640946647,0.2552186566578893
0.15957373974943284,0.23039672296447303,0.10762827660395873,0.5024012606821354
0.3641755252012742,0.5010114327291186,0.09793006241346477,0.0368829796561425
0.32578702339660864,0.3151331372400172,0.2846405020118516,0.07443933735152256
0.49042071643396107,0.29383297490227933,0.05990602885504636,0.15584027980871343
0.21920966185637802,0.07771521839164565,0.3992577422160839,0.3038173775358925
0.27147722925011614,0.062391879810409515,0.33255507467867645,0.333575816260798
0.1346631871584553,0.05642506918954385,0.3963498035049414,0.4125619401470592
0.17689809663062914,0.26203440790883226,0.32046726543227794,0.24060023002826067
0.2222825410961142,0.055792022132239875,0.5961071547353545,0.1258182820362914
0.6747342770617426,0.20830822859871032,0.029637184192157717,0.08732031014738928
0.5022433867467373,0.1198805691145083,0.1640814987886145,0.21379454535013986
0.011438318183385386,0.17735998899458708,0.6695455464459529,0.1416561463760747
0.23231400689552098,0.3440220303423625,0.0774100783687973,0.34625388439331917
0.0036637821765415227,0.023049455956601368,0.2502489656172842,0.7230377962495729
0.09109113089911279,0.03747939985509286,0.8323477530331472,0.03908171621264709
0.04674957815499306,0.9105705422736352,0.04189532289688258,0.0007845566744892509
0.11789017318195333,0.46959789798473384,0.30662459192645464,0.10588733690685823
0.3383831406163811,0.44215442806683697,0.1549430558657418,0.06451937545104008
0.6165535472855994,0.010081297243750332,0.10305813460619186,0.27030702086445846
0.22459377808730474,0.25955039197240914,0.3110859036069967,0.20476992633328953
0.12456178506894557,0.10143982230625312,0.45657210267578213,0.3174262899490193
0.5045731155625078,0.026078801001871613,0.039836865860618235,0.4295112175750024
0.052581504116178894,0.7649675112589134,0.08653462686325877,0.09591635776164881
0.3936803896987949,0.17713570644566118,0.01796301936629143,0.4112208844892524
0.23636449535540066,0.1215826984316475,0.22500230792761036,0.41705049828534146
0.500471761365109,0.0746364225397319,0.2287505438118125,0.19614127228334668
0.1353602948534151,0.5234605671443175,0.24237446720425987,0.09880467079800742
0.09418885251663414,0.554271396112404,0.22421443093541576,0.1273253204355461
0.06263672830378593,0.06757597802099966,0.627552131169493,0.24223516250572147
0.3762185410733257,0.22641381772941024,0.27891348339309774,0.11845415780416638
0.2475988329391996,0.5020792397685739,0.005821082124461354,0.24450084516776505
0.15300224763880746,0.2804480843110486,0.4315030183996753,0.1350466496504686
0.47039137375674794,0.02267036403719102,0.208468964711905,0.2984692974941562
0.5080582843692435,0.19287540835479658,0.18453655281381146,0.11452975446214837
0.37956553692450473,0.38151886428253723,0.07502316205638392,0.16389243673657405
0.25365348374995556,0.2746010488113735,0.07652622679643861,0.39521924064223235
0.2599297008287857,0.012100673164105706,0.33284016612065764,0.395129459886451
0.20085634088942958,0.17769958975857233,0.2390527884872123,0.38239128086478585
0.5096046460642288,0.26220217370130466,0.2204334242237131,0.007759756010753328
0.054804747547759644,0.10743008834495736,0.5794999228576442,0.25826524124963873
0.036198242282626726,0.33113765693412617,0.3316126742465282,0.30105142653671874
0.06343495381987262,0.1334433173766622,0.7059413558682629,0.09718037293520226
0.5643825143061678,0.14305452011677824,0.17277458171624982,0.11978838386080402
0.1167560067453659,0.23975081669312026,0.13430070174589656,0.5091924748156172
0.31632926026360664,0.1988895173489672,0.3500334158183016,0.1347478065691244
0.45389853162559846,0.4575147999559048,0.05354491429584789,0.03504175412264882
0.09600447786055506,0.10908189319337462,0.14469574142361755,0.6502178875224529
0.7073505830161928,0.05889360216718309,0.04248951626544148,0.19126629855118263
0.28368007255825717,0.572269795132866,0.113001032530021,0.031049099778855845
0.0640300297627954,0.38134449082561644,0.14791044636377332,0.40671503304781476
0.5226926197105181,0.0046436729389602235,0.34966741087301345,0.12299629647750829
0.6229684268024374,0.1553532143064074,0.08016014363915899,0.14151821525199632
0.28171170143645713,0.02654446750991908,0.20181788049721763,0.4899259505564063
0.0008509889421764475,0.6455151620789311,0.31894208590293543,0.034691763075956866
0.6318090132876893,0.31741438050980025,0.029572216302686617,0.02120438989982371
0.14580050856141485,0.02557756019379696,0.37585666492766223,0.4527652663171261
0.44360236284497645,0.07774017250190993,0.3185412300154483,0.1601162346376654
0.2892632618400154,0.4320860243363163,0.0415875423853148,0.23706317143835354
0.25069576364060264,0.2137483237083943,0.2449278543599374,0.2906280582910657
0.14918174543612758,0.09278663693987027,0.3881809775131027,0.36985064011089935
0.06627522978088507,0.09187768717638556,0.3902778189144288,0.4515692641283004
0.02161845514629068,0.5059304591528572,0.1542316754892849,0.31821941021156713
0.38737491312587896,0.005492276915237167,0.051239107044321115,0.5558937029145627
0.3784381034361427,0.05032429929127508,0.5642109503124688,0.007026646960113508
0.05544970857090112,0.26015953135085573,0.17480383597000243,0.5095869241082407
0.4367761122822924,0.4666390680867093,0.050189562635333335,0.04639525699566494
0.5449578646958406,0.1582256411811126,0.11292758934654042,0.18388890477650652
0.3327227900607213,0.01188532766945445,0.024245615249153814,0.6311462670206703
0.14118490712543066,0.03207369890947893,0.25455600136578993,0.5721853925993005
0.007862457241359932,0.7619402012336082,0.005962944176493812,0.2242343973485382
0.10577124804662343,0.6776450258008284,0.04229706784296317,0.1742866583095851
0.4260763905009692,0.3018947915450848,0.2083532433734018,0.0636755745805442
0.6186029956606116,0.07833832698807532,0.20855809371054568,0.09450058364076734
0.04028831328132337,0.5112585215110296,0.06922726588789518,0.3792258993197518
0.40001632963729333,0.20117093187404125,0.3351583563101113,0.06365438217855404
0.5390508005273431,0.2655644770354837,0.08674823885918215,0.10863648357799106
0.10523783380715859,0.2608520530544769,0.2299017072269791,0.4040084059113855
0.33211342886555867,0.3165082894413125,0.17358643722489556,0.17779184446823312
0.2840836239751891,0.06322400305680624,0.0777698661996874,0.5749225067683172
0.6519758892477076,0.14025550841522824,0.12997946442457037,0.07778913791249382
0.39920767483757646,0.035383108137726604,0.21473988004885503,0.3506693369758419
0.585968523569148,0.010572500843079834,0.2991751599224015,0.10428381566537077
0.3430391210687735,0.3279622263642428,0.02158525096068284,0.307413401606301
0.31151969170563476,0.20045119124667263,0.27623592730347535,0.2117931897442172
0.00508619849541538,0.5902029386438246,0.2283760082549266,0.17633485460583342
0.03862001853808586,0.1472830580987709,0.4825972356370084,0.3314996877261349
0.5160145815735468,0.13442086106844814,0.032475353531800755,0.3170892038262042
0.10895231377574909,0.04899613348908496,0.8280754684436523,0.013976084291513691
0.28872739704726674,0.3629531028877501,0.02111139527432053,0.3272081047906626
0.08769575613684845,0.6637500543125362,0.1442652353430001,0.10428895420761526
0.2658391472071196,0.20588939528371922,0.1164045066292817,0.41186695087987935
0.16530637507059298,0.32113776417356804,0.17838324996645416,0.3351726107893849
0.6547421295880786,0.1150170504340148,0.033535665397619416,0.19670515458028714
0.7017149707869578,0.12336823874220947,0.1496859655728343,0.02523082489799852
0.1286345317421592,0.2903462855841568,0.4960765395793391,0.08494264309434496
0.1019145145589293,0.10601975241988718,0.4698201871252966,0.3222455458958869
0.5630648887613745,0.09795400615311892,0.015173644718830894,0.3238074603666758
0.6159059532854327,0.2461095538440414,0.03250149474633217,0.10548299812419366
0.40557377596047384,0.12580020122822097,0.08079714498285298,0.3878288778284523
0.401240969513709,0.19680881070501857,0.10259071775212993,0.2993595020291425
0.09705438115355142,0.2115090828206671,0.31163487383104554,0.37980166219473577
0.2149735359174123,0.2565830983893847,0.42256580630175683,0.1058775593914463
0.07759754760203305,0.20116480263334735,0.035999409795722935,0.6852382399688967
0.31151179661240297,0.15582254728885847,0.2790384778885635,0.253627178210175
0.023699661230800646,0.033718959198727354,0.7210466412230065,0.22153473834746543
0.00020707425417868712,0.3496654820929654,0.3451644547593962,0.30496298889345974
0.04631505065396716,0.5972371677021837,0.21907529098466372,0.13737249065918541
0.631661325116083,0.03021515524166344,0.005623135877946619,0.3325003837643069
0.24743579719249867,0.08944187424758783,0.28646394501280864,0.37665838354710496
0.07926740662468296,0.4855247344187812,0.27039265575234656,0.16481520320418935
0.5157201352075124,0.0642953968655877,0.24830428069285373,0.1716801872340462
0.4927670857028613,0.176634619262927,0.11870785995807312,0.21189043507613853
0.25948812664787185,0.4729102751110957,0.23881386726117942,0.028787730979853064
0.4279882106035532,0.18727416987238746,0.041050082346930264,0.3436875371771292
0.03914325023215448,0.7386702407549025,0.07381920873202014,0.14836730028092282
0.6750092206624047,0.2518357945303822,0.01014194917443579,0.06301303563277749
0.3731486193239886,0.184512185916827,0.015181209747260083,0.42715798501192437
9.633146633362004e-05,0.05319375869397636,0.33586477407038734,0.6108451357693027
0.08832075349036103,0.28080728970248425,0.050795653702041775,0.580076303105113
0.526657636838537,0.09129532491880292,0.2317147797810975,0.15033225846156267
0.39997709596019587,0.22669594064514648,0.15623237172589413,0.21709459166876352
0.24056009615652113,0.10243501017226847,0.582133830726121,0.07487106294508951
0.16039528238182,0.030301612975094667,0.6789089821577656,0.1303941224853198
0.3375271350740218,0.03545602767708026,0.20013459396528385,0.4268822432836141
0.3433353825242289,0.13631729539327275,0.2618672344141564,0.25848008766834196
0.40771178410116066,0.1255332246561619,0.3829986439733828,0.08375634726929469
0.08021399202448543,0.24069940853012833,0.43591478295931346,0.24317181648607267
0.1364675824756251,0.21874913087867986,0.30250729801980586,0.3422759886258891
0.7014998048182038,0.03396272492713765,0.16317113207526135,0.10136633817939716
0.0855783376247432,0.1630557021284017,0.7097501640820099,0.04161579616484518
0.26878575439203284,0.005006160147667318,0.4897301782423223,0.23647790721797757
0.20307471423992912,0.021805455837502083,0.06258058517354499,0.7125392447490239
0.07365487340161771,0.15553018270537625,0.7167403597537529,0.054074584139253035
0.33525957717220517,0.3371227281620852,0.2345306029327453,0.09308709173296444
0.007377789168714573,0.357774540374063,0.2969012676371765,0.3379464028200459
0.13869033177865064,0.11043039350210608,0.20246528582237766,0.5484139888968655
0.37138347111877673,0.34339596805658823,0.03860387811863797,0.2466166827059969
0.36964977643562946,0.17296191703620795,0.3059700269049132,0.15141827962324936
0.1452137403044079,0.29866975051677785,0.23521274243996398,0.3209037667388503
0.23032829460483936,0.07270615996482502,0.4972844851499684,0.19968106028036725
0.30472553451118284,0.29087283639426703,0.3770966016994787,0.027305027395071454
0.1710547845041344,0.11182492193537846,0.21163488616708634,0.5054854073934009
0.07952177503969565,0.3584040315988514,0.34616507918784317,0.21590911417360975
0.1321180926943094,0.4383554319845978,0.21330361927989394,0.21622285604119887
0.03695057499946277,0.15892299954221512,0.6768588773874369,0.1272675480708851
0.19181022166706346,0.30631211786782236,0.49916943921493473,0.002708221250179658
0.17866869514163186,0.3438247321758793,0.162911065097619,0.3145955075848699
0.1926016646086711,0.25607620561658195,0.3894467092892833,0.16187542048546377
0.21955542200063602,0.28929766264748646,0.08971990413605797,0.4014270112158194
0.05227581795667321,0.6599397268378852,0.16505631826309425,0.12272813694234751
0.17747173333246713,0.314580023371235,0.4209223450302014,0.08702589826609645
0.5545698347503247,0.06033557960759759,0.021564064123569864,0.36353052151850784
0.3624424931624546,0.5166660887669863,0.1173334061185114,0.0035580119520477855
0.05002301361793589,0.5069989596912394,0.19330094185395091,0.24967708483687373
0.11623676965341362,0.5656924243315987,0.02828057368309132,0.2897902323318964
0.06672711995480957,0.5246866198256953,0.14495383611575796,0.26363242410373705
0.08272358643633229,0.2710720710571312,0.15103054115518286,0.49517380135135375
0.1162144969416107,0.07587504005927798,0.6345605116911499,0.17334995130796152
0.020263266947365282,0.3927750367356193,0.3410570868324414,0.24590460948457393
0.7865379761191531,0.022752084980264223,0.18625036868875422,0.004459570211828511
0.4269639186167678,0.11827512325481394,0.40048350345436223,0.054277454674055835
0.015001620620641379,0.1333889549690328,0.5740696417017437,0.2775397827085821
0.029975649837176307,0.8419571049546397,0.00904151447517037,0.11902573073301354
0.5205908338057,0.2428499745049579,0.03066069993550468,0.20589849175383745
0.1986997868265885,0.20812218308492272,0.481954105140673,0.11122392494781584
7.677482058817617e-05,0.08599075227452055,0.30692877550663866,0.6070036973982527
0.08220463037790543,0.07824018520844797,0.6434582120973836,0.19609697231626294
0.2921462397584646,0.11179712775553921,0.08690990905800074,0.5091467234279955
0.019898301217140528,0.04677231949618572,0.8601502701092538,0.07317910917741997
0.1629137697915223,0.05203247477218746,0.16873359795907558,0.6163201574772146
0.2925509854135962,0.11146670720966717,0.12396471224354838,0.4720175951331882
0.7860964133008232,0.0843056105614099,0.035211647076795395,0.09438632906097173
0.22125725844605565,0.1640914177030338,0.15248652465793305,0.4621647991929774
0.016693188400340935,0.1460274935105317,0.33032241208426877,0.5069569060048585
0.2677618783348274,0.1863194832455801,0.11082644020427819,0.43509219821531436
0.7135138418120679,0.15245543967988992,0.03433508788426581,0.09969563062377618
0.13419920493602236,0.288002508382167,0.12016107214091641,0.45763721454089407
0.5225463620965423,0.2977919388894116,0.0801298119796943,0.0995318870343519
0.674465896896096,0.0005634427404081373,0.24691215794707375,0.07805850241642215
0.048596277355090686,0.6174470892445573,0.2357206693469075,0.09823596405344452
0.49704020815258926,0.07514518259489224,0.28228501932206995,0.1455295899304486
0.7116316246306503,0.015798008456087125,0.16305370009082812,0.10951666682243441
0.5458863339374816,0.3470681346018268,0.07726062131602623,0.02978491014466525
0.4543584918149262,0.2847944146990477,0.21313797807124554,0.04770911541478052
0.3280539554756453,0.4894425669965674,0.15457650281408733,0.027926974713699895
0.2498682321876861,0.4527506430085636,0.02538477792256492,0.27199634688118557
0.1293152543837634,0.29979273847995996,0.5623925751125187,0.008499432023757839
0.4650244721718189,0.020452695037134535,0.31174802363940446,0.2027748091516421
0.6119570942143283,0.1062638219737808,0.1594421516300635,0.12233693218182755
0.6652080741349228,0.15279546873966265,0.08555830345515124,0.09643815367026327
0.05340329248448237,0.1517053487224857,0.3410965024230497,0.4537948563699822
0.10946050656867502,0.02435830963774213,0.4437676165116881,0.4224135672818948
0.171300785825825,0.22386625950663877,0.1791696472118313,0.4256633074557051
0.7327360767748051,0.17892639986679215,0.01697001542738627,0.07136750793101646
0.4477733701584266,0.10516536962844808,0.3385752827932969,0.10848597741982853
0.10831550005305163,0.44380745530541416,0.06081547383708233,0.3870615708044519
0.19779492096012333,0.02311737214471576,0.3343833193049113,0.4447043875902496
0.10947196536343728,0.44259932747219605,0.053631811028938686,0.39429689613542795
0.07062726034089427,0.3870593641048116,0.1012528843376413,0.4410604912166528
0.02541356694468983,0.1435446299587075,0.5332744165494061,0.2977673865471965
0.334256457270628,0.27057235796971185,0.3917356718383007,0.0034355129213594266
0.014405931356782607,0.22683622908143353,0.13595345131913508,0.6228043882426487
0.05457524835239488,0.20918785006246146,0.07100674276142548,0.6652301588237182
0.057941680525020786,0.14823206707412007,0.13486883174965553,0.6589574206512037
0.23341384785271474,0.03432411999486668,0.37370683854757586,0.35855519360484267
0.768806245123388,0.17786880046372203,0.04190332614157393,0.011421628271316013
0.3438028871456119,0.1784991430762337,0.16977195907976722,0.30792601069838715
0.19647046896008274,0.29633213027184024,0.42991896810077956,0.0772784326672975
0.08563150230931506,0.4144734328126279,0.33316469425925194,0.16673037061880516
0.03499976853143566,0.05887147163080802,0.022243385653763235,0.883885374183993
0.27106452908462425,0.23871453204727616,0.1539270944307163,0.3362938444373833
0.00026398153082737776,0.747933749636217,0.2352907060818528,0.01651156275110293
0.37930810960947814,0.05485622318546114,0.14987832986476257,0.41595733734029816
0.3961081257387293,0.3627243326052111,0.23689167245217174,0.004275869203888134
0.2494565157950867,0.19994242184706937,0.4673343951259598,0.08326666723188403
0.3955885928029763,0.13683155436248157,0.10792453118209931,0.35965532165244274
0.0026433059616055104,0.29053595450700626,0.20320108927078767,0.5036196502606006
0.17135988943746366,0.18288630330670747,0.578422299836368,0.06733150741946088
0.33569938750752604,0.24034720086817396,0.3839168958416283,0.040036515782671776
0.42237635080212405,0.23293510569365158,0.29903860062406296,0.045649942880161366
0.10498327694928242,0.3058408651277005,0.19622531477682184,0.39295054314619526
0.2597319004816433,0.13161267440633956,0.504077319943447,0.10457810516857012
0.12439453146603754,0.7454495450798205,0.08817381553463058,0.04198210791951141
0.16037298910031442,0.24747549068271718,0.2795444440394116,0.31260707617755673
0.6135199449921618,0.18714392685133074,0.1426328527052891,0.05670327545121839
0.5887496338464064,0.011412616415687749,0.27160821682787645,0.12822953291002923
0.15267576087735213,0.32989215393259314,0.4270205552163759,0.09041152997367868
0.37730578686436833,0.30984603212698425,0.1183971926305988,0.19445098837804864
0.5010888076949185,0.2508731443817816,0.00851840356572071,0.23951964435757914
0.3393299244099685,0.19353246303045257,0.3081596110517069,0.15897800150787184
0.16624981304017958,0.6358252926637987,0.037839234455044626,0.16008565984097683
0.12897288752979122,0.16843790994805025,0.23606132069203076,0.46652788183012783
0.41591311850660806,0.3480670724570407,0.17703942440034098,0.05898038463601027
0.07479098367157434,0.3969204669668467,0.47218071131803274,0.05610783804354619
0.08016402583791844,0.6176993949832115,0.27116900366606805,0.03096757551280214
0.4583908420295163,0.08815944819767892,0.4273312271754924,0.026118482597312306
0.03293656258832677,0.153562762959225,0.5861053293689908,0.22739534508345735
0.32887882044600375,0.39303424046278185,0.23823257241990267,0.0398543666713118
0.22887859798381166,0.5039223593623109,0.20566193626566237,0.061537106388215204
0.12610310122062998,0.10436384683168534,0.5660116706997509,0.20352138124793384
0.14724445784733078,0.20719117095672293,0.22537928824430883,0.4201850829516375
0.26915970290754077,0.06900425397614147,0.1741236884673104,0.4877123546490073
0.04564490451572775,0.12227804708103306,0.6467488446907805,0.18532820371245853
0.012775232017181636,0.7314071808270997,0.18108483135164236,0.07473275580407635
0.17948949810585804,0.07249601766936427,0.537076988473431,0.21093749575134668
0.22388226408629952,0.33604595930049913,0.368376871952395,0.07169490466080647
0.12039888193780972,0.2634466812178643,0.43927602254712556,0.17687841429720058
0.078757543750965,9.483308095792217e-05,0.5568484994282354,0.36429912373984175
0.04477845267829846,0.25237197896284674,0.6557280546903866,0.047121513668468167
0.017065883102445806,0.3086757880829908,0.35919217747302334,0.3150661513415401
0.043316880221360085,0.4033736667679872,0.19897322916031326,0.3543362238503395
0.2985335245694906,0.06717087783013595,0.11731727271054608,0.5169783248898273
0.4178801579700575,0.35569912827335043,0.006544925911430047,0.219875787845162
0.45337432657726956,0.1454285594643684,0.29572532060814694,0.10547179335021514
0.486239200526006,0.012138599047163433,0.2171683952162976,0.28445380521053276
0.11594034356501942,0.36426372087313585,0.22439658041610422,0.2953993551457406
0.2809187150323331,0.18474789053160848,0.20211102753640411,0.33222236689965423
0.05466812593524634,0.0718617011701409,0.8657605776205193,0.007709595274093546
0.24343094108896068,0.288109094334178,0.2640654850006105,0.20439447957625068
0.0747254612947371,0.6278572022503935,0.03087297920831964,0.26654435724654973
0.4539988504497348,0.2958591114640633,0.0006805851102690148,0.24946145297593303
0.010309816297041736,0.2432573185962333,0.6473867407490052,0.09904612435771984
0.23888680518600655,0.5096188320584059,0.021582165468454182,0.2299121972871333
0.5429151887182516,0.10692561627892275,0.06792571431878491,0.2822334806840408
0.36441040817312864,0.24235651032469757,0.3016846366616289,0.09154844484054477
0.11750980865151603,0.21591596237831062,0.2911037211699016,0.37547050780027175
0.08477292917206267,0.027457759378336357,0.7119191562180384,0.17585015523156253
0.511944636007246,0.2821286821116455,0.049161914221327374,0.15676476765978098
0.35214732082121236,0.33641342899467946,0.10988011359175401,0.2015591365923541
0.018388456138498585,0.7592356270153982,0.056304418678602794,0.16607149816750047
0.025050089484793522,0.5352550387562223,0.0773003675654174,0.36239450419356695
0.12199172671513382,0.05609883692873233,0.19758449142928552,0.6243249449268482
0.29041551654381925,0.20257855978814512,0.20463309616802722,0.3023728275000084
0.4380682194338587,0.19720376604141662,0.05422539841929092,0.3105026161054337
0.08749690159836397,0.7335273890883519,0.14268525172451052,0.03629045758877353
0.577920922601675,0.029455478575526373,0.37745025202804233,0.015173346794756293
0.4892482544333932,0.46468057666053497,0.0209872901747798,0.02508387873129203
0.24235896591394213,0.29833686158879474,0.29852567742424163,0.1607784950730214
0.37385988178140406,0.20773821736600878,0.3064387979674356,0.11196310288515139
0.4618229876099545,0.32483283630008136,0.08770544638697242,0.12563872970299184
0.60571011621658,0.16886655823876454,0.19335550493934062,0.03206782060531488
0.0072409577854387385,0.5007786646942868,0.2198155641885995,0.27216481333167497
0.6665406172345791,0.2441264642808095,0.0002220253057874278,0.08911089317882383
0.4016816464897528,0.1168874670658912,0.2991569221447959,0.18227396429956025
0.300471278107857,0.441795337698495,0.13732075574712937,0.12041262844651858
0.07639212755164389,0.6045709615383171,0.1723763781297434,0.14666053278029548
0.15745566557935545,0.15725731588538788,0.4693688996044318,0.2159181189308248
0.06939372764036925,0.08041544420382976,0.4515531656526382,0.3986376625031628
0.022545932138459356,0.359692846638596,0.2865969680750341,0.33116425314791054
0.21756471116680115,0.5516108730472153,0.05970745079486657,0.17111696499111687
0.4099378805617846,0.27891665101293855,0.028490722262425012,0.28265474616285186
0.10843095957457022,0.5437235075924466,0.2217396939203761,0.12610583891260718
0.24800944045628984,0.31743428578602956,0.31932539992773296,0.11523087382994764
0.029131398225239743,0.609807813151113,0.12828153626057934,0.23277925236306793
0.23623544832166649,0.5527915849522654,0.044179943649939685,0.16679302307612834
0.19884091825070566,0.11506607927722304,0.49268482819774656,0.19340817427432477
0.24876863042956768,0.26501806038600306,0.014490388865221878,0.4717229203192073
0.030835594091339614,0.28169633303034225,0.32593474835160324,0.36153332452671494
0.42745446802063586,0.08173657526377004,0.13918454487389992,0.3516244118416944
0.10165194012635205,0.2343486881297604,0.47174083422892005,0.19225853751496746
0.03743654802281669,0.022250341933477073,0.21677847580928392,0.7235346342344223
0.1723076793018705,0.23295016562304632,0.36456529741245425,0.230176857662629
0.3261370097713246,0.5568029858071949,0.0903046536674024,0.026755350754077954
0.1661991564554605,0.40666960110961087,0.25915489093671024,0.1679763514982184
0.10437936405045865,0.5261915106101469,0.11542182900101321,0.25400729633838115
0.535926492168813,0.087565955569253,0.23521714438993624,0.14129040787199768
0.1180412648273224,0.13816251767549814,0.7311216575226646,0.012674559974514945
0.20130436804629534,0.044945544511239145,0.20112099685367923,0.5526290905887862
0.4499545291070301,0.2905139042204732,0.22080604698269715,0.038725519689799454
0.0453781243834694,0.23238507485468057,0.5833698608391445,0.13886693992270563
0.056404566990033954,0.21828405921260172,0.6027308320342551,0.12258054176310909
0.49667764425573563,0.3104433977530494,0.05050717081461048,0.14237178717660448
0.21936401690925286,0.10876120909417754,0.665541227540777,0.006333546455792582
0.5010207401617682,0.2476707609766472,0.08244910225894114,0.16885939660264337
0.9090826006568568,0.0037776265214908926,0.022042641730033268,0.06509713109161898
0.12687306295572878,0.42563472007387937,0.11706400337850134,0.3304282135918906
0.2824091468984346,0.6096921698656342,0.09841803951205436,0.009480643723876803
0.31637249591576844,0.014292771027889586,0.5137447946400037,0.15558993841633836
0.345575632215438,0.030698936811073045,0.17313604607158703,0.4505893849019018
0.35407375300675215,0.5245525721798544,0.031490774719612265,0.0898829000937812
0.19202027459467744,0.15403482555734155,0.45162858813519363,0.20231631171278736
0.06497672966222845,0.4565498775015251,0.19063321104097192,0.28784018179527443
0.0026018217124647194,0.1323309400520073,0.30424725169813754,0.5608199865373903
0.1236782227018689,0.054105512392762976,0.011537603343868745,0.8106786615614995
0.5478605506561138,0.1526776611214847,0.2919406975028574,0.007521090719544025
0.05156357940664081,0.3088539159646755,0.45221313916867945,0.18736936546000416
0.014241560509856812,0.009637934989703674,0.8534702700038175,0.12265023449662207
0.052837668637710535,0.2013514793779769,0.4782660707141677,0.26754478127014497
0.4498915731756255,0.3235276777823835,0.21985036004685288,0.006730388995138011
0.3096573773202395,0.08057088716456767,0.5086500889289404,0.10112164658625242
0.06747327895874249,0.15341431218550075,0.341747862255383,0.4373645466003738
0.35921604263759205,0.379245901297432,0.11681824681701694,0.14471980924795907
0.09071672654954202,0.30664480947324635,0.16873717998329477,0.43390128399391686
0.0041143492957643685,0.11294133330420066,0.6766487675838356,0.20629554981619933
0.5113019880043133,0.09667758629356406,0.3005319290910852,0.09148849661103742
0.3595887908117263,0.050502041536586814,0.5605860534608105,0.029323114190876208
0.15739976327639293,0.14228831773095577,0.34173251465236687,0.35857940434028446
0.23714667149233074,0.2770992561614146,0.22873634686197847,0.2570177254842762
0.3189676566494906,0.29280771274468964,0.06485103342625323,0.3233735971795665
0.4892365904179548,0.2102680364568487,0.04604688694025742,0.25444848618493915
0.2729983427063949,0.10603271058414256,0.3145171129346733,0.3064518337747894
0.19146090696347523,0.11015442041024864,0.388782127201171,0.3096025454251051
0.16275361658561532,0.08276705431436372,0.33685254904443845,0.41762678005558257
0.37094130483200194,0.23179358261677172,0.09024073067057992,0.30702438188064646
0.18373027801450317,0.48925115065190755,0.0013133619122262523,0.32570520942136305
0.3227615309171756,0.010189124278509681,0.2959630438057857,0.371086300998529
0.19631717194184112,0.6260658602984839,0.09893877193682153,0.07867819582285351
0.5954433788444635,0.007330790017208121,0.280394191317776,0.11683163982055232
0.07708201196658654,0.3838296868888869,0.10399266383275808,0.4350956373117683
0.043358237879616575,0.462216347412287,0.08814926250167017,0.4062761522064262
0.004062639454215003,0.6818183668216442,0.2999641292388864,0.014154864485254546
0.33997556109276084,0.3492332821580671,0.28068562032121935,0.030105536427952714
0.3954033603249999,0.11001229204083521,0.16648224008526286,0.32810210754890196
0.07875927704214551,0.0035176654652040473,0.4796776907045537,0.4380453667880968
0.14262950957725126,0.5673681685180414,0.16394351443952365,0.12605880746518364
0.2696090599047795,0.027495917526628756,0.09574634811377518,0.6071486744548166
0.004907821496457331,0.24380264403919893,0.07045509370169296,0.6808344407626509
0.5580317334513394,0.36436973143548274,0.028690273519055513,0.04890826159412236
0.004219616214713745,0.09276927584901933,0.5324883714725841,0.37052273646368294
0.3924399737039685,0.01548745947369886,0.2727427996481616,0.31932976717417094
0.14015246748350185,0.3233836308866266,0.3536332598555235,0.18283064177434802
0.46555687224120956,0.2809149971889179,0.06020423414821511,0.19332389642165748
0.28327623409191216,0.4132714040168655,0.20803149189144238,0.09542086999977993
0.34162802390921676,0.15492674637929502,0.3961041275595217,0.1073411021519666
0.2611689715183152,0.4745267953014989,0.25223727904045035,0.012066954139735672
0.06822392290377251,0.40367530697686754,0.332501422188454,0.195599347930906
0.2765723350985799,0.05758332101731978,0.04670597761933567,0.6191383662647646
0.14782201815229373,0.3889600893991482,0.08037336992608059,0.3828445225224774
0.28340331409760067,0.4192611333580969,0.020900771782690862,0.2764347807616115
0.10213377689742893,0.2880891231594352,0.3092403110884592,0.30053678885467666
0.35070348391215456,0.2402058302084771,0.2677275750183758,0.1413631108609926
0.4443251831911097,0.29677624718697787,0.10654195647046612,0.15235661315144625
0.21786677036374963,0.12674929196415946,0.6300293426867066,0.02535459498538428
0.7557984763615729,0.03815480837249711,0.07551234169131303,0.13053437357461692
0.42751946309518446,0.1021831041567313,0.2631027801439136,0.20719465260417072
0.00442030186820164,0.14403612307997085,0.40089011421188364,0.4506534608399438
0.21218920773043182,0.040864951789656524,0.641842294488655,0.10510354599125646
0.23021944716664633,0.008407888512645534,0.3224657796133756,0.4389068847073325
0.21542500359012023,0.34919682042788014,0.044885269167130426,0.39049290681486903
0.18982079786586972,0.10526751571664596,0.29141788053816936,0.41349380587931495
0.009587156671005211,0.06019316030962619,0.5111563462163162,0.4190633368030523
0.14245448435323035,0.18488369562086127,0.31891275577132855,0.35374906425457986
0.24716530601048575,0.5383113988037185,0.04061485453552117,0.17390844065027453
0.3320099302196112,0.24868440157559402,0.06545992352694668,0.3538457446778481
0.4645118065498762,0.11283800710260511,0.142809015173372,0.2798411711741466
0.4546645033850207,0.08193612652180761,0.3507889488929662,0.11261042120020572
0.10850946388002607,0.2959108248949204,0.13350822209291255,0.462071489132141
0.32378019114172585,0.45813242253959957,0.1993349670142071,0.01875241930446743
0.3856948766074543,0.11593835418589996,0.02015526378851431,0.4782115054181316
0.230101454021666,0.49065726047205965,0.048986804332242784,0.23025448117403155
0.2952564458929982,0.32969192093056293,0.046058353344954325,0.3289932798314845
0.2623375117198531,0.07801627667830933,0.45808864881283334,0.20155756278900433
0.1048509523764366,0.8219409313118231,0.05608388941155729,0.017124226900183056
0.4053071465954791,0.02014380672358236,0.35437261833911843,0.2201764283418201
0.5288134022678065,0.13297446677325075,0.03648612258934096,0.3017260083696018
0.46966105715147416,0.06741796914718184,0.4189481682633564,0.04397280543798757
0.23177382053657924,0.004086472975320681,0.16865867942259108,0.5954810270655091
0.07771350232111414,0.4275402953699474,0.08810561339760266,0.40664058891133564
0.38976339249435404,0.11564591979866076,0.022072615675999895,0.47251807203098534
0.07948116311148096,0.38676588592524125,0.2569921324830396,0.27676081848023815
0.00773376761703108,0.33724836887287946,0.1352723812210995,0.51974548228899
0.2805462795545437,0.07398840418820693,0.47372211189478347,0.17174320436246585
0.0951426399218049,0.04875576412279423,0.0018038308833683704,0.8542977650720324
0.01763218519996106,0.05283508523023384,0.4727206995283023,0.45681203004150284
0.026439554716559534,0.003888675410421825,0.6752488776184461,0.29442289225457263
0.11486963114706317,0.4797118213762214,0.28215461569010425,0.12326393178661114
0.021811873304760747,0.11878890460904584,0.8138099314324332,0.04558929065376027
0.4579543786895754,0.1037138668312563,0.20282571790960108,0.23550603656956734
0.19470438750363134,0.3430939308566795,0.4005588412170054,0.06164284042268358
0.7362719585338009,0.12152601003134121,0.06312775883919719,0.07907427259566074
0.32862786477512596,0.3225553278321205,0.1576097226904613,0.19120708470229222
0.09900459820798485,0.14097422974820298,0.7571384219225649,0.002882750121247306
0.33667428288577034,0.32814385380878824,0.10412089865004043,0.23106096465540102
0.22980339151563006,0.007779554542666971,0.10848326106817638,0.6539337928735266
0.32389936481885034,0.503568066404987,0.12165445192798252,0.05087811684818012
0.17476540461913753,0.18998560726619723,0.14267211835757182,0.4925768697570936
0.051078010944882055,0.4028761949698039,0.050581467387668035,0.49546432669764595
0.19617935263681624,0.3275886279756346,0.21467742470321843,0.2615545946843307
0.05509245968314387,0.7206055137958329,0.12617094573701215,0.09813108078401095
0.14937169526562397,0.2674710917853472,0.05418939517820758,0.5289678177708212
0.2555136235796703,0.15443133516229657,0.24663486306586355,0.34342017819216947
0.781393161443035,0.0049871948884114455,0.0028131818471782565,0.21080646182137538
0.09035512519479114,0.4027026137190388,0.052320951655760346,0.4546213094304099
0.17290821233321294,0.32490479011129936,0.2624087935899841,0.23977820396550356
0.24075774469027558,0.32305557661526496,0.19964647440247366,0.23654020429198566
0.5880294783234301,0.028726831136087008,0.16759034384660312,0.21565334669387967
0.5190196305714638,0.10335932943782876,0.06810918230984726,0.30951185768086026
0.2150288306219357,0.18531015053062508,0.04744285280823397,0.5522181660392054
0.04607812020489611,0.06041366054469626,0.6650026241122592,0.22850559513814855
0.030610900606259216,0.020801817821380988,0.496231598357142,0.45235568321521785
0.16252139879270003,0.29030566909976296,0.06556757731563126,0.48160535479190564
0.15082672773270966,0.2566213519791362,0.4766400045633939,0.11591191572476015
0.0697528562744337,0.5528358520798856,0.13160415873746584,0.24580713290821482
0.17860858849526814,0.17970496628098168,0.15130876788838013,0.4903776773353701
0.11665558797509239,0.36274363965578765,0.3904319823245726,0.13016879004454746
0.04893300000206946,0.5844679398655499,0.10855690207001976,0.25804215806236086
0.22772204977157307,0.655627641481455,0.054449557373506006,0.06220075137346595
0.6583081128910684,0.17325412961591283,0.053747442580496296,0.11469031491252257
0.0703854962934081,0.013081679056772839,0.1958837510801892,0.7206490735696297
0.2047212539210801,0.06770339247111792,0.26141504797122844,0.4661603056365736
0.09307395967155363,0.8003872012726133,0.011946171569736843,0.09459266748609618
0.3984026537884942,0.14496988479067557,0.255460715736245,0.20116674568458529
0.15003788509139582,0.005622265400840692,0.14236733017812134,0.7019725193296421
0.06726407992149977,0.14495570677249026,0.07189731282799483,0.7158829004780151
0.09757870295706468,0.07512604979127514,0.5300241964607817,0.2972710507908785
0.20145375692441314,0.012473852898858499,0.09195431840695491,0.6941180717697735
0.16776324426360134,0.11199888655255628,0.5621187962222403,0.1581190729616021
0.6931042732713699,0.1851929317134952,0.08634260579059658,0.03536018922453832
0.21656629819857434,0.23982346623282552,0.33104692033820904,0.21256331523039118
0.20977892107070534,0.3625135852154413,0.31262407579861484,0.1150834179152385
0.12175420862167895,0.06478703482660789,0.09719958915573151,0.7162591673959815
0.27261196153800904,0.39510521300028845,0.20898146391250053,0.12330136154920193
0.6032490007988878,0.10447502672593673,0.15515328103869677,0.13712269143647882
0.7361423404115459,0.04829077219094357,0.06791887815141302,0.14764800924609753
0.7739215423070501,0.024505979704240573,0.11397209022207531,0.08760038776663394
0.43397382234567783,0.29301767586095184,0.11387551866877542,0.15913298312459467
0.23574108475259137,0.6731844267746809,0.019940374861849297,0.0711341136108784
0.1502842935123654,0.08981120517230512,0.3078945272245825,0.45200997409074684
0.2213909023830503,0.6333555027995503,0.14012048198034432,0.005133112837055158
0.2788181419890045,0.6268177120447199,0.03372197488934525,0.060642171076930346
0.0031926669354972867,0.12706721269053425,0.33146213408534303,0.5382779862886254
0.6191087943401493,0.24214194620495225,0.09874448406482463,0.04000477539007376
0.2250120396292193,0.06840035480634017,0.5205508459221928,0.1860367596422477
0.23184308979411214,0.015666510553634206,0.7349793407839347,0.0175110588683191
0.09924706967997393,0.3094979569068144,0.4871697090635784,0.1040852643496332
0.04936332676502032,0.22277102226193607,0.570324645784464,0.15754100518857972
0.2695326610670089,0.44205385011719645,0.1892506510618796,0.0991628377539149
0.1400109879303522,0.032430054095378885,0.7577461821816743,0.06981277579259462
0.013697103314580576,0.030223527786741457,0.31495866109913834,0.6411207077995396
0.8877990144567071,0.03813245819569467,0.04237393892812462,0.03169458841947379
0.33863976039958854,0.5086378397629243,0.11772720777001118,0.034995192067476116
0.359610617664959,0.27315394186963093,0.18253554201700645,0.18469989844840362
0.45672280261599213,0.06591633024472972,0.4570828703989959,0.020277996740282387
0.05233717029313739,0.19508819578606926,0.07854924972558307,0.6740253841952104
0.20422841168245318,0.25745918309556964,0.3474886069661639,0.1908237982558132
0.08457116367832801,0.04628106485046893,0.29067242120468917,0.578475350266514
0.02082037519821091,0.05436025379152354,0.7960197661209414,0.12879960488932413
0.05189664074102821,0.3347295266899989,0.07608282742343347,0.5372910051455395
0.0710650356604277,0.42855845602786896,0.18040077324835627,0.3199757350633472
0.13766777031189742,0.5490486454043876,0.06425891324447108,0.2490246710392439
0.06681764770045859,0.4275588345924377,0.04216931063489812,0.4634542070722056
0.465212495844541,0.3056151453481203,0.18618950582869695,0.04298285297864181
0.5942417258405335,0.04642900829954191,0.061124477344818,0.29820478851510657
0.22729178170920936,0.7005901869837542,0.022758234388405484,0.04935979691863107
0.5285399694362692,0.3753111339763252,0.08234412562066874,0.0138047709667366
0.0012884038697287903,0.5073349784575781,0.08586275508774092,0.40551386258495214
0.20059568050999302,0.2541952946142289,0.46332088801527066,0.08188813686050736
0.2562306221714693,0.02504616342735964,0.17876402717939005,0.539959187221781
0.44209046855894174,0.38385557008252114,0.05012246665523877,0.12393149470329834
0.6112624389345378,0.07051816218056185,0.00895034941974842,0.3092690494651518
0.23962865615600984,0.356962398729393,0.10898283282130705,0.29442611229329
0.13302550353049047,0.05216099373196153,0.6561884696655594,0.15862503307198852
0.038140189716387204,0.06386464508774577,0.2528751604391628,0.6451200047567042
0.25668141958786966,0.04304720736583162,0.22603786349063798,0.4742335095556607
0.2632935364061309,0.017906528341913818,0.6193264078545804,0.09947352739737485
0.07920873014310338,0.2663442012939603,0.29189112177492293,0.36255594678801334
0.10593643658714748,0.270897920189311,0.3574823085289714,0.26568333469456995
0.09325060854828421,0.041321745490971055,0.8014800479256408,0.0639475980351039
0.7186286276812242,0.12850661525896678,0.11177152390844351,0.04109323315136556
0.18633546448209934,0.2883826227551411,0.5226228840345449,0.002659028728214523
0.18317204460034084,0.08761104128727394,0.2619509568939039,0.46726595721848124
0.18546017643125284,0.07038027511025606,0.5626733975959515,0.1814861508625395
0.10198857052366692,0.36504772269718505,0.4431022278275422,0.08986147895160582
0.23618692877445013,0.3134146076853784,0.21710498222442498,0.23329348131574656
0.3448526896280964,0.09428474406669363,0.31057136004052943,0.2502912062646806
0.006008419558794159,0.15801790044189323,0.4864323267215913,0.3495413532777214
0.17959924838769797,0.20457701134616202,0.5478892169016797,0.06793452336446021
0.5164971523579821,0.1144150986542035,0.31098668415780173,0.058101064830012726
0.26216093837977716,0.6598644421743024,0.028055723339832316,0.04991889610608825
0.15189960770862737,0.35792937039287226,0.06619270473343977,0.42397831716506046
0.23809982157057977,0.49618827235223073,0.1406403465326012,0.12507155954458837
0.6165829898142247,0.06126900100408222,0.207250854533162,0.11489715464853109
0.06931715086599884,0.28902137917181114,0.16321920083211638,0.47844226913007354
0.39292427530060137,0.3862910932016623,0.08793967613553749,0.13284495536219892
0.055350425467137275,0.4843530275128699,0.33806733126537153,0.12222921575462133
0.12039103441474913,0.37148284840482676,0.023655391643311357,0.48447072553711273
0.1597147416495961,0.039246796535102664,0.08170251061493057,0.7193359512003707
0.5009133022296545,0.32786589399089994,0.04252546945872711,0.12869533432071842
0.08853731421674269,0.4432311709245004,0.16332701582584108,0.30490449903291594
0.18979135120125679,0.3295617613188725,0.4538622953188911,0.026784592160979583
0.09701922475279871,0.5403236547697603,0.19432120848987416,0.16833591198756692
0.03969585704163428,0.026123209127062324,0.45163298563005955,0.48254794820124375
0.014689188771684777,0.3173753849796037,0.5186480960120909,0.14928733023662055
0.5182256603889861,0.0015874867725646344,0.3860859785153051,0.09410087432314412
0.030397679530559087,0.3285295917501492,0.44549307657243026,0.1955796521468614
0.019342679342083748,0.7328466787505686,0.1958219549749316,0.051988686932416026
0.4054506345418242,0.028908536572723777,0.39299831415915276,0.1726425147262993
0.19984397848247867,0.1339491238821602,0.09280851293418217,0.573398384701179
0.6566671873108343,0.029763246394282405,0.15531337750989066,0.1582561887849927
0.0098754051635424,0.1088166612826847,0.46366411398342583,0.417643819570347
0.24382710627889911,0.24338311459548645,0.4153261851684232,0.09746359395719142
0.5164314831939778,0.05725743980547232,0.23171559688692564,0.19459548011362418
0.036384953833570814,0.3024214112045604,0.07319925975093691,0.5879943752109318
0.3163417110325016,0.5504380422576823,0.027749913269340627,0.10547033344047539
0.29839051417616985,0.11954359696449691,0.4205364442813399,0.16152944457799331
0.05367545932089732,0.13479449782524186,0.7461261343449835,0.06540390850887717
0.30394776452035915,0.38317046775310337,0.1452484023046222,0.1676333654219152
0.6982695434089677,0.03794381237902036,0.22114431720394018,0.04264232700807173
0.4424735689309077,0.09582780562356627,0.2148190713393547,0.24687955410617132
0.15222956855853934,0.024613341128931536,0.17527483814778802,0.647882252164741
0.005831315268153729,0.09788226489369753,0.61691121678239,0.2793752030557589
0.03763273816762246,0.009871408199752444,0.8232423854303509,0.12925346820227435
0.23192865100310953,0.26302551738733065,0.4993638634771655,0.005681968132394294
0.3232542509257753,0.34638154170551305,0.004435885447578291,0.32592832192113336
0.033542003470493784,0.25193141004673963,0.006781779200385675,0.7077448072823809
0.2483253366314181,0.02642755348858327,0.010415396259651832,0.7148317136203467
0.7171812775212816,0.10404892786051334,0.13681763231378524,0.0419521623044197
0.31310573805533626,0.10514111797009482,0.05508673097858204,0.5266664129959869
0.15672017789558249,0.4071359778523715,0.2143405849536504,0.22180325929839562
0.38879789993309066,0.14050726244502,0.2388787110638223,0.2318161265580671
0.30459067111267973,0.4914821772140727,0.01280620188477936,0.19112094978846805
0.19741512801472152,0.3769355190533805,0.20404891123713192,0.22160044169476617
0.49274793900539826,0.27222400373173083,0.09827029995465206,0.13675775730821876
0.35570547762803617,0.38231808736964223,0.24306120843793366,0.01891522656438786
0.13364560765682099,0.41616845925852,0.2683972236110859,0.18178870947357323
0.0961483787131718,0.5978062189236628,0.0640682101348534,0.24197719222831193
0.5931848529898965,0.24321319360518243,0.11318150632395362,0.05042044708096745
0.29650115789605247,0.06620288894720973,0.02924575848198171,0.6080501946747561
0.601126956127641,0.058547424504505355,0.1644824731152204,0.1758431462526333
0.6364467878261554,0.05656067693655103,0.207720720519132,0.09927181471816152
0.6930299951092144,0.22966816004190793,0.00030349353941398457,0.0769983513094639
0.04829094434393791,0.7068673004047544,0.03320674077136095,0.21163501447994654
0.6046036380740938,0.2149837122557952,0.17005277016754725,0.010359879502563812
0.2964400624474153,0.24233940519753316,0.13668317623001197,0.32453735612503953
0.7562982939702957,0.14569232578221425,0.008994013943838041,0.08901536630365207
0.1831493948984684,0.28573201566512063,0.1575984385605324,0.3735201508758786
0.3627524812260275,0.304848234881821,0.03203141355086178,0.30036787034128987
0.6877554461469285,0.061909790892181724,0.22767851359051366,0.022656249370376105
0.28955757693008166,0.03073228128651299,0.4326452151826075,0.2470649266007978
0.045380977646753445,0.8304922122901022,0.004012066465291031,0.1201147435978533
0.2651152855870417,0.5125276844518385,0.21259353519626373,0.009763494764855938
0.2673089128942621,0.3184576569794858,0.3306438073608089,0.08358962276544307
0.03579851408376853,0.03605978558844409,0.8254655539754071,0.10267614635238015
0.06570036508164256,0.1971221448835221,0.574341023412494,0.1628364666223412
0.14105889145059766,0.10974599706090725,0.5522473840117273,0.19694772747676778
0.25357198126598623,0.5982744712729603,0.05871830797313963,0.08943523948791406
0.046265244323494756,0.5402497540682429,0.3266091986491487,0.08687580295911371
0.018847094499779338,0.477534064787365,0.1526826709578978,0.3509361697549578
0.13612073638151106,0.3918008824022981,0.2592631661547126,0.21281521506147832
0.6145784148690822,0.10914544342190205,0.06854586543004582,0.2077302762789701
0.2965277323850725,0.07570570474999434,0.40839222511239653,0.21937433775253656
0.3045984832545224,0.19050069730931915,0.47035562431723493,0.034545195118923615
0.07503659547751389,0.0483372271211878,0.7664916539612187,0.11013452344007964
0.06950116688745912,0.16508188606941038,0.09905909982558464,0.666357847217546
0.07012438166795079,0.651760053231726,0.09200034541372668,0.18611521968659656
0.29704405706025394,0.09706768618233458,0.35602381424501117,0.2498644425124004
0.05689498762608717,0.47379007712462695,0.13641306133627096,0.3329018739130149
0.20668931779154273,0.06411520959617814,0.42279586851035417,0.3063996041019249
0.487263738828268,0.11389510550044253,0.36874871439493834,0.03009244127635112
0.29370739180196165,0.11455791142685176,0.282375457013958,0.3093592397572286
0.05024255512308592,0.3507113891780924,0.554988352251319,0.04405770344750282
0.03179905415771355,0.2483275559583555,0.20361085714535881,0.516262532738572
0.015172910278268864,0.5441878876111561,0.25520289229089926,0.18543630981967593
0.15071500701691554,0.43499556280288626,0.004895072068033909,0.4093943581121643
0.2497582101483125,0.12466550194655429,0.10564577485022254,0.5199305130549107
0.10193704445170876,0.46146912436291915,0.07990920268182258,0.35668462850354965
0.3093715357160937,0.1535447080566693,0.360667748131955,0.17641600809528207
0.22712672782935392,0.14997715728322583,0.19704035894290017,0.42585575594452024
0.02072975395900901,0.1783645667664955,0.01805910643994699,0.7828465728345486
0.40189576141728006,0.2753471991401768,0.18769988092889556,0.1350571585136477
0.13154568938588218,0.1940170062919428,0.10928784462317025,0.5651494596990049
0.5275534986669744,0.27448454285566043,0.12028211026129156,0.07767984821607367
0.2567935015420242,0.2083915834424264,0.23785544939758485,0.2969594656179644
0.06807201084966848,0.3695993772266432,0.061779631473581655,0.5005489804501068
0.011311343846575523,0.7111914702541571,0.031251013702973576,0.2462461721962939
0.15129348201481888,0.7670939675166631,0.019389830114616435,0.06222272035390164
0.3172147333833268,0.30928510309973056,0.03853575376646453,0.3349644097504782
0.00961129683097628,0.4575232069547766,0.1285980619381164,0.4042674342761307
0.028250281683046892,0.3462348501457466,0.1272602922469367,0.49825457592426986
0.5685669438174074,0.07398158976995128,0.19786910380514713,0.15958236260749414
0.08748629538364995,0.35248863393874463,0.04029555529026171,0.5197295153873437
0.3555891585608441,0.10755508307153706,0.32764297543130344,0.2092127829363153
0.080080161385692,0.5961006156281075,0.03871243058956373,0.2851067923966368
0.03809833811358145,0.2696930745630016,0.12230903569538623,0.5698995516280307
0.0832940085563708,0.20237922739122446,0.34353033315381,0.37079643089859465
0.31728771268957107,0.05148071732186807,0.08357329160431687,0.547658278384244
0.012186207573535267,0.8216140272830917,0.06322853241038943,0.1029712327329836
0.11221473936629227,0.16092153919055097,0.1836659033602702,0.5431978180828866
0.03983773707781521,0.21727507078815497,0.27576270536932795,0.467124486764702
0.4436812090107622,0.3157612773255282,0.09104001987290847,0.1495174937908011
0.10597909756236407,0.163113241105842,0.7081389340424185,0.022768727289375703
0.17253949747555208,0.1848726031308769,0.5145876676979306,0.12800023169564045
0.2301113176653446,0.23918715702397236,0.2681027581164414,0.26259876719424174
0.3504533169928859,0.12343666377890707,0.49701794890415424,0.02909207032405277
0.3063667868544174,0.306854900810692,0.18542349797325308,0.20135481436163738
0.006214365698049952,0.4552427789018635,0.3566918346796396,0.1818510207204468
0.05729026108752912,0.006043456276429874,0.19735284670102676,0.7393134359350143
0.09979376156280538,0.4112677467785964,0.4215537276409607,0.0673847640176374
0.11466403483745298,0.08359989899307642,0.2564484514214786,0.5452876147479918
0.16423195462904933,0.4301307174755002,0.0773107918505887,0.328326536044862
0.10807670016837417,0.6161571118477813,0.06284178786126289,0.21292440012258157
0.20712200571671946,0.21485517625712858,0.438293104620767,0.13972971340538493
0.5302849909679189,0.07165446005415149,0.31572593863034326,0.08233461034758632
0.20836338223198692,0.35123059314529237,0.4262202509522737,0.014185773670447014
0.23566872217753818,0.33481737944486345,0.13819137176681723,0.29132252661078123
0.6848002837952798,0.26640955917728704,0.015485492933367706,0.033304664094065455
0.45033399735124663,0.19995248429863827,0.052571428111774884,0.29714209023834015
0.16605850501614944,0.27041240520096044,0.05694252637550873,0.5065865634073813
0.17383473439577224,0.6824283483246358,0.025064002352107456,0.11867291492748451
0.5360541945065441,0.13628848561518708,0.3112175789283134,0.0164397409499553
0.03833791448865987,0.22399521349783763,0.11224087960338061,0.6254259924101218
0.3467299507677624,0.03767575979173946,0.5342317793395155,0.08136251010098262
0.3199387896248847,0.06267740707830266,0.23818385950003573,0.37919994379677696
0.014000061416390291,0.3418429776466361,0.4304803035325992,0.2136766574043744
0.09496247603235458,0.7629217385803869,0.11217266050238808,0.02994312488487047
0.23323472861114855,0.10164582170932575,0.6263092977043846,0.038810151975141156
0.5778074192983037,0.19163039726118744,0.22717736719539955,0.003384816245109253
0.7582774801513774,0.04396827996777906,0.12603683628558066,0.07171740359526295
0.06604930764828629,0.41325722848513413,0.21331192264759335,0.3073815412189861
0.31694052285216906,0.567395069068298,0.03355628210147358,0.08210812597805944
0.05737676177548101,0.14181288823322907,0.16694039553469314,0.6338699544565969
0.07350275044445129,0.12239219106244567,0.1831875857858165,0.6209174727072866
0.08984677657297138,0.1617367556682038,0.37254823893627415,0.3758682288225508
0.5319710917211445,0.03861502471477096,0.05537790229564671,0.3740359812684379
0.06828736717991346,0.006316548825552153,0.39018282156497763,0.5352132624295566
0.33508760689247313,0.2666259269438359,0.36002245329859905,0.03826401286509191
0.1785193166890742,0.20295970779580513,0.4349503435207876,0.18357063199433307
0.08813763538162263,0.6301014096895721,0.015724488535638532,0.2660364663931667
0.6352936622021351,0.20307477478674485,0.15594928047055948,0.005682282540560729
0.029538587589415428,0.366182021472374,0.15587028507413675,0.44840910586407384
0.4865005033112998,0.40055750420292335,0.0030438291879533925,0.10989816329782341
0.11953685507844085,0.08757611666519674,0.11474386354243905,0.6781431647139234
0.5881274813930184,0.2639257483169962,0.07651578827551811,0.07143098201446724
0.36169763491866924,0.5889576541157115,0.044068320168431804,0.005276390797187448
0.04083305790182336,0.03155691158303577,0.38311769076808316,0.5444923397470578
0.4791481943623944,0.20186655769993192,0.2742054811279475,0.044779766809726264
0.33600740967001896,0.16377419758200207,0.3586202641818983,0.1415981285660807
0.05966451474937279,0.25742572474046266,0.3861642546234269,0.2967455058867377
0.2332464632986989,0.504735925915547,0.04939984196850644,0.2126177688172477
0.35851639876071234,0.27830425232477923,0.01933698239866404,0.3438423665158444
0.3650684798136538,0.024783128438630734,0.5349853465344564,0.07516304521325888
0.4170338471738278,0.1856478910783674,0.0863482978691354,0.31096996387866926
0.6157295932382161,0.18488915348755527,0.18525909835801976,0.01412215491620902
0.4633766980332975,0.18062207894460552,0.341327917204276,0.014673305817821058
0.2987434172048551,0.36396253577319704,0.33587936771412746,0.001414679307820387
0.01926603349493788,0.056493310659269706,0.5332346662473798,0.3910059895984126
0.2172190461298781,0.130584188671087,0.19419396750342927,0.4580027976956057
0.021686747458936888,0.3801833341232807,0.1433681548742657,0.4547617635435167
0.21980900722680213,0.3411545488782527,0.3557843506719342,0.08325209322301083
0.18700455317445108,0.021559257556093777,0.6871311749513375,0.10430501431811773
0.018667163224141668,0.444206734517281,0.32761942665085275,0.20950667560772449
0.014776855178654116,0.8340068826095616,0.07085499957844814,0.08036126263333623
0.2215198263927153,0.40783155410285366,0.06800786978261401,0.3026407497218171
0.142294103796626,0.1892747041305989,0.5116934759613893,0.15673771611138593
0.220635639624246,0.27111107951940805,0.4494150751334798,0.05883820572286622
0.3164977185702037,0.23686662412731926,0.10166092203702262,0.34497473526545447
0.35307758076405665,0.16649976670686664,0.37515176467681094,0.10527088785226592
0.13018495958564255,0.2375683333111725,0.11566993642863206,0.5165767706745528
0.11227228483120379,0.17691637990489564,0.45146758762603867,0.2593437476378619
0.20816559362541437,0.28023644725998903,0.11114492868669759,0.400453030427899
0.05423196562277629,0.3226366025924991,0.570159867366831,0.05297156441789361
0.4000321307187345,0.2628922444736,0.1151725784552944,0.22190304635237118
0.127539820883195,0.2716103113355876,0.3876544936260209,0.2131953741551965
0.012815941487977699,0.042240054904428316,0.6630818579275803,0.2818621456800136
0.09676478102608393,0.6696372216999036,0.10780047074750637,0.12579752652650597
0.06828601453310425,0.18834045194008422,0.02340493816631568,0.7199685953604957
0.05476186162663568,0.10601863837941945,0.5742179406832636,0.2650015593106812
0.026888841920145685,0.16067431229354948,0.47315474880168856,0.3392820969846163
0.0005735633537593443,0.49697034386644856,0.3950620213573006,0.10739407142249155
0.5570579544633394,0.22808893158316637,0.1659187137001797,0.04893440025331448
0.4422109645200468,0.01674036095160062,0.5210838383156099,0.019964836212742722
0.29930603803179423,0.2006362653059173,0.29643639878139805,0.2036212978808905
0.28699592800216145,0.07500448460515156,0.22745181577388546,0.41054777161880157
0.7223387674027814,0.04363463466663065,0.18390275982449011,0.050123838106097836
0.0006216157350555461,0.5439853010307713,0.017585993365031877,0.43780708986914135
0.287051181242592,0.15110681670286927,0.21661272312165497,0.34522927893288363
0.15938840021785658,0.12055555648982574,0.6417738810236038,0.07828216226871393
0.33366731666310245,0.10525288145948784,0.10121263609434214,0.4598671657830675
0.13571028094236973,0.7850962374980365,0.01865136742218694,0.06054211413740691
0.08356627799112115,0.15054859131223053,0.6186061938253309,0.1472789368713173
0.16310528073109956,0.7180193711110474,0.11580768194406833,0.0030676662137847084
0.06348653912892313,0.326862973169132,0.48907971298363356,0.12057077471831144
0.4902319357814713,0.07682187481216482,0.2270716577320264,0.2058745316743375
0.1846731212336512,0.06686686934243462,0.403386828090478,0.34507318133343634
0.05249011729834518,0.026326891815819414,0.7051905709016552,0.21599241998418037
0.2930205873834715,0.22863051042596685,0.2369183541883543,0.24143054800220753
0.23478698021728087,0.535078602381246,0.22969443943605852,0.00043997796541445376
0.24049781709746812,0.09565059335488216,0.2166483277367997,0.44720326181085
0.1595228943118263,0.3979773706980325,0.13541121734858055,0.30708851764156064
0.3009874079756805,0.48641133766142325,0.19991546388906684,0.012685790473829402
0.5951970440275648,0.18608271936103515,0.16031281807054948,0.05840741854085055
0.3336820934255022,0.12266010500877832,0.10770902698987159,0.4359487745758479
0.08612534251188139,0.46360890716323294,0.20674280252110164,0.24352294780378408
0.21730408864430945,0.06733539054547896,0.368498462364308,0.34686205844590356
0.0320671653320514,0.27449000855291134,0.17753805199622638,0.5159047741188107
0.2555287182987903,0.4088309562300431,0.2836757119436452,0.05196461352752134
0.27222625940846634,0.2853805637087392,0.42581094232351524,0.016582234559279284
0.1478350336347567,0.2644791437746959,0.5199175128741754,0.06776830971637193
0.21330889958711347,0.33423032492432886,0.17487005867455166,0.27759071681400604
0.20340419288110792,0.5917395459934198,0.08519535622097248,0.11966090490449972
0.05735050560436666,0.9077854378790169,0.014865597202280804,0.019998459314335536
0.10232461614577373,0.1207468320270647,0.6075069803025155,0.16942157152464613
0.8425270830972504,3.036092697480367e-05,0.13790747039098292,0.019535085584792018
0.10535756133078801,0.2871039878224741,0.32965388667489853,0.27788456417183943
0.10799035182501827,0.06405092137127612,0.7916521902752668,0.03630653652843864
0.38411339819158236,0.13030673814102456,0.47248594752674233,0.013093916140650776
0.17622348994690532,0.6625582299474809,0.13163385266857314,0.029584427437040626
0.17817873009155083,0.17688334323765736,0.2446112537884642,0.4003266728823276
0.18630182665208955,0.46440771706625456,0.21580222992286965,0.1334882263587862
0.2380238343595802,0.5007801385956672,0.19097600824639696,0.07022001879835589
0.2684349966067902,0.05668455689227074,0.21904690099903842,0.4558335455019008
0.5378674457359113,0.13564129478267078,0.23738234916668724,0.08910891031473066
0.14403738682548087,0.31950570046221716,0.05538920002633205,0.4810677126859699
0.1177210117356793,0.271871168204121,0.22448882550196803,0.3859189945582315
0.1373499472843571,0.15178891353780738,0.2104752491953149,0.5003858899825206
0.40685369191668846,0.09180742629812998,0.0010187138122195185,0.5003201679729621
0.23913855150855726,0.22171296079070296,0.27251500421920855,0.26663348348153126
0.2231804915178743,0.25994321727071434,0.32235495499448447,0.194521336216927
0.06054343341641707,0.867386528286658,0.030934315121742877,0.04113572317518207
0.11952174051283482,0.012369965701700987,0.5632702584542257,0.3048380353312384
0.013326860076271901,0.2368741633914302,0.10141691390714513,0.6483820626251529
0.3421082746723391,0.0021992151866868665,0.03257004692517591,0.6231224632157982
0.542457818106016,0.07646266705571744,0.01409878662691381,0.36698072821135275
0.24338072295601249,0.3838972633111195,0.028346731923315254,0.3443752818095527
0.49841447701077973,0.2324334660917787,0.1783558809914991,0.09079617590594252
0.05786772180324851,0.5856442642490592,0.04967757901701533,0.3068104349306769
0.22172509409675356,0.3469048361694427,0.07874044767220154,0.35262962206160225
0.13035531811169657,0.20699424149558782,0.6144488832777435,0.04820155711497215
0.4706297440170972,0.0016236952359569852,0.06682248818924996,0.4609240725576958
0.016523841784489648,0.24451333601227163,0.6160730857661286,0.1228897364371102
0.005352188093649192,0.023431216834885346,0.1777923075495362,0.7934242875219293
0.13873194959118976,0.00966803562195078,0.33216116266087037,0.5194388521259891
0.24893718347087482,0.08665550477210951,0.09902576565954849,0.5653815460974672
0.50511014679447,0.23590674538938036,0.1099695335966231,0.14901357421952663
0.4692389210672488,0.1269665448509602,0.14126298794824638,0.26253154613354474
0.06416318752121586,0.13512535187117797,0.10236056028335655,0.6983509003242495
0.15196053241735344,0.3308460844978518,0.03309811455399456,0.48409526853080015
0.5869977880870788,0.35388857006723773,0.01760601708293241,0.04150762476275103
0.08217731618431823,0.3876579884321503,0.43435649503600343,0.09580820034752817
0.28340258877752666,0.057932414981263475,0.45125389707516084,0.207411099166049
0.37105178732985844,0.5317788513886619,0.008430857667913003,0.08873850361356675
0.21247955460198129,0.6949547655260702,0.002134903335142712,0.09043077653680583
0.24106977280289973,0.048337922415392726,0.06725422134933297,0.6433380834323745
0.5036691927123776,0.251607554004868,0.16210045180872262,0.08262280147403167
0.3060797257446197,0.02658606725078237,0.6000964168780564,0.06723779012654157
0.2809040843088819,0.1391691653160301,0.31593520105529127,0.2639915493197967
0.04108811691096828,0.7466670953161507,0.14930665024106266,0.0629381375318182
0.15689192665566914,0.4670286678230552,0.09584217131661764,0.2802372342046579
0.2688716256750392,0.34198863411343083,0.13618128392165732,0.25295845628987274
0.12234721849790017,0.5743889454230577,0.01767623289734547,0.28558760318169685
0.22987108724590039,0.4313915493003203,0.1717836531394923,0.16695371031428705
0.22493517942061989,0.03389218854153973,0.4233644875918444,0.317808144445996
0.10864710328448487,0.19226663823299,0.5407283120725765,0.15835794640994855
0.07057691167472187,0.2536299899285526,0.3606335907167284,0.3151595076799972
0.22775347064942564,0.7452943870051739,0.02255886777986851,0.00439327456553187
0.26310665673437267,0.09688642905207946,0.23628613667143514,0.4037207775421126
0.15495757211748584,0.18839610345852437,0.5442533432382266,0.11239298118576324
0.27606583019136227,0.10931799193420311,0.11631452712523102,0.49830165074920363
0.3765398170269501,0.04790321460267338,0.3425984728948116,0.23295849547556485
0.17693210514529337,0.41454527780117023,0.36942012422053566,0.039102492833000685
0.13780706770463144,0.4874832964834114,0.22801602717764707,0.14669360863431014
0.07533654365789552,0.06740853676384786,0.7873651039977472,0.0698898155805094
0.1784561979474585,0.32437087767806816,0.2513185289659104,0.2458543954085629
0.09296120237977018,0.17861278646897924,0.022431438983297403,0.705994572167953
0.016691420554496322,0.06298301802305711,0.27869130478515663,0.64163425663729
0.018547841107329998,0.2807542954112503,0.3767405423202438,0.323957321161176
0.25785359970955296,0.3439196546855302,0.003553022884943204,0.3946737227199735
0.06740833814622102,0.10122119448760498,0.3914738605481505,0.43989660681802345
0.6257600929046626,0.3103597064761908,0.04756545970352651,0.016314740915620192
0.08453255444161786,0.127825690816457,0.6994972189264718,0.08814453581545338
0.1724366743277852,0.04559808175873899,0.49193433956677435,0.2900309043467015
0.04298778508651421,0.7542473558115191,0.021409440356589017,0.18135541874537753
0.07457880735595762,0.20964877519016897,0.47363126556521445,0.24214115188865895
0.2556350405484763,0.5449940328391789,0.07765887033013687,0.12171205628220806
0.19760333563814445,0.1270719150001551,0.20928472331991038,0.46604002604179007
0.09082330803730164,0.1071571645368842,0.21435869205852165,0.5876608353672926
0.09472271728605634,0.471801516859878,0.13165061923347693,0.3018251466205889
0.05499323381340358,0.5330146182996446,0.03605276972201531,0.37593937816493656
0.5880032062396681,0.04139627668450929,0.22747432371145,0.14312619336437263
0.105511096308837,0.311502478812037,0.3204785993172879,0.26250782556183805
0.18494604573411222,0.04426287223908485,0.1492343887797718,0.6215566932470311
0.1515226485669432,0.3853784304026118,0.015810554528068975,0.447288366502376
0.5246749985141158,0.19209757217679846,0.10031870199476074,0.18290872731432506
0.313524970254548,0.0824674088427588,0.5571557078560502,0.04685191304664286
0.019126970875772864,0.3382985384630177,0.42120032513613803,0.2213741655250713
0.07572164618147575,0.24723776876320439,0.22398947544957237,0.4530511096057476
0.34453240578953653,0.3023126594813864,0.1598505031194473,0.1933044316096298
0.07531968304685713,0.5336418064764338,0.15970561188220203,0.23133289859450717
0.21011497922845593,0.22978445575750814,0.14173015123592922,0.41837041377810685
0.4288301879188147,0.1900965589600499,0.2955647622903953,0.08550849083074012
0.24976332493303116,0.28858715086239156,0.1831663161177453,0.2784832080868319
0.1005062389051715,0.3742026332886899,0.3669872317323229,0.1583038960738159
0.6395710871205501,0.3402964781242749,0.00864978635469815,0.011482648400477056
0.1836302545786776,0.18196500505019278,0.3876080078136945,0.24679673255743523
0.2606654922206335,0.24302829901842624,0.4468014152229084,0.04950479353803181
0.18838407028009121,0.16743492433558488,0.3729720699252406,0.27120893545908326
0.2908633348113624,0.12905968587532413,0.5475086768920149,0.03256830242129851
0.08111195473034076,0.3228854473935749,0.4242190810972857,0.1717835167787987
0.15968086249199315,0.03810464635262591,0.785640146046306,0.016574345109074837
0.5270221850694535,0.2500168499312743,0.13878554629357567,0.0841754187056964
0.09403060166972418,0.4060454844318856,0.03206230912003134,0.467861604778359
0.047740682507568875,0.23020551093281696,0.2122109544673963,0.5098428520922178
0.020247240452454008,0.3431724134828037,0.3441402052663459,0.29244014079839636
0.3306783092076455,0.2635821769678751,0.27427425392452376,0.1314652598999556
0.031047996056816976,0.3314263806020087,0.5862012598748683,0.05132436346630592
0.24475513353725273,0.0034849484615159195,0.11078472384097908,0.6409751941602523
0.027172123921869375,0.251266156808516,0.6580078294415779,0.06355388982803675
0.02391769499243286,0.3045025738062865,0.3673283984610961,0.3042513327401846
0.16116936084247183,0.12739162129940823,0.08677799590073354,0.6246610219573865
0.18150084239638883,0.26885739406360376,0.21318163387499584,0.3364601296650115
0.07565808522754645,0.43868102643783724,0.2573402520711637,0.22832063626345267
0.36663997516718677,0.16554602696999754,0.40689989429045686,0.06091410357235874
0.536438706120748,0.06306066961984456,0.01852568000298019,0.3819749442564272
0.6012904909016824,0.10182362813670444,0.12848838389860195,0.16839749706301133
0.138470658896356,0.0439799110028656,0.3442078229497386,0.4733416071510398
0.2164427175745563,0.10201934672988573,0.01717651209770941,0.6643614235978484
0.6337810353229092,0.24920705167603022,0.07098793934490509,0.04602397365615554
0.03457912433499603,0.33960100641990376,0.3267522961233691,0.29906757312173093
0.3109934975673902,0.05130717228771246,0.22666855302988637,0.41103077711501107
0.3338155626897347,0.10749483146810329,0.17952480428361342,0.37916480155854876
0.18720257487971206,0.059555535150792004,0.043638009766337124,0.7096038802031588
0.29347075234148484,0.24225520099834288,0.3471179545346782,0.11715609212549408
0.7972742738694618,0.031087524757460284,0.08398657379841176,0.08765162757466624
0.017011792273106494,0.1161839352420835,0.6122203833141218,0.2545838891706882
0.03173519184207312,0.16105361058156095,0.6490469304496725,0.15816426712669326
0.3325112809505977,0.570841653152127,0.0518337258721067,0.04481334002516858
0.0009503002406984001,0.2023957369757641,0.7046453583640157,0.09200860441952194
0.05712793191807391,0.6007788777296643,0.2348209869383763,0.10727220341388535
0.24544534147540417,0.17761512957950498,0.5522991211083234,0.024640407836767443
0.02228097661954929,0.002110949077422063,0.3591128053623621,0.6164952689406664
0.368689440003531,0.23332628840091404,0.33059575039899225,0.06738852119656268
0.08820770663331942,0.5428190064155893,0.18462906655934141,0.1843442203917498
0.03621062007533981,0.04444363162663088,0.2435479979841353,0.6757977503138941
0.4650347615773318,0.002265873419790364,0.47698207614994687,0.05571728885293087
0.2525982624569996,0.48718655668977023,0.19832913242872616,0.06188604842450392
0.05753881870031451,0.0743714341664991,0.26664414591042995,0.6014456012227564
0.008739729822391601,0.6222934891032358,0.11992987613027521,0.24903690494409741
0.1660268827919985,0.5787477226082373,0.04995559750170154,0.20526979709806267
0.12379517732497167,0.5250894120414147,0.11648577974046727,0.23462963089314642
0.2108776598242512,0.3980370184407779,0.21435796940275137,0.17672735233221976
0.657156191124034,0.10086317366823867,0.00503831480398603,0.23694232040374116
0.009255457969112535,0.5894821745646924,0.2967639272866557,0.1044984401795393
0.4087510079261212,0.4472314278367236,0.06425284228215261,0.07976472195500266
0.49597791446909695,0.14803428459669332,0.33275259850554134,0.023235202428668403
0.3633408426802026,0.4100775812979853,0.169818150553151,0.056763425468661206
0.05738885224279928,0.48506640866908785,0.22136237974895584,0.2361823593391571
0.011372396982383171,0.46832303271459397,0.15652525986463364,0.36377931043838924
0.7582116150556968,0.18039608924248504,0.00203686230828243,0.05935543339353569
0.08401055828215383,0.04976886470460307,0.8001723796321946,0.06604819738104843
0.692414870151023,0.10744346450206552,0.036084086318458594,0.16405757902845294
0.023525441941713382,0.06628099785416176,0.5403591002356978,0.369834459968427
0.008173158963995467,0.21400551000059884,0.18670843954845526,0.5911128914869505
0.33370681015609155,0.027900588443220572,0.2204158102451977,0.4179767911554901
0.031909511339806365,0.12422081312292693,0.7088405365028441,0.13502913903442265
0.06577179495653801,0.38814882938989936,0.4001995767984564,0.14587979885510627
0.37073210342431356,0.010389163617870035,0.3361654768094552,0.2827132561483613
0.13590055759549588,0.40628951063584073,0.15613084635510008,0.3016790854135632
0.10147015845595588,0.4252224634390503,0.10454809612356149,0.3687592819814323
0.11479815222408266,0.4098563825945805,0.010697144378923011,0.4646483208024139
0.6258640679646568,0.06923666837453012,0.19988224426829182,0.10501701939252149
0.0635346060884422,0.09761023647932543,0.6081459622609203,0.23070919517131203
0.033593867532046184,0.19100352287253097,0.1673905497002413,0.6080120598951816
0.06972187834083172,0.2870625140017665,0.17892045040004095,0.4642951572573608
0.3758778953513385,0.3235740914284605,0.2727508200411602,0.027797193179040936
0.006045019456963197,0.9206421488241804,0.007574257193839653,0.06573857452501689
0.5751026214044832,0.061602989711338596,0.3516573810707183,0.011637007813459726
0.1012068266786952,0.5686408445703847,0.28037678824147744,0.04977554050944273
0.021499647024283062,0.7814329189751982,0.009062888291466209,0.1880045457090527
0.20891992348572325,0.03624980898169049,0.558260473228527,0.1965697943040593
0.13186012712562284,0.3008954702321902,0.20791043926212763,0.3593339633800592
0.7013370388597274,0.002267382043494598,0.12357371301779663,0.1728218660789813
0.07825460612957065,0.15013612220203862,0.5185817088198437,0.25302756284854705
0.20633781109762855,0.5452473346339632,0.004757326224794776,0.24365752804361346
0.05242985719581173,0.15162453048445718,0.5125889497039181,0.283356662615813
0.08913071348520811,0.17652153728842157,0.328978245233009,0.4053695039933613
0.5455594086031949,0.0941484160794404,0.06035111233440883,0.29994106298295603
0.5541786496819664,0.29530324774675826,0.10756070368265103,0.042957398888624446
0.36594000619019657,0.27919983738574866,0.31046998169255013,0.04439017473150464
0.04489260841034963,0.03312084276946228,0.8139706484526664,0.10801590036752161
0.22615657271646497,0.6859501078917877,0.050573099987524545,0.037320219404222865
0.05628972121576996,0.6945880417074387,0.07551828586398227,0.17360395121280914
0.23902196630159858,0.21442604313699518,0.4929703929482372,0.05358159761316911
0.1049598715929853,0.2824098534103734,0.44443746281569824,0.168192812180943
0.04218924565355132,0.12674202123491995,0.2680896200135727,0.5629791130979561
0.7262769169248813,0.0027638333456980607,0.14517085690231796,0.12578839282710258
0.18637943769317694,0.2507302622026744,0.4084801986022121,0.1544101015019366
0.10679019757731263,0.4647408832663253,0.13914400664882232,0.2893249125075398
0.4956045598411887,0.4584711719325734,0.004144415278440032,0.04177985294779772
0.40164801909874975,0.39475383747962395,0.1727202830052017,0.030877860416424655
0.40476905836335325,0.19961332705686274,0.308529499043962,0.0870881155358221
0.07020133565312751,0.5419913467583961,0.2960210952878643,0.09178622230061223
0.5415822019856703,0.3777277475601166,0.010796357892699511,0.06989369256151363
0.35695708881434074,0.48370617125847304,0.10856269765285896,0.05077404227432736
0.221704010305296,0.36619903975617213,0.3864873840810464,0.025609565857485576
0.4749096064322623,0.17265778808145835,0.34220846988574827,0.010224135600530987
0.32151456087498015,0.4534751466947396,0.08516521794449063,0.13984507448578948
0.14962974667759027,0.10695392668318639,0.4366033896773935,0.3068129369618299
0.003038584652541738,0.3630307116985324,0.5747808832658775,0.05914982038304826
0.006351810417082881,0.10128758998104721,0.16685794848604063,0.7255026511158293
0.42433150430353467,0.046462299647544364,0.3486844246294973,0.18052177141942363
0.16679791631895727,0.17669007761129615,0.6182025019183304,0.03830950415141624
0.160871274438292,0.15125264385173381,0.38819355535076516,0.29968252635920906
0.2639276708990471,0.5044422716767174,0.10761271824311877,0.12401733918111671
0.053091056019008424,0.20918425716202357,0.4103788360922754,0.32734585072669253
0.003811716348945709,0.025291068518178843,0.5539444223198225,0.4169527928130528
0.20834592585263553,0.39472596351154277,0.3745722399996112,0.022355870636210504
0.4530166140406137,0.22812866196726775,0.03776233109749684,0.2810923928946217
0.2674868570314296,0.3307943567694993,0.11691767975450644,0.2848011064445645
0.13331434807821987,0.09338337737939745,0.6346564249121194,0.1386458496302633
0.1867338468388545,0.16176172539060993,0.01843606968093973,0.6330683580895958
0.12335157484048487,0.39602074325305286,0.3554872861064014,0.125140395800061
0.2107991071804835,0.29180728501824765,0.04176559767954042,0.4556280101217286
0.17668605221091108,0.4497441203559465,0.30011775185523326,0.07345207557790905
0.039383040935614094,0.1085374487186733,0.20007670880735395,0.6520028015383587
0.10351836387805288,0.2101242941587051,0.3844471514804894,0.3019101904827526
0.05857356444869387,0.4235500173221045,0.3296019189650466,0.18827449926415507
0.02812736186644434,0.17824571572659617,0.7188952770513686,0.07473164535559078
0.04310876476493447,0.3675324854774151,0.33343196200705294,0.2559267877505974
0.5426162557738562,0.0016397128804928355,0.1378106857675111,0.31793334557813985
0.43631801738721976,0.1774266716765044,0.34330226834521244,0.042953042591063355
0.3737510952106563,0.11238410846335384,0.1411553961265988,0.37270940019939114
0.7182990914557864,0.25041095220026105,0.006827958577998185,0.024461997765954372
0.048819732996587824,0.47970581549824465,0.46972772853835687,0.0017467229668106552
0.49487797325470534,0.10521847467672266,0.2866530734325459,0.11325047863602605
0.03322298857363218,0.5553733514290152,0.06132213008197301,0.3500815299153795
0.452411518328285,0.224123027912223,0.21424952518564372,0.10921592857384825
0.3789235390981922,0.26057707224068016,0.11736972656450406,0.24312966209662362
0.3562605884313265,0.2845501890519466,0.11301700320487677,0.24617221931185013
0.12340083259470108,0.6720756937313467,0.18410353237294586,0.0204199413010063
0.30038820747852407,0.017879773007309988,0.5737005670893259,0.10803145242483995
0.5980939763084018,0.047571072261252324,0.16474270095887975,0.18959225047146608
0.14253375002227875,0.2656987241699248,0.10639883128957715,0.48536869451821946
0.6049867936289545,0.004760299789287201,0.11985024136963064,0.27040266521212775
0.1612218219347461,0.36748910471421464,0.31800539658726934,0.1532836767637699
0.2835019979441346,0.5236182419209684,0.13557026217307003,0.05730949796182703
0.7125848716138763,0.05274585649937937,0.06176874709493559,0.17290052479180876
0.19575084794430175,0.07176181879352493,0.1661746551014107,0.5663126781607626
0.045084372892055635,0.4725304589515841,0.20144344565402117,0.28094172250233906
0.07369059838220922,0.5324536130682713,0.31476396965026876,0.07909181889925088
0.17552628009905016,0.3840614344263019,0.0879939461003536,0.35241833937429434
0.46438885571944466,0.2970526174046584,0.159304529640271,0.07925399723562586
0.14222163276516714,0.1782684705858491,0.05176090254585099,0.6277489941031328
0.36481990811549064,0.04391026180555312,0.2422676564705799,0.3490021736083762
0.1204185029363411,0.3802795775389399,0.41389245548735637,0.08540946403736253
0.02514993546107874,0.38830881079490737,0.3267816721337865,0.2597595816102275
0.02431621168828327,0.0795891527261349,0.29516888536669494,0.6009257502188868
0.10243887686842935,0.43588759344593503,0.32259297636641976,0.13908055331921604
0.35440139997262293,0.19188849949257794,0.06618006808112638,0.38753003245367285
0.09663154705157055,0.6726787374866141,0.18666462497505112,0.04402509048676403
0.20316285975442155,0.47020530141170913,0.01778916895365998,0.3088426698802095
0.38826598926770267,0.0786100600397427,0.15519663283248114,0.3779273178600734
0.7010917663830881,0.014481578983270831,0.28029614051974966,0.0041305141138914874
0.19318616084305176,0.23050140415049022,0.02176428983890562,0.5545481451675524
0.25383811572853104,0.4205564166951716,0.24518358355428854,0.08042188402200888
0.06641605236866663,0.33495683032606194,0.5372760499215464,0.061351067383724894
0.6428681178389575,0.13948986017297205,0.058887916873044434,0.15875410511502602
0.26400149040037074,0.5475481899667174,0.04025074963529215,0.14819956999761988
0.07950934254097382,0.30523785657824026,0.524849369669453,0.09040343121133304
0.3321704398538129,0.25113860153324546,0.13483837634697537,0.28185258226596627
0.47211882843157366,0.4091258954000052,0.09415978048365622,0.024595495684764945
0.5325998633687969,0.30927874382859577,0.08390571480743958,0.07421567799516778
0.667894009432706,0.011507253674915051,0.0009523694151701892,0.31964636747720876
0.03804724888490632,0.5286210705932941,0.20006796064831314,0.23326371987348643
0.3230525704272013,0.3156088659051658,0.2118593721652662,0.14947919150236655
0.1352066610311728,0.1063175283201128,0.41461483884611083,0.34386097180260367
0.1035259533516008,0.6791678765031727,0.19352624686276013,0.023779923282466336
0.12837513236369585,0.6020230200505875,0.14799835569385528,0.1216034918918613
0.1960244981858656,0.20539236371110522,0.07473905151988008,0.5238440865831492
0.019529408941076812,0.2398869865120333,0.31419911452204724,0.4263844900248426
0.07912331372919723,0.01563098180622357,0.6819115590602307,0.2233341454043485
0.023024127404837638,0.30266851101684017,0.6158834352676118,0.058423926310710424
0.23347862140128442,0.7120657895870183,0.023749337357321213,0.030706251654375884
0.3865469542062252,0.43378906207180923,0.028970698188445127,0.15069328553352038
0.1315753137460332,0.5552545663822435,0.08512513713061419,0.22804498274110904
0.04021387821186371,0.6965054686658877,0.2404670863403017,0.022813566781946952
0.250654470613177,0.18462636540038863,0.5207243780674871,0.0439947859189474
0.1505825874103624,0.2624744840245222,0.288532735831565,0.29841019273355035
0.1721214510167711,0.24599840077577403,0.2127367084949894,0.3691434397124655
0.6937557314221924,0.07504520292987979,0.15432134731152403,0.07687771833640383
0.345463957445595,0.012930654290512078,0.4577141742212751,0.1838912140426179
0.06986732059065047,0.4468251158715202,0.10573967775330499,0.37756788578452444
0.1942711852014867,0.15678809438825236,0.40521761788504895,0.2437231025252119
0.014591664331037865,0.7217335677193873,0.021458349961664402,0.24221641798791044
0.04441793934525702,0.4534721287945206,0.016657430138514746,0.48545250172170773
0.6341008720593044,0.06412972262574022,0.16830195698927755,0.1334674483256778
0.2902516903112199,0.4168875871587936,0.12719264093240293,0.16566808159758362
0.23481269612419642,0.29795887104794266,0.45566556219547627,0.011562870632384658
0.016636791951627834,0.6509703289774692,0.11072699191321224,0.22166588715769062
0.5029307578938926,0.1396430300812551,0.1357823851572345,0.2216438268676178
0.11247838362682515,0.21030353376079752,0.5194264676868062,0.15779161492557112
0.16602602116080256,0.24259536749500035,0.3320072936691591,0.25937131767503796
0.06311220226958715,0.1439003618070076,0.2911822088142407,0.5018052271091646
0.27830039450509275,0.5270919190476158,0.01895815301522362,0.1756495334320678
0.08752429794796993,0.3385020119491947,0.1128264723645804,0.46114721773825507
0.2809608732840974,0.1868627135367273,0.1921278650247264,0.3400485481544491
0.5899852902670133,0.3377654857112167,0.04361300861592564,0.028636215405844545
0.26513088567274645,0.26899989987332845,0.008633300403172095,0.4572359140507531
0.22727533544366132,0.026605168006487954,0.7099169024475379,0.03620259410231267
0.027705242608891,0.20926026766672035,0.6233801939213954,0.13965429580299324
0.4311236379590438,0.3715063101285108,0.09422941608906998,0.1031406358233755
0.08544449616317244,0.22590694758633295,0.07362172710647986,0.6150268291440146
0.18945451237706531,0.3680427552448785,0.2809174187739046,0.16158531360415151
0.19002673972070125,0.17962303301081725,0.6289406448054299,0.0014095824630515259
0.5078576193808019,0.09777408603814032,0.1551917698130989,0.239176524767959
0.45237853221037816,0.10062123281777274,0.1509527180113476,0.29604751696050136
0.5273271194439244,0.38623983295411635,0.0186141015100661,0.06781894609189333
0.3225757203191647,0.11292858166069336,0.066592392361738,0.4979033056584039
0.37302770110569883,0.09980776038550258,0.24672104618321455,0.280443492325584
0.19552139905764418,0.0877039541448156,0.39049043855185367,0.32628420824568644
0.019072736273187767,0.21063258267989338,0.468768670074373,0.3015260109725459
0.11360200287106778,0.10506028091603202,0.08563070608319615,0.6957070101297042
0.11856201424239765,0.24694181631098228,0.25756964255053094,0.3769265268960893
0.0128539450212223,0.04786417624367115,0.1348396102400737,0.804442268495033
0.17228293060526742,0.7161691745050331,0.06293408202629068,0.04861381286340887
0.07610129131487588,0.23647478180085982,0.3500884563701122,0.337335470514152
0.2854141139613412,0.5991191974358531,0.05161573430328699,0.0638509542995186
0.19246819086035472,0.09023829333198981,0.6234631468971035,0.09383036891055213
0.14087845565892448,0.4228213276916162,0.016984129595850477,0.4193160870536088
0.019475875951387524,0.03247089235315699,0.2351032555958911,0.7129499760995643
0.4881006348736774,0.4725019549983966,0.024552176294595857,0.014845233833330137
0.6944600340337371,0.07893241370188522,0.05681524500065781,0.16979230726371988
0.08201715368099911,0.14847213746743826,0.15481636404892554,0.6146943448026372
0.3989577236757285,0.1585668224970646,0.19147945392963214,0.25099599989757465
0.4508601290348063,0.09677976784228953,0.009364478901428403,0.44299562422147565
0.04770096897083757,0.2382803731431466,0.08832437116763488,0.625694286718381
0.19752170782549905,0.42885961747492934,0.020744086531074096,0.3528745881684975
0.33829870264833706,0.16146704304292162,0.3190224808379497,0.18121177347079148
0.06741422065188654,0.526429948821684,0.28841751515803576,0.11773831536839377
0.28674137615348533,0.16674924439171232,0.5139206109126896,0.0325887685421127
0.37615707284231614,0.1266072742474673,0.3782841586165025,0.11895149429371403
0.2357304835550781,0.27361337896630356,0.040298103109676624,0.45035803436894173
0.1877804526925272,0.34027699961799046,0.15492751583736533,0.317015031852117
0.17894484772257993,0.042474892145877144,0.1593413613444624,0.6192388987870806
0.22970266427058889,0.32402379906293594,0.15329413420105809,0.29297940246541704
0.4482096063649924,0.014603704793747736,0.30685840316759216,0.23032828567366764
0.22175262529704998,0.27792165159730314,0.45438095760943237,0.04594476549621436
0.6487475422027206,0.3146980172693244,0.0004920052957406011,0.036062435232214286
0.6283078652532165,0.23101428412904215,0.1223837506941873,0.018294099923553957
0.20562091590284567,0.2808306505944376,0.1416557826054021,0.3718926508973145
0.768543789099576,0.11119269412184092,0.0767548491439296,0.0435086676346535
0.13386057126215004,0.42264325531269614,0.35909327704756844,0.08440289637758545
0.20187946388194436,0.3339616841414339,0.35706853779674563,0.10709031417987605
0.4014875410221146,0.05652240996502042,0.4272133895359496,0.11477665947691548
0.08310060009794246,0.12936218008163283,0.10848028579683605,0.6790569340235886
0.1300790756634384,0.45670518562443124,0.32814134771964093,0.08507439099248952
0.35901716880716333,0.09134782420734296,0.18672226937699998,0.3629127376084938
0.5937921568807872,0.11524748230114287,0.20127714903518054,0.0896832117828894
0.13256246596385146,0.23477219007733613,0.24301805231600127,0.38964729164281103
0.226773419389892,0.14568875116427965,0.37499821339705897,0.2525396160487695
0.13766788246282347,0.012886851071218144,0.2229992038930016,0.6264460625729567
0.44489112431888583,0.117633268953398,0.21018134272390554,0.22729426400381048
0.08923272448820231,0.02235083474140292,0.4983673167304565,0.3900491240399382
0.3582895943199536,0.17704812343374585,0.2937877767230126,0.17087450552328795
0.06497575621657813,0.19395909963742994,0.29975276487158903,0.4413123792744029
0.5996840923967981,0.04177316470567215,0.34991919603877497,0.008623546858754633
0.30436163508353836,0.024771032954520676,0.5477836030648044,0.12308372889713648
0.03963037661412116,0.46593510447254227,0.021355340836531494,0.47307917807680505
0.22514772485058748,0.2778459620328638,0.43451539690295665,0.06249091621359208
0.11248266195587348,0.06990488030915519,0.3932633172445558,0.42434914049041533
0.37572763058519404,0.48593985562005126,0.12770270433449127,0.010629809460263375
0.0936669375834018,0.2181270234764727,0.09470272474451466,0.5935033141956108
0.06037073069092472,0.005299151988331578,0.7565432410657484,0.1777868762549953
0.11056107300532832,0.37874934431572366,0.09133302612097151,0.4193565565579765
0.048030764237389036,0.9033225285460437,0.03385395175056937,0.014792755465997898
0.00595031616876852,0.048777889659584475,0.6154003209807078,0.3298714731909391
0.3683533946164804,0.2274309338025473,0.10889676791998454,0.2953189036609877
0.15998071013793833,0.3139163498247062,0.13965451928673286,0.38644842075062275
0.40811954056561955,0.5518484660487158,0.029870055756306125,0.010161937629358577
0.2878133602445548,0.24025542119004473,0.013691913266115302,0.45823930529928514
0.04290160693594567,0.439604947214874,0.15796892864147213,0.3595245172077083
0.06459940674182255,0.8200146006594378,0.10501113541737295,0.010374857181366852
0.16706467431494879,0.21754188462221022,0.1091413942185432,0.5062520468442977
0.20786681262116116,0.20709579230599542,0.03411798026075706,0.5509194148120864
0.08121062063919855,0.18826147802553506,0.46321151945964506,0.26731638187562146
0.11055780841991902,0.5893284315653046,0.23561650489964606,0.06449725511513041
0.5472804399028938,0.1970540903567892,0.049046839718039734,0.2066186300222773
0.6118392246213645,0.05920722247207876,0.2041586859007979,0.12479486700575892
0.1309900188894716,0.04794421612022176,0.7226242060282881,0.09844155896201859
0.2303819513946654,0.6742076295948624,0.08487016107421219,0.010540257936259996
0.0842574151231744,0.4318544681431234,0.19364114650342956,0.2902469702302725
0.38557720751237295,0.3162776482663239,0.26836216100699245,0.02978298321431078
0.5298392107048441,0.18532447454215928,0.22887736556746915,0.05595894918552764
0.02323460328345442,0.4898468446203816,0.36925777543072247,0.11766077666544145
0.27595445162548743,0.3311448196313203,0.03243303898187791,0.3604676897613145
0.25654441703064235,0.28904412242163013,0.3782675483221235,0.07614391222560393
0.34469598312666555,0.33973859975079523,0.07066525589160932,0.2449001612309297
0.005392154785104352,0.9309673510248261,0.0552691970829916,0.008371297107078027
0.08065244300150116,0.03334156808781904,0.3093692070690696,0.5766367818416103
0.531710524567527,0.32976348293844204,0.049043114537041105,0.08948287795698984
0.4943695620246183,0.07997991097202264,0.011420559255490306,0.4142299677478688
0.09243213230476988,0.6890365997691486,0.04924099691248358,0.169290271013598
0.07675799094410696,0.020377175245186993,0.4025465064759862,0.5003183273347197
0.027883237331377642,0.08564224531691467,0.0491431494540992,0.8373313678976084
0.20918357502316237,0.1357790562068116,0.0879182972984668,0.5671190714715592
0.029193818308928726,0.03448449910059491,0.1173785482631483,0.8189431343273279
0.23219796069881854,0.4008728421359174,0.02437998917737888,0.34254920798788513
0.3047360192585692,0.06255497675077136,0.23247645590811244,0.400232548082547
0.02264437297461403,0.5623997901110324,0.17852467774617714,0.23643115916817642
0.7950608809883357,0.01802512385406295,0.042577704178834004,0.14433629097876732
0.3641719685998453,0.08337145239319388,0.21693975230544058,0.3355168267015204
0.17957572207139696,0.09493116764361412,0.15267560224311238,0.5728175080418765
0.1649027637948485,0.059619929523051715,0.006010802846578065,0.7694665038355218
0.22058449117799403,0.3922063588466893,0.040018762292173736,0.3471903876831429
0.2803214784401274,0.152780907596027,0.5388320921101567,0.02806552185368902
0.26218985065724465,0.3338105428671703,0.365518688083056,0.03848091839252909
0.21930045752961108,0.3166675122884027,0.16420097042911416,0.299831059752872
0.1080550119356901,0.020803248765341967,0.8271601583041901,0.04398158099477796
0.2769430533524139,0.2140809670419833,0.25193133748429053,0.2570446421213122
0.08381119547678137,0.1015080138225823,0.27352601138741583,0.5411547793132205
0.2897834657677801,0.13603392862176394,0.12266489734066621,0.4515177082697898
0.16570874309934816,0.10509337018137528,0.6733936799065593,0.055804206812717326
0.16895254748556487,0.37446999754837856,0.14304936265180487,0.31352809231425166
0.32876207686987746,0.3828702887178754,0.06031657466428855,0.2280510597479586
0.1563991546772916,0.20378964022070686,0.5040471982271707,0.13576400687483098
0.20706919847473432,0.12245606902007468,0.19993791161574898,0.47053682088944193
0.1708322534680986,0.22789804904277336,0.40202128926461106,0.1992484082245169
0.4117309212299514,0.14708079326232448,0.30747367665417247,0.13371460885355158
0.1537191349663655,0.008103697311373052,0.7981340670286734,0.0400431006935881
0.02423747734159102,0.5736419848364196,0.13143209969672418,0.27068843812526533
0.08891552492760633,0.41591292946933156,0.45747831173670656,0.03769323386635554
0.31756851132515823,0.054291928365751155,0.1550198003212289,0.4731197599878618
0.29008450123089435,0.2053412592544047,0.17633333328031361,0.32824090623438734
0.5648346046795961,0.048250009143360535,0.30226720708113913,0.08464817909590411
0.17931224574028404,0.2152968591764003,0.16933374820238878,0.4360571468809267
0.5899217232418645,0.11068905612548706,0.183832324377456,0.1155568962551924
0.0694961950399826,0.23658614609914436,0.19491945725121848,0.4989982016096545
0.09571975971665701,0.09349276623459275,0.20700624339576496,0.6037812306529854
0.19560603582540603,0.12996853954869883,0.14330066094787028,0.5311247636780249
0.15824544446123207,0.6096014956267216,0.18168470012710425,0.05046835978494195
0.3405270371106496,0.13309515839912173,0.34761298488037057,0.17876481960985807
0.03134966864273446,0.031710341000108486,0.48812453149073476,0.44881545886642243
0.31519052968996236,0.524795685600113,0.006138314210194581,0.1538754704997301
0.21454883208975392,0.035060959106354345,0.3158832406803039,0.43450696812358774
0.03342249167706151,0.5881881987230833,0.2037116076058266,0.17467770199402857
0.5355014649651677,0.004788264728440115,0.4569405291097325,0.0027697411966596938
0.49022020471243793,0.12423767516476728,0.24431790242915694,0.141224217693638
0.10243260949513261,0.5420926689452528,0.10564620594141784,0.24982851561819686
0.12310681611945685,0.28617067648159716,0.4444750771207024,0.14624743027824358
0.16090696089195217,0.21897749005579825,0.415499703724302,0.20461584532794747
0.31552607103871116,0.12179935035945294,0.0352974076055262,0.5273771709963097
0.5943365236420641,0.06923664135611492,0.31840315958785437,0.01802367541396657
0.7876356758030892,0.012107193784357156,0.10140608552009968,0.09885104489245386
0.10551617882197016,0.29865553252648247,0.13453148356165867,0.4612968050898887
0.22850835724690507,0.08214872979026624,0.3387974969250349,0.3505454160377937
0.3459377831723804,0.2370704559264998,0.1109618611628537,0.30602989973826605
0.13346175484434017,0.18831026046336266,0.5877879571143325,0.09044002757796481
0.561611276925584,0.23097014966380075,0.11524163614255804,0.09217693726805727
0.3403555481253613,0.1600108183425149,0.3778800076702535,0.12175362586187048
0.08272478671974004,0.6304365069515149,0.009327514774652828,0.27751119155409226
0.372218003787271,0.5542225258333161,0.008700163246683457,0.06485930713272957
0.3664982483184506,0.13649109672243256,0.21314594300835757,0.2838647119507592
0.07629013470196967,0.453724548531124,0.27145274109361434,0.19853257567329216
0.34178820768507656,0.3941383411754409,0.1903602922721151,0.07371315886736761
0.07435605262393113,0.034561505793774656,0.03251407257849718,0.858568369003797
0.11428382533674875,0.4984557512836551,0.34680439685651293,0.04045602652308343
0.3437517167097113,0.07536679689201313,0.5596081714199374,0.021273314978338405
0.3019262686682808,0.23786165026707917,0.22189557007052574,0.23831651099411413
0.1690493482747393,0.28903508777339704,0.28613164866660634,0.2557839152852574
0.4983002612622444,0.29757012996660176,0.09148768781010784,0.11264192096104594
0.32048595002131214,0.44993613057983783,0.05062944848350198,0.17894847091534796
0.07723333653093575,0.3318824574455041,0.08301257986028583,0.5078716261632743
0.14369186265106476,0.6187690379347599,0.19591695933786893,0.04162214007630637
0.13302792463178129,0.31499036950202514,0.29182967110444735,0.26015203476174614
0.531683476013789,0.008444648027516063,0.32744022708898773,0.13243164886970726
0.1689725737499152,0.16734340890119706,0.43537153196699163,0.22831248538189614
0.4737464675814751,0.376072167537797,0.14247802956872962,0.0077033353119982445
0.11836171367488284,0.22488671472470734,0.15679053235499096,0.4999610392454188
0.37790352882928785,0.0890749674974512,0.37786032772319683,0.15516117595006415
0.5075783492174094,0.15989297596062604,0.14557820059370072,0.18695047422826358
0.8167081769800891,0.11244019874211314,0.02306709041597981,0.047784533861817816
0.268804517647232,0.2519285230091855,0.029524209758049903,0.44974274958553256
0.16652564985611645,0.5942197934497837,0.03321135311198491,0.20604320358211498
0.4132593114172571,0.36351666848571423,0.11487746353042248,0.10834655656660618
0.16951345254056677,0.006276991294274316,0.4713807086059344,0.3528288475592245
0.32061984565000223,0.23475660098028814,0.3039025567599179,0.14072099660979173
0.31422199294273834,0.01685784184182196,0.46855670630410573,0.20036345891133384
0.27517660887699097,0.215954563132484,0.4197676305621292,0.0891011974283959
0.097762360823475,0.5822643006245054,0.11261405994009484,0.20735927861192488
0.2249811513996398,0.14452071258457697,0.21480257903178773,0.4156955569839955
0.17881975561931635,0.312507266563702,0.35152226930182984,0.15715070851515178
0.36915024954039205,0.18980285875178096,0.16697483143951075,0.2740720602683163
0.3072258806675143,0.24120112878425437,0.14685261296409735,0.3047203775841341
0.34560806621651075,0.22328432159690426,0.2466068651912562,0.18450074699532873
0.30173964446130225,0.1290448868631199,0.49019333581958835,0.07902213285598944
0.7443548365413614,0.12816872178855182,0.0011547188133386166,0.12632172285674823
0.3840633049029118,0.19189491871783962,0.20378654552384023,0.22025523085540832
0.4515177631020843,0.04756089659127052,0.2419206455807661,0.2590006947258791
0.7216812079187723,0.16546842540883633,0.042161364095457746,0.0706890025769337
0.3971411800106382,0.17924798568252995,0.037464660108157175,0.3861461741986747
0.016555079598391004,0.16694404203017066,0.5831917907104112,0.23330908766102718
0.0438047742192904,0.33161734385874453,0.34015014563867757,0.2844277362832875
0.13352123078582445,0.54917572631677,0.1776407520501325,0.13966229084727297
0.11098803039973607,0.35104122114297426,0.5041584901945021,0.033812258262787505
0.02740444509117853,0.102865040006078,0.17815316677584506,0.6915773481268984
0.09001795007420936,0.41583078765839454,0.34854364580430275,0.1456076164630933
0.2632039970338164,0.22242600513070213,0.02430315005023037,0.4900668477852511
0.2579849576184163,0.5123268526699584,0.14142946007584672,0.08825872963577855
0.04484964447842862,0.15162960381548155,0.38812718147277786,0.415393570233312
0.2679166632875938,0.2831529263248738,0.13642376587743696,0.3125066445100954
0.22852735204515406,0.37867440330555574,0.18540265246708992,0.2073955921822004
0.06029349894438627,0.10702397818189577,0.1260773812244112,0.7066051416493068
0.2999441851268392,0.08445360669874212,0.2606658351303942,0.35493637304402453
0.13177990106666077,0.16299863793636402,0.20462538930803573,0.5005960716889395
0.030108196306760832,0.2410585819221341,0.3210056070429897,0.40782761472811546
0.4724474830264177,0.04353788357259808,0.43578501987360657,0.04822961352737753
0.0946965758170034,0.09958916723380676,0.12619679898559308,0.6795174579635969
0.11141533776332489,0.6270582165840223,0.016566230473268943,0.24496021517938402
0.10888022744717576,0.12659980698052173,0.6637816116371478,0.10073835393515475
0.015697579551235193,0.3170885035365302,0.4023045000333851,0.2649094168788496
0.4750641393946291,0.14239371375968746,0.186027867691009,0.19651427915467437
0.08644879349447927,0.6962585163349038,0.04364360645838408,0.17364908371223292
0.34633081422191514,0.3654333923155006,0.19792830293349611,0.09030749052908812
0.05047204126162955,0.033864132953528435,0.4925282019454409,0.423135623839401
0.32260576475345043,0.18100034023973713,0.1240394004206509,0.37235449458616166
0.021632946435216533,0.12162546334930617,0.5306962489278811,0.32604534128759616
0.14858753664145488,0.3830681052688101,0.4416780025170481,0.026666355572686967
0.2106219375932931,0.32258554249327714,0.38061196926910384,0.08618055064432599
0.07712106899860051,0.5380554806028502,0.013659145449098834,0.3711643049494505
0.0754579861065814,0.8223843374153819,0.014597157762231559,0.08756051871580518
0.10983198641133231,0.1420527182029646,0.5951741186859476,0.15294117669975543
0.42604093541184,0.18045998410396594,0.12151228303382801,0.2719867974503661
0.31433362288512134,0.19585725130161355,0.4150457390027057,0.07476338681055951
0.2175078425661696,0.05783304011194527,0.6760517374594955,0.04860737986238958
0.2886524707697215,0.33139968690597343,0.13412040540425366,0.2458274369200515
0.07990318181411095,0.6836350380268732,0.20567594168527267,0.030785838473743127
0.25331711097963844,0.09328453248654915,0.024038537110145957,0.6293598194236665
0.37433212718634495,0.13715154829496276,0.2885716910368651,0.19994463348182712
0.47271924935315457,0.20307800040398355,0.010091671821542076,0.31411107842131997
0.4028125352016882,0.4373480294102509,0.08924307018689966,0.07059636520116128
0.2539907481119037,0.4419018021141268,0.1473921352276249,0.15671531454634474
0.39978334353854283,0.46899797824827844,0.049133570716259796,0.08208510749691886
0.0842393575642347,0.0327739151735632,0.43134402457701665,0.4516427026851854
0.09546253788568781,0.5174648429705232,0.08000075634667227,0.30707186279711685
0.13628317427162157,0.24053472491321598,0.05572941527071631,0.5674526855444463
0.3284958415950843,0.026258879028512365,0.08380308676648988,0.5614421926099135
0.22626877143288832,0.6789489384603596,0.011062898979988115,0.08371939112676392
0.2887860005668692,0.06056975643114453,0.14512972571402752,0.5055145172879588
0.6107609796679123,0.12075964660496938,0.006099332388910546,0.26238004133820775
0.6957315553754304,0.07194304768694845,0.13103598243534337,0.10128941450227769
0.3080281160690919,0.5300855989981046,0.10087759765983903,0.06100868727296444
0.31499542501155103,0.2801124952979861,0.3351287622438118,0.06976331744665115
0.4723843074149832,0.44232627923086987,0.07033756780590569,0.01495184554824101
0.14120043006010582,0.0345100730280546,0.7259380016440834,0.09835149526775626
0.4699596476057495,0.11427284325852419,0.3362435693083592,0.07952393982736708
0.0038414132085738645,0.05177956835885452,0.0029094189113572214,0.9414695995212145
0.03809341716416616,0.4686545802373175,0.08109160569525682,0.41216039690325956
0.132423654139633,0.016220274703083466,0.025518087690071783,0.8258379834672118
0.11773563580304235,0.16556203388544216,0.5651480676451384,0.15155426266637725
0.280103132660357,0.011947912579729067,0.5777420376933159,0.13020691706659795
0.3549333536607247,0.05833106365068334,0.46539935595564164,0.1213362267329502
0.35469961367255054,0.022324439872643178,0.5047594113112203,0.11821653514358613
0.08459679381454668,0.14365443935864972,0.1313482922715438,0.6404004745552598
0.2765736017526544,0.09426499221855046,0.08083785809841534,0.5483235479303797
0.2499858153480875,0.14632491171353434,0.5058391836048889,0.0978500893334894
0.007928123387591838,0.16800650685708077,0.15922240603079565,0.6648429637245318
0.29736733055660935,0.02399127520778929,0.05925980391735989,0.6193815903182416
0.2983493802090892,0.45597677221271027,0.0136060567536582,0.23206779082454226
0.2637716322799328,0.029711139703677687,0.29921960881009646,0.40729761920629315
0.7591735381630949,0.10549426055053428,0.0015379723876940983,0.13379422889867687
0.44852555060201027,0.33210941067519384,0.036062997716302635,0.18330204100649317
0.3072472317497009,0.1621331459529038,0.09005313221374209,0.4405664900836532
0.15206469353258903,0.2381980038518993,0.12733165335575083,0.4824056492597609
0.18236030391768335,0.37812555163106953,0.41206174088467107,0.027452403566576147
0.4912104432988603,0.2902165953304896,0.07404633035753426,0.14452663101311608
0.07780989193236244,0.31858246543985785,0.5948678572467684,0.008739785381011328
0.4791072249838443,0.11050630774200751,0.08779683489478968,0.32258963237935845
0.15750149207793265,0.4796420860514964,0.13953428440919774,0.22332213746137325
0.2094136856758485,0.43211234613754096,0.0471581867208774,0.3113157814657331
0.5375222721316777,0.07819453873566895,0.3325205418563785,0.05176264727627481
0.12899873984114463,0.04547672006781441,0.5039267480242287,0.32159779206681227
0.1641758057511799,0.6147441852033944,0.12248499337869645,0.09859501566672924
0.12182458428326352,0.42568884981737454,0.22728380126972672,0.2252027646296353
0.36257455668795513,0.12780361607829108,0.46081213654309633,0.04880969069065748
0.4221121686847293,0.17066559056119518,0.3503203079816573,0.056901932772418194
0.36878916629916114,0.023250323439609435,0.4271830635553044,0.18077744670592497
0.027597667983382774,0.5788408359811698,0.17031310164233793,0.2232483943931095
0.22434945446388885,0.6584084249132711,0.08416361531821276,0.03307850530462737
0.29762484764061264,0.2936741268439774,0.030319540468838748,0.3783814850465713
0.19345890406917232,0.4844560367010666,0.03547484561565774,0.2866102136141035
0.013797713441894139,0.1400657760396368,0.3101698030399246,0.5359667074785445
0.33705053762445764,0.5531357832289784,0.023848420688642572,0.08596525845792138
0.5029610637398925,0.20292761832312065,0.16297933365230446,0.1311319842846825
0.27132499892497514,0.22110256433230557,0.18122151470780906,0.3263509220349102
0.13258131714695273,0.7314512792202845,0.11775720887121484,0.01821019476154789
0.4947645135723539,0.29868927964716663,0.0527721902496118,0.1537740165308676
0.11275636902713282,0.02887911345893524,0.6882659039783559,0.170098613535576
0.014232019003667159,0.2479160938154103,0.44799502295163107,0.28985686422929147
0.4326897702317889,0.26143385271103897,0.12257534039331952,0.18330103666385275
0.20055018499250465,0.33136190865046733,0.35018694652980875,0.11790095982721926
0.6679509451234793,0.013726735801493115,0.11803921912404995,0.2002830999509777
0.3667325787200951,0.07202254345205518,0.17879750951349427,0.38244736831435566
0.43025060613492716,0.02038027889577393,0.3337631433015567,0.21560597166774212
0.07577020826681725,0.34006655762602533,0.4113938469812669,0.1727693871258905
0.7101569212230053,0.06601486915232421,0.05881938154062063,0.16500882808404985
0.044897383144327584,0.07577780525870963,0.2890633906245009,0.5902614209724619
0.16380251523875403,0.21075901334718897,0.01154984224517951,0.6138886291688775
0.1958788312921366,0.3450474853576133,0.42693399154968525,0.03213969180056478
0.26933925928557817,0.25953265102946016,0.39750546764875727,0.07362262203620437
0.09561579608477372,0.6607546342457111,0.0707674382499451,0.17286213141957008
0.30008217973792445,0.5103517003491377,0.11360085374442155,0.07596526616851626
0.11888859805244768,0.2889022184447838,0.1465759702531545,0.445633213249614
0.18430571731838435,0.17006655304331758,0.5998631642472332,0.04576456539106485
0.14537160062201304,0.28227800593143215,0.4260701926766263,0.14628020076992837
0.23377145853787493,0.3961741819547814,0.2298091786548122,0.14024518085253154
0.1332950277229249,0.4612486453535963,0.25697506039478996,0.14848126652868893
0.3089032085774031,0.1589731421957101,0.15293200680295999,0.3791916424239266
0.279404915218621,0.0932624203917109,0.3394756238575846,0.2878570405320834
0.05758205470402969,0.43713235557562063,0.31082362592158524,0.19446196379876443
0.2966103962422276,0.21445658649586535,0.006252360859953991,0.48268065640195285
0.09709916596281463,0.5868300515072471,0.24562604029503612,0.07044474223490212
0.7592174091990859,0.012053897625900246,0.14947362036537787,0.07925507280963587
0.5063330589930207,0.004685576536906507,0.29142269644651975,0.19755866802355296
0.4435123985223403,0.018754446555168287,0.0983978496512722,0.4393353052712192
0.5858543612767402,0.2788361956644996,0.1121688832315686,0.02314055982719153
0.21384853436361553,0.5003863164246483,0.2369735796229249,0.04879156958881134
0.3120608942792719,0.2424939810518982,0.30417047748816595,0.14127464718066385
0.07403380694999548,0.5018305362546684,0.0393510238973687,0.3847846328979671
0.04556329106758786,0.13679831356723604,0.2301249386355903,0.5875134567295859
0.13921439218534953,0.18556571156489154,0.3069406907540341,0.3682792054957248
0.29471533348933454,0.20227484162585266,0.3535648046705524,0.14944502021426048
0.49314717878178643,0.2684255484070648,0.055854889859630316,0.1825723829515185
0.3253823366666911,0.0635572083054924,0.391713380754728,0.21934707427308855
0.0526551353926681,0.24384828004101575,0.22836613447100912,0.4751304500953068
0.0779343860409814,0.2700914724144392,0.3236853213781707,0.32828882016640887
0.04737885899121067,0.05824291595398281,0.08125275806739726,0.8131254669874092
0.5129522721557002,0.13233052096032222,0.124440005015425,0.23027720186855263
0.5022284661157481,0.2629013801928144,0.06309579177265294,0.17177436191878462
0.11831671244941239,0.1543961854516771,0.3741459588061593,0.35314114329275126
0.079673108333273,0.4933027592860074,0.14377163411418906,0.2832524982665305
0.2818322924659534,0.45135002421424847,0.138770824392736,0.12804685892706202
0.269278312965235,0.4908932838520319,0.05420978884557477,0.18561861433715826
0.22536602375861242,0.45139381150811664,0.29589408065545875,0.02734608407781211
0.25651572094944036,0.04143147876553895,0.6650413398930859,0.0370114603919347
0.34930808632590443,0.15332821321132034,0.30824633627138864,0.1891173641913865
0.2607143398255623,0.30155957769302216,0.09375007927680588,0.3439760032046097
0.31201477603675953,0.24184632838497452,0.44610955994285373,2.9335635412310468e-05
0.23804702667772806,0.27849327254776457,0.1746426864460731,0.3088170143284343
0.0034781214004282477,0.179015514277149,0.2961456099276891,0.5213607543947337
0.0759930226734932,0.15144180304472427,0.36989283942267476,0.40267233485910775
0.2513645884280417,0.2997676929523854,0.23996628639339265,0.20890143222618004
0.5025330204083822,0.15188462297708755,0.0713682731028126,0.2742140835117175
0.5277393280261167,0.42542344143863625,0.027635527393123915,0.01920170314212309
0.5041598647042881,0.29583321444117067,0.08342759592903791,0.11657932492550327
0.10263927781128139,0.6007687310342197,0.17341871964521063,0.12317327150928822
0.17144369968002876,0.0406371671082025,0.3362037184254473,0.45171541478632155
0.3784462225459825,0.35810648590505406,0.25327392700886403,0.010173364540099313
0.463301216308677,0.03543307764136942,0.2246244497195806,0.2766412563303729
0.0905864289629157,0.16194407984078132,0.0639679134174443,0.6835015777788587
0.1464178887119908,0.34468479102891747,0.03437275304175927,0.47452456721733244
0.11432874510016301,0.29537956963364603,0.2250266156341837,0.36526506963200717
0.12449881574675356,0.18216959647212977,0.3433354298661307,0.34999615791498606
0.5231624840580201,0.014430217287873226,0.22579524193800243,0.23661205671610422
0.2703909076054928,0.38702989502654467,0.3179482456870308,0.02463095168093162
0.30554180635190265,0.07835390086598056,0.5520710276517364,0.06403326513038043
0.4140344611774904,0.05915961586484235,0.134295559971011,0.39251036298665626
0.039442980778336176,0.38372999602482666,0.4606585114326485,0.11616851176418849
0.14431149034701163,0.07670662898028704,0.648437194026101,0.13054468664660027
0.09192793625300351,0.3414467781739789,0.5620050912002201,0.004620194372797529
0.07655058293751153,0.0007407883901268181,0.04195357427424159,0.8807550543981201
0.0035537611702674203,0.018523541132048963,0.6541865206241956,0.3237361770734881
0.3583106709904349,0.013823659315737534,0.4566220551176203,0.17124361457620724
0.3950473945120816,0.10571202120736156,0.25783342535623605,0.24140715892432077
0.3989954939510072,0.2267603353497231,0.1965520429919879,0.17769212770728182
0.3644850406999344,0.11609956242474409,0.2726596979101545,0.24675569896516703
0.021013464027869952,0.34984224287190696,0.5920485376678154,0.03709575543240746
0.4502829893881967,0.08399413154482734,0.27553955064665575,0.1901833284203203
0.3168088350051452,0.22124798954451547,0.4586146785919153,0.0033284968584240716
0.02195727281798013,0.037428987739899534,0.5947949885856915,0.3458187508564288
0.051979809867961205,0.46831513904878236,0.09385872312312467,0.38584632796013174
0.02377808673403872,0.17375662586461021,0.5733386910570905,0.22912659634426077
0.27729923420167457,0.41301909971418266,0.29053502779258966,0.019146638291553112
0.32986658842761607,0.0922432114708623,0.519719217177415,0.058170982924106565
0.1282943338475377,0.005476181151165566,0.27446819905338127,0.5917612859479154
0.762988321012563,0.04125985775105226,0.049036788745111935,0.1467150324912729
0.19630908842412467,0.39485066692444265,0.3100855266504343,0.09875471800099839
0.27056014106967535,0.23025838503385665,0.23357846673075308,0.2656030071657148
0.32769612395291897,0.0910297118753889,0.3808592416052295,0.2004149225664625
0.6127045032281414,0.04970226125954621,0.27724483314450993,0.06034840236780247
0.19819827278379157,0.625848965764895,0.007637696618212539,0.16831506483310082
0.20198082082027272,0.23253254727674827,0.2287056822737596,0.3367809496292194
0.0065741063739338,0.3772771582805629,0.22962167903829123,0.3865270563072122
0.7649409018144335,0.020273298801413722,0.17265955155809085,0.04212624782606202
0.4685259307070826,0.20635776976710982,0.009017389276446809,0.31609891024936076
0.3116270268623208,0.3713601766952907,0.011775205673400577,0.30523759076898815
0.45120070307205007,0.3461555624577796,0.033025812364858735,0.16961792210531146
0.3647548906696625,0.14374545784281523,0.4706876085953137,0.02081204289220856
0.04067744974626323,0.41870602859794664,0.31381714775247627,0.22679937390331398
0.6569087285971206,0.1391590770212412,0.13686018179029896,0.06707201259133923
0.37247993854062134,0.2803740618696047,0.1515814347737193,0.19556456481605475
0.21835312608700824,0.5032602765859309,0.2679648444960154,0.010421752831045801
0.0932692225652854,0.26010853287769786,0.3182953410706539,0.3283269034863629
0.20365438891528997,0.3783043907807405,0.06254884224692023,0.35549237805704925
0.1828107902488994,0.40862036144544106,0.21481615212658298,0.1937526961790767
0.36221916579008595,0.13528409382417075,0.3703131429836453,0.13218359740209804
0.11942482954958525,0.41155784893191893,0.4515069301354111,0.017510391383084693
0.5403210576933934,0.07332358632737221,0.098468047656729,0.2878873083225054
0.22892135846838368,0.4937112516818712,0.11499049668120198,0.1623768931685431
0.7048469055429903,0.16924444652728782,0.08999326444521287,0.03591538348450884
0.17432894194232523,0.36526630056771275,0.13168575125617568,0.3287190062337864
0.39026172554621213,0.20903291870848545,0.1775769804983942,0.22312837524690832
0.22253002147822887,0.19900176193050137,0.5231948331126431,0.05527338347862667
0.08031571517875115,0.15147128857388603,0.7095572981701209,0.05865569807724198
0.4840532158969218,0.1790163069496363,0.26792943258979274,0.06900104456364939
0.0182248296020381,0.6704478591698616,0.3082443939672951,0.003082917260805172
0.3257613227627553,0.08738432323259801,0.026860667691506114,0.5599936863131406
0.7578856394288649,0.029755703506162526,0.027990480105381955,0.1843681769595907
0.03650196952703752,0.0678044038930815,0.1935472053696186,0.7021464212102624
0.2452351288387626,0.24339423929119972,0.24699330641962192,0.26437732545041565
0.25770878996437346,0.1458006125377692,0.22842004205110977,0.36807055544674777
0.5722080466611251,0.16829886122180523,0.012945090052288498,0.24654800206478122
0.007788813988144845,0.14234644178383782,0.06407726745498717,0.7857874767730302
0.15824387137227924,0.0052907596590281705,0.03960423929364049,0.796861129675052
0.21581640203493915,0.6105445734503556,0.11694478486198182,0.05669423965272349
0.15385148208326008,0.3203251306995427,0.2062276052030966,0.3195957820141006
0.12099189104464386,0.007804929287157814,0.32717802265987156,0.5440251570083268
0.458068621433137,0.2767202668305917,0.21054417193597832,0.05466693980029303
0.4429980549556017,0.31699644356958534,0.042470135747879015,0.19753536572693384
0.26071196166979826,0.5902885534840896,0.025405003379453978,0.1235944814666581
0.1609775510426757,0.6192948027196719,0.012731664798420804,0.2069959814392317
0.39075845663745046,0.10930290387837292,0.06444766834878408,0.43549097113539254
0.21374680756073286,0.37033139378146496,0.40973653679589356,0.006185261861908835
0.2753825850359074,0.24949126404749017,0.2720856874950911,0.20304046342151133
0.3219394860852466,0.39736592749583455,0.1330641064862611,0.14763047993265785
0.5726785291132451,0.013334846381959989,0.34906125025126233,0.06492537425353233
0.07712781052034781,0.34319107640223795,0.3501353308670347,0.2295457822103796
0.664708076072297,0.28930986278587184,0.030547552471587112,0.015434508670244023
0.233831612017478,0.127854916413448,0.030137761784044745,0.6081757097850293
0.16580884329324957,0.5160143802023264,0.2361747887596985,0.08200198774472556
0.2479454017297736,0.10545145747123547,0.5795223620718121,0.06708077872717884
0.08540403621605616,0.411949476928277,0.25738678704593265,0.24525969980973425
0.01755567937896026,0.44397084942913456,0.45203170516888713,0.08644176602301812
0.07800925820431416,0.5832947771167044,0.3192269321417038,0.01946903253727783
0.44837586789652,0.33223371585532835,0.2109589266580027,0.008431489590148803
0.17046264587144608,0.20069921536633684,0.130539272029429,0.49829886673278806
0.06820419209216906,0.4869127084258703,0.028945435328326965,0.4159376641536336
0.05581640100241104,0.5740125508595585,0.1263432686056053,0.24382777953242518
0.10378401859852003,0.3932066180783575,0.2479089937291808,0.2551003695939417
0.0913279140225896,0.48064545586196544,0.04042751037042106,0.38759911974502387
0.19590695498182376,0.10408195896361541,0.4279144394779365,0.2720966465766243
0.1514183052985816,0.5185832161144799,0.17822519925368174,0.1517732793332569
0.02386371872178456,0.269862921101859,0.4147752860733175,0.2914980741030391
0.39456881414816675,0.3510896254303371,0.005190995533841062,0.24915056488765489
0.5928112370104569,0.08584004979517425,0.000752810547593475,0.3205959026467753
0.006967067058212743,0.14965894855817793,0.8266728489005268,0.016701135483082483
0.3086003355740156,0.12104190735812341,0.19231172979362066,0.37804602727424025
0.28255645761530707,0.26181200773992935,0.19357619381032407,0.26205534083443943
0.12995114181438241,0.6138205477155261,0.17172845701847536,0.08449985345161627
0.39057248447060794,0.018134142413054194,0.28765017503755774,0.30364319807878015
0.5267309503900327,0.05779480395439938,0.060345310579189695,0.35512893507637805
0.4115382963908846,0.15317559381185822,0.17028850076322616,0.26499760903403113
0.0637241459997686,0.07779902047602136,0.16466918839404268,0.6938076451301673
0.0456836906547453,0.14433415975413488,0.5087701581654152,0.30121199142570454
0.18608057804921166,0.2900530210677252,0.20907644465237532,0.31478995623068784
0.11153123368697675,0.525105697377276,0.2988897490315918,0.0644733199041554
0.16436088705237145,0.13969996292416817,0.32913945883850004,0.36679969118496053
0.1995269094287519,0.7223148645517398,0.05010045822846524,0.028057767791042944
0.311388207111651,0.4989906379683147,0.12188154510527527,0.06773960981475899
0.4928702999114287,0.13681057473565253,0.025868574437504264,0.34445055091541454
0.6270500810358088,0.2577513754062784,0.018114158718662544,0.09708438483925026
0.10964626954458695,0.7257172569235273,0.07650811649676668,0.08812835703511909
0.21447169862299784,0.055096412764890426,0.5424183430096063,0.1880135456025055
0.01097394354549624,0.48838953810229974,0.3008558801064338,0.1997806382457703
0.21676794197528335,0.05031636620631825,0.027541416519862347,0.7053742752985361
0.09601943281842097,0.1514013757017787,0.27894295369915484,0.47363623778064545
0.13648931774512818,0.13078569833537707,0.5522409166242531,0.1804840672952417
0.030044963639717225,0.047132424748272325,0.43603877292695464,0.4867838386850558
0.03035191944673214,0.4157703372750834,0.04541812644409885,0.5084596168340856
0.4676280040899044,0.07478160839830598,0.009197466472685694,0.4483929210391039
0.2505242671709998,0.5397130969931674,0.03382692030504214,0.17593571553079074
0.46831472553803294,0.13703159944870613,0.391848935540915,0.002804739472345845
0.2738175705322937,0.11823605801533583,0.5945640366387034,0.01338233481366709
0.4644491144688261,0.37682535916419435,0.062387749187782615,0.09633777717919705
0.03317437755273818,0.7516428251540481,0.06375788718211105,0.1514249101111028
0.5757758406295181,0.05599077084636348,0.30991707930808493,0.05831630921603349
0.033871597409399545,0.13282881173561184,0.6314957489193903,0.20180384193559814
0.5243893862562448,0.04868071413258427,0.007011970926869069,0.41991792868430194
0.6164103006659782,0.05504396808546697,0.06322505917864737,0.2653206720699074
0.27197455505147744,0.5572224726066907,0.06903193425206577,0.10177103808976612
0.17299743331191517,0.35854370423541776,0.10022587202003583,0.3682329904326313
0.06509062537280727,0.5670011318409439,0.04039744194630572,0.327510800839943
0.36110545799832144,0.12452220045071956,0.023873660494932916,0.49049868105602606
0.07657318007508772,0.32331465692928063,0.33479627659035155,0.2653158864052802
0.3408663619189917,0.0972004241798208,0.3532358006504813,0.20869741325070607
0.1567992964320122,0.42670664702226835,0.050822307306881725,0.36567174923883783
0.4629458313112649,0.20954871162344074,0.018482063999981122,0.3090233930653134
0.34520092022357385,0.4781984403118595,0.15996119794940175,0.016639441515164853
0.7250020885814252,0.03137843711803391,0.017653101009736844,0.22596637329080388
0.2306558714355347,0.019974778871473784,0.1880418806725856,0.5613274690204059
0.17425040174493767,0.17750738962939036,0.3772213851675526,0.27102082345811923
0.19791896309693946,0.32753148330185816,0.3271016156204887,0.14744793798071348
0.1282714626628782,0.5267208685878749,0.27132641064582164,0.07368125810342532
0.1263856646272267,0.3730573415341603,0.08529119357642118,0.4152658002621916
0.5207544337257238,0.3193385940655456,0.13976761796068973,0.02013935424804115
0.6476481317827345,0.03967307075697822,0.20369408354256233,0.10898471391772503
0.21939175907521982,0.12667541516065614,0.5479604426649497,0.10597238309917412
0.013547869017426807,0.2572743119627523,0.10050285990518346,0.6286749591146373
0.44766048931788516,0.023323211055629112,0.16378676733748895,0.36522953228899685
0.2488253448009602,0.2059949183897123,0.3827661128171484,0.16241362399217907
0.713578478863767,0.1858046319360764,0.07916812577992935,0.021448763420227366
0.3179505165418299,0.6748292419528042,0.007051349482536399,0.00016889202282947683
0.13362873156390087,0.17309694633066,0.4812804418809881,0.21199388022445098
0.2943457706170344,0.33690036473625506,0.2641999757118488,0.10455388893486166
0.3466860979487046,0.09827878239108438,0.2546216553353631,0.30041346432484806
0.14334353090408128,0.47957915179668315,0.216747664918207,0.16032965238102853
0.14511233607601942,0.07066898464380596,0.49530155581178076,0.2889171234683939
0.003856260735754383,0.0519852494893669,0.2718547091906695,0.6723037805842094
0.004823943183368166,0.3002584334611171,0.0468571394497375,0.6480604839057772
0.39072467481955614,0.20513456952575496,0.3405328190634175,0.06360793659127147
0.15833644286153783,0.7226292473126973,0.05458236079865288,0.0644519490271121
0.19967760871780718,0.30469884103970574,0.10330950050560408,0.39231404973688294
0.0966234785726887,0.4871058967216445,0.2773110481268434,0.13895957657882338
0.13984026457378687,0.2438979858049145,0.48230376791109636,0.13395798171020235
0.08618928409561356,0.5601566374861362,0.10836414577290926,0.2452899326453409
0.8280048177123734,0.04605989682278376,0.06528505659172648,0.06065022887311625
0.44682131506985884,0.03157457047313951,0.08187147121048192,0.4397326432465199
0.1339787041563224,0.3150361012872624,0.056154725859143204,0.4948304686972721
0.3032624744370092,0.0054868971688087085,0.15436313731439258,0.5368874910797895
0.023952295349702533,0.5309426611209243,0.15444707414081693,0.2906579693885562
0.16561785266768794,0.1726128755658449,0.5781771259277089,0.08359214583875842
0.10790806797789207,0.17855301758904266,0.6390244174239124,0.07451449700915305
0.0006332348399391381,0.19897621496829768,0.32657144352285367,0.47381910666890936
0.37440853473448615,0.02458118433737865,0.0739338783693108,0.5270764025588244
0.44939712374183116,0.26839984492619384,0.12447159452611621,0.15773143680585885
0.08085344916714465,0.2602439878812693,0.3856222584878468,0.27328030446373924
0.2427884520500125,0.13217124264493932,0.6154045106780636,0.009635794626984674
0.503372856617625,0.07371918951904873,0.006551212219488207,0.41635674164383807
0.03987292398245143,0.03535486404426743,0.6328088602594051,0.2919633517138763
0.3141401589771157,0.35560543882669515,0.13980393429878027,0.19045046789740888
0.1772861644609028,0.0771670644599056,0.1370343557458158,0.6085124153333759
0.2960899144454994,0.07514182117491452,0.4867030613556385,0.14206520302394773
0.4922505071252792,0.3459472052510364,0.12635343450663689,0.03544885311704729
0.2809683603734101,0.03552089822097869,0.11605404939757118,0.56745669200804
0.030680163864901695,0.04016225375734775,0.006041569069999903,0.9231160133077506
0.2799248303080985,0.016595927897308144,0.4481120365217358,0.25536720527285756
0.48792324653525576,0.06458357444574866,0.25050640983801026,0.1969867691809854
0.20368729580414066,0.04540598438427782,0.7247770030745981,0.026129716736983374
0.2842789688405165,0.13129171000218656,0.4414686308937912,0.14296069026350575
0.23317899983543824,0.19961155167771433,0.16177603621251177,0.40543341227433566
0.22421218172146093,0.0534866346161365,0.031359854505581236,0.6909413291568213
0.08138406720097266,0.10269485856984875,0.3839272924796081,0.4319937817495706
0.00015620393133928168,0.7722511268306406,0.01641261896355734,0.21118005027446268
0.7132135185054631,0.09155608076303431,0.12635914097278347,0.06887125975871902
0.3887083807259404,0.1625825394197174,0.30147247482030076,0.1472366050340413
0.17975066517187063,0.46919368392606753,0.1743051353589461,0.17675051554311574
0.13545987513230587,0.46037411153319013,0.02695128156825585,0.3772147317662481
0.013967849186249744,0.033019756611181415,0.20998421368033862,0.7430281805222303
0.1580856226988264,0.5875635252482898,0.2453858001883396,0.008965051864544256
0.16583382625767276,0.05517138858956056,0.15193062166020507,0.6270641634925616
0.28545984474652436,0.43757134063126113,0.15014857344750177,0.12682024117471286
0.17032977294648236,0.616803848111999,0.07240822886507972,0.14045815007643897
0.04314565654101301,0.2293556271289324,0.46915839784800667,0.258340318482048
0.531042813766596,0.2840451860365928,0.09869786747260664,0.08621413272420456
0.10259494411480646,0.03591346028997937,0.27507250219386176,0.5864190934013523
0.2293165886327438,0.038077186114940806,0.5323536089980457,0.2002526162542697
0.1518076387524054,0.17141334742563433,0.12577988408788665,0.5509991297340737
0.18722012042584527,0.47419334099406957,0.13433746127726034,0.20424907730282474
0.16214374051929753,0.6474362752843396,0.009433109793393969,0.1809868744029689
0.08784709948457481,0.38746253085905663,0.07621315163089727,0.4484772180254711
0.26592164199357193,0.03027189446880428,0.3072010665825814,0.3966053969550425
0.16905140632759452,0.03283045812209326,0.16065078014942336,0.6374673554008888
0.16964974420946877,0.08086588452981353,0.5826721452144451,0.16681222604627263
0.19903549068869225,0.21200504407419812,0.5845173028292139,0.004442162407895808
0.14002756092055155,0.047908778970957834,0.1584331637205893,0.6536304963879013
0.6305920199674396,0.061749590420357194,0.27436073282245654,0.033297656789746714
0.24508269588033613,0.15213261936775366,0.5591427942708039,0.043641890481106255
0.19911886351332897,0.21473095738939782,0.16092490340088045,0.4252252756963927
0.11373451967763655,0.32389427120368086,0.4119523629019965,0.15041884621668614
0.7439949984869145,0.024421798140587935,0.18689014911318788,0.044693054259309625
0.33863994390260044,0.47324782787638114,0.10959740462859432,0.07851482359242401
0.0016123356117219725,0.53327535741468,0.19065590200853827,0.2744564049650599
0.08078228048723066,0.6030501285234241,0.048802990822521986,0.26736460016682323
0.1486611350667279,0.4036941016258136,0.3878115552148984,0.05983320809256009
0.3083210930165882,0.2616063948178743,0.2676566058664356,0.16241590629910202
0.1286279031330734,0.2049480798752173,0.6102567997840403,0.056167217207669026
0.26304000581316406,0.14040225135500656,0.5013974391650694,0.09516030366676001
0.025219436113533757,0.16536407087741,0.6767946687764613,0.13262182423259491
0.0376161455036128,0.43497573885832597,0.35429902297777693,0.17310909266028432
0.3160799439262239,0.05287626415581793,0.5455194237909118,0.08552436812704647
0.19790541437839082,0.10146252191420561,0.5333189183113016,0.16731314539610184
0.49820791301746303,0.4425806480228337,0.03464761786135458,0.02456382109834867
0.07465768702066253,0.5099140084900374,0.41427791454532714,0.001150389943973015
0.48979270406421965,0.33577736109046313,0.01437030602577113,0.16005962881954608
0.09428067636082944,0.7935726691589436,0.0009660767250109431,0.11118057775521584
0.1585056180137693,0.08616751657797989,0.4299690365340604,0.32535782887419046
0.45935722128554407,0.15551280110648405,0.30284868152522515,0.0822812960827468
0.2844982550078395,0.4338837531744145,0.05630436019892624,0.2253136316188198
0.0019711916701270404,0.6494287368513082,0.17092887041508686,0.1776712010634779
0.05160714883916861,0.3603765298386083,0.2007426759396407,0.38727364538258247
0.04032775682200212,0.22712104356983026,0.602399092699167,0.1301521069090006
0.03474785847931977,0.20660434860050036,0.5213689995214312,0.2372787933987487
0.07723639253866416,0.31976258441447886,0.35452549260340227,0.24847553044345483
0.615793371525663,0.06903628263060173,0.0773852319340347,0.23778511390970047
0.07964112500763962,0.08768238484442492,0.8161596807983238,0.0165168093496116
0.8221683306860286,0.012956479268634335,0.11956419492833936,0.045310995116997786
0.18711770955948345,0.647065054368757,0.05507750877125202,0.11073972730050745
0.02096607392667912,0.5725662222241669,0.05243395441577941,0.3540337494333745
0.27427166109435613,0.3953185743989364,0.31673768832194654,0.013672076184760804
0.200789764989353,0.17236515951686227,0.4512299048421911,0.17561517065159357
0.02500006768744983,0.6142075182308135,0.14152750446225223,0.21926490961948442
0.18194299556045143,0.18503655178155254,0.2709913173833355,0.3620291352746605
0.36064104689645266,0.12728865801603753,0.05943856456703988,0.45263173052047
0.08602568168617758,0.27246011080051,0.14110437868104111,0.5004098288322713
0.6158983821953473,0.020260428463104958,0.01614346741950558,0.3476977219220421
0.3172029624350881,0.08111028629298615,0.3880552771477082,0.21363147412421757
0.42937476423667825,0.15741863331426736,0.24824022095512296,0.16496638149393147
0.3135731490339337,0.6509853512050349,0.016455898193826084,0.01898560156720519
0.03295534327319976,0.24165752122413092,0.38728205718856856,0.33810507831410075
0.28855612486176513,0.205445283555647,0.3897466136668326,0.11625197791575538
0.07844625718544794,0.13412288124513377,0.4053615300017904,0.3820693315676276
0.5303551513892527,0.412913042960092,0.02994762616827936,0.026784179482375832
0.06016377549776042,0.09025333804459074,0.6134690144099005,0.23611387204774828
0.2924876340652815,0.03543530756696189,0.3776248216813267,0.29445223668643006
0.3204273948350569,0.23953631380263962,0.36020637311748743,0.079829918244816
0.3840983145451144,0.24698839526816585,0.22288017031430576,0.14603311987241394
0.048457443673439744,0.40083025643999326,0.14970503819336936,0.4010072616931975
0.18021279086861952,0.16666307910022565,0.2457530416383234,0.40737108839283137
0.5041998675605164,0.20630470554344016,0.23140755788881662,0.05808786900722699
0.43223910495212026,0.12315870970298995,0.0968899389300935,0.34771224641479626
0.4432194720037207,0.11585242288261242,0.3062651171349898,0.13466298797867707
0.20942624758547168,0.3320103895200877,0.036153625439093645,0.422409737455347
0.26501313428761736,0.0658914810728936,0.6124942628140867,0.056601121825402244
0.1731564214637415,0.5586587649520034,0.166496944786712,0.10168786879754313
0.14716529024650388,0.43348185635358905,0.12227249576960454,0.2970803576303024
0.011687676538134786,0.8966008928898707,0.01741640206195667,0.0742950285100377
0.0393882336523097,0.09629577288339203,0.09508325620901119,0.7692327372552871
0.3305176128519142,0.32152475505449385,0.24085011277391266,0.10710751931967935
0.03363315067390721,0.13797019020724485,0.5824176867064925,0.24597897241235545
0.3420152158566664,0.5079510256353759,0.14293303973107208,0.007100718776885792
0.20000368295855403,0.1405971722667178,0.23075830607561248,0.42864083869911573
0.018813903382403425,0.6138779135552742,0.15674616927763954,0.21056201378468284
0.26492061778584264,0.2847801954195682,0.3406416328525403,0.10965755394204887
0.5344761822458853,0.009836767131028218,0.2533697083849201,0.20231734223816641
0.1910476108355956,0.38249879218851834,0.20757524328735774,0.2188783536885284
0.06592132299020927,0.506377840230364,0.23037455544109517,0.1973262813383317
0.7537598155352958,0.06775648126265912,0.09863968600726862,0.0798440171947765
0.15706343048516,0.056603276450117285,0.44949963166862783,0.33683366139609483
0.10879609759647556,0.6034911741381523,0.20580068094192486,0.08191204732344716
0.20946848180640776,0.3171367516157123,0.4283070298884766,0.04508773668940319
0.2090089157611884,0.040323951963083964,0.7386162395278134,0.01205089274791432
0.012733324116850187,0.4213553213079656,0.1220829056889886,0.4438284488861955
0.1646914336698684,0.17143751321402698,0.059974149483671566,0.603896903632433
0.031639810586375036,0.2507660806075835,0.254924644404421,0.4626694644016205
0.022174964306408623,0.025261871532126695,0.09756701311654875,0.8549961510449159
0.3896503634875023,0.13582856341480545,0.3587271214752694,0.11579395162242277
0.6489335052482328,0.14594778000953584,0.18802947374416115,0.01708924099807027
0.3455563504287853,0.00362006001792209,0.2385819885253563,0.41224160102793633
0.1007700192771233,0.2636428957010464,0.11743706400555831,0.5181500210162719
0.01916309843545437,0.04124816755117458,0.8580380839547733,0.08155065005859774
0.15551806995899628,0.2311206040370313,0.1839565991261782,0.42940472687779435
0.5235154379420581,0.20486227299441237,0.23195409709189072,0.03966819197163887
0.19401783076599022,0.16837822395660426,0.040778377778886585,0.596825567498519
0.020169350891805108,0.32283626705911866,0.4411828413205312,0.21581154072854503
0.4464801952364618,0.199822961170695,0.2508947358466692,0.10280210774617395
0.03316072617492954,0.2531776479874856,0.5048609120204304,0.20880071381715454
0.2747447016846925,0.1088431184462987,0.16253064265856113,0.4538815372104477
0.7433667702449313,0.058476066181906435,0.1351875138982,0.06296964967496228
0.062274289470153454,0.530434878965614,0.1158390708033377,0.2914517607608947
0.22057973797716027,0.49729032901726683,0.04798733039365037,0.23414260261192257
0.029786419976365212,0.3553001356134852,0.06475514458155236,0.5501582998285973
0.002622962985153532,0.28577322841043773,0.14499183301141663,0.566611975592992
0.2104388597020048,0.31180015533690475,0.3558271138023454,0.12193387115874502
0.0723186312536059,0.028154399041773137,0.2365042915692055,0.6630226781354156
0.26441603028000527,0.6108427504833506,0.055194856869182185,0.06954636236746188
0.0063666351359556676,0.81245291405124,0.0062146643733719704,0.1749657864394323
0.007684161133745651,0.6283069598118968,0.02411795249746441,0.3398909265568931
0.4055842522629574,0.24739955936326657,0.2664143187653476,0.08060186960842844
0.013827216076228964,0.2249430790324067,0.6088267532048733,0.15240295168649123
0.029407540759120904,0.39565292674715025,0.5253974538653439,0.04954207862838511
0.2743912067354324,0.03936155188053167,0.44181034152474175,0.24443689985929415
0.7914234174407911,0.02701964955653661,0.14229338077831832,0.03926355222435403
0.8420887046700617,0.023893601091673593,0.13399266459474174,2.5029643523032893e-05
0.06687861995341299,0.18669840686410105,0.014326882242792074,0.7320960909396939
0.030811271899105312,0.19887230827806054,0.4065383751488634,0.3637780446739709
0.1707204393117972,0.32398711354349996,0.13552007360103993,0.3697723735436628
0.03758046027290131,0.6572620276567928,0.11756632124793462,0.18759119082237147
0.23737281261492338,0.07939617490732648,0.5295368108546715,0.15369420162307862
0.07896751736997598,0.18900862909115676,0.09362357975901311,0.6384002737798541
0.41630771373873304,0.11486420694462868,0.2955902651375524,0.17323781417908585
0.010913199790927476,0.03516960616223537,0.7727645641504887,0.18115262989634853
0.03035188690854987,0.0069362338252752925,0.7663095273881347,0.1964023518780402
0.3096759403261354,0.3734915186447743,0.26199465429527763,0.05483788673381279
0.5327274682370461,0.2522891469087528,0.199459268785545,0.015524116068656214
0.1544149297395843,0.23865053293491278,0.5730471157028312,0.03388742162267182
0.11772942304257437,0.11943015306615291,0.5029449993994036,0.259895424491869
0.18886673787575506,0.29396662385168093,0.20904433282012796,0.3081223054524361
0.0836802577844337,0.3539455990116163,0.3111303093076089,0.2512438338963412
0.20595670738856542,0.031385156363060385,0.751723895947029,0.010934240301345126
0.2907496698364895,0.04753747907630726,0.466236712785857,0.19547613830134647
0.14628039941482737,0.0027959069378478674,0.7239632580432075,0.12696043560411738
0.0031796716749950883,0.2971694588547622,0.2911742965111697,0.40847657295907297
0.18004173913964214,0.19258106938729783,0.29148470753372435,0.33589248393933574
0.4995978853920836,0.37762822818142017,0.09844725204426638,0.024326634382229855
0.00614944357336366,0.8495769338515277,0.04601448737960092,0.09825913519550769
0.13766351736938856,0.5529286930452806,0.12319283291797961,0.18621495666735136
0.21593734517851632,0.07010600203615883,0.17675314060462696,0.5372035121806977
0.3708818366773655,0.215851091767179,0.08728801056882676,0.32597906098662865
0.3149341350395532,0.6485304199063617,0.022591458937268948,0.01394398611681614
0.1625576460985038,0.5959274737099975,0.23632462057883713,0.0051902596126613895
0.10233862230642718,0.756661910912329,0.019518568200714344,0.12148089858052935
0.271830308451159,0.2104785637118301,0.04404001285043733,0.4736511149865735
0.38045487703472913,0.25002857433927805,0.3365762287234877,0.03294031990250503
0.398600218164963,0.37492696534498204,0.008661837306956965,0.21781097918309802
0.018458476097162065,0.2829323565242061,0.3066704357895184,0.3919387315891133
0.1665512247516543,0.42824278142845684,0.10648894191433296,0.29871705190555603
0.11640545557291514,0.1298616745055351,0.3149217256161182,0.4388111443054317
0.11359927032527126,0.07856132795604605,0.252010511312795,0.5558288904058878
0.06815030719822535,0.6332638522497896,0.2938073041298455,0.0047785364221393295
0.1327727779302258,0.09090134685568718,0.09742827379650798,0.678897601417579
0.032155213614943993,0.10074247898674464,0.5726967964847577,0.29440551091355366
0.09828581512765622,0.5391947191593082,0.22619190262530872,0.13632756308772695
0.08357469399385918,0.4676802635953488,0.2619589594167558,0.1867860829940362
0.23985520714604408,0.25184285945711765,0.352261519265521,0.15604041413131722
0.2975463089818519,0.0024923635337077347,0.4668255537074218,0.2331357737770184
0.6214651084358518,0.17820758516196344,0.11028463767181229,0.09004266873037242
0.016984500644628756,0.08744992493070339,0.21617010308507867,0.679395471339589
0.7389475895025491,0.11547091413927414,0.09639519747069049,0.0491862988874862
0.142158337822105,0.49823222589925037,0.12556095860981506,0.2340484776688297
0.14923224481353495,0.17739138377776167,0.21142201269231142,0.46195435871639196
0.1487036565296879,0.281332030494768,0.36891970146047814,0.20104461151506603
0.22847831888980186,0.5447538161530119,0.1911118868988096,0.03565597805837653
0.5825109086589636,0.03139275617519043,0.06909125283275944,0.31700508233308655
0.44712609278845306,0.03219338488550002,0.009114705624592254,0.5115658167014545
0.28194539327772244,0.07719203169209939,0.2259430818173276,0.4149194932128507
0.11588296888153904,0.5525053924716175,0.2997875306118839,0.03182410803495972
0.32794907266208734,0.5797053233250923,0.05901189404545153,0.033333709967368876
0.008429315768449,0.03451617676813928,0.189640945645215,0.7674135618181968
0.0799427078769558,0.16494682365156585,0.6793185700175417,0.07579189845393672
0.5055592832010665,0.03236029521595371,0.4197064077904032,0.04237401379257665
0.25820185587015004,0.5439979936740982,0.06229172944744824,0.1355084210083035
0.38576491527103873,0.049828865089461945,0.5077891062905698,0.05661711334892941
0.28750101337818873,0.16492706048373026,0.4387909094850912,0.10878101665298986
0.5823096555835401,0.06346500155633299,0.3203897402340367,0.033835602626090214
0.11622913885739088,0.3484586715437067,0.052645317278506146,0.4826668723203962
0.14063976612293752,0.2195351015454279,0.34608609358989034,0.29373903874174423
0.1762690432021934,0.09386218520475346,0.24662539654056395,0.48324337505248915
0.039524373998106904,0.3789615023428584,0.4461626704457807,0.13535145321325387
0.35921595481933555,0.1836090844288427,0.18802538962383616,0.2691495711279856
0.1795015631635746,0.159907010557882,0.6003290961784229,0.060262330100120484
0.03314284385054054,0.6570745362561656,0.23939083659142132,0.07039178330187264
0.30837239898943547,0.019680421026744593,0.1503269985260302,0.5216201814577898
0.1781816712109379,0.5884807724598752,0.1420647842913662,0.09127277203782092
0.3884614053190533,0.029104103299651494,0.049075109195611186,0.5333593821856839
0.20613957185568949,0.31663037822248724,0.01926998543114723,0.457960064490676
0.015394519874165664,0.16995385807902383,0.5360738961245245,0.27857772592228613
0.11882785401442675,0.07204759054259512,0.39532093417479447,0.41380362126818365
0.038178395223711116,0.29151096228879414,0.6255810671425669,0.04472957534492803
0.08641008474447089,0.3039395762154793,0.23565546187203038,0.37399487716801955
0.16163957773003748,0.7094511014707141,0.03738715865549606,0.09152216214375224
0.10773344835249561,0.6163240678226463,0.0418812580327566,0.23406122579210156
0.16219648862854363,0.3662626055391539,0.34929064712688257,0.1222502587054197
0.09665801897603277,0.34645304912045854,0.3804729979434782,0.17641593396003055
0.06105702958745735,0.16059746609415812,0.27429144804456385,0.5040540562738207
0.03417423234164036,0.27522365804453425,0.1731126796156558,0.5174894299981696
0.3410750816327502,0.48074596168315226,0.151381312304761,0.02679764437933642
0.06990787668545899,0.8858194503566965,0.00797636237372328,0.036296310584121284
0.0007710877479833273,0.3586850159926394,0.15793057144628203,0.4826133248130952
0.38627000645767556,0.5394310969530198,0.0386362836727568,0.0356626129165478
0.44954862130706236,0.18782345627109912,0.251558969271593,0.11106895315024551
0.3226043588223582,0.18029488352602482,0.3190374604106614,0.1780632972409556
0.055075980609079624,0.5469130422662584,0.29173912164790733,0.10627185547675473
0.48334887838097373,0.0022882535407821704,0.038817288823954854,0.47554557925428925
0.09411550270151413,0.3587223181548279,0.02160271342379656,0.5255594657198613
0.10099290886294117,0.03203956239456352,0.02880915436739642,0.8381583743750989
0.22233815994026618,0.21048924196027743,0.3189107717392912,0.248261826360165
0.22289766994084595,0.5078681028131119,0.06152874571452128,0.20770548153152063
0.5274024022951574,0.08321177442451327,0.094260963801401,0.2951248594789283
0.05222815213468793,0.5795135003571769,0.20485486287171814,0.16340348463641707
0.009331115794346121,0.4036047407594751,0.08617096196994191,0.5008931814762368
0.1587269744328158,0.1282802865808029,0.07436695213134038,0.638625786855041
0.06205356156834606,0.1980624827886515,0.5286069815525379,0.21127697409046464
0.26369285177421975,0.6513027509548553,0.03950055542354607,0.045503841847378795
0.30254899721542994,0.24796671637106557,0.4184018821246343,0.031082404288870095
0.23497161257308152,0.12625553204429377,0.30251495329325584,0.3362579020893688
0.046587219662239124,0.3730784858215832,0.20028851035805617,0.3800457841581214
0.1357823829972106,0.07201369665934959,0.12170078814840622,0.6705031321950335
0.8081935822453513,0.018047357830264926,0.15916624676502716,0.014592813159356672
0.21094053310235528,0.332945639307704,0.14214065158198716,0.31397317600795355
0.14522591695985296,0.05045046849352698,0.531612329868709,0.2727112846779109
0.1593221312137065,0.33194527654119205,0.011612629908507583,0.497119962336594
0.28517889442835576,0.28740087389795543,0.280062060177663,0.14735817149602573
0.4747762819700213,0.08212440280376064,0.4215760847988545,0.02152323042736358
0.385348738086183,0.3837030505224336,0.026868632805028814,0.2040795785863546
0.39966672581366625,0.14006963502646746,0.20206688433391265,0.2581967548259536
0.016141533551123653,0.069849699069059,0.8336584420151254,0.08035032536469205
0.43342833194697794,0.333405007556467,0.010384816684457412,0.2227818438120976
0.2526317887662997,0.5981984725697065,0.08981019794583178,0.05935954071816191
0.30494438680613806,0.08854405142471282,0.4331187451176506,0.17339281665149872
0.06396516712250065,0.1501496282092067,0.23464184978585667,0.551243354882436
0.37611343159589056,0.17615816902988643,0.3677448489014305,0.0799835504727925
0.06307101775455387,0.018157455154421766,0.9037277447432629,0.015043782347761502
0.6840180323715653,0.07570479446815662,0.08362856720884906,0.15664860595142896
0.37909836829977395,0.21904578857219548,0.10155194081944771,0.30030390230858284
0.35844821632463797,0.032957154878062875,0.046717303070653984,0.5618773257266451
0.3435919225262145,0.49916954260294466,0.06546930752384926,0.09176922734699158
0.14170678092185038,0.48899297797507074,0.13664704273374345,0.23265319836933543
0.36071071465298954,0.046428719895381484,0.4105661811719989,0.18229438427963002
0.2080919895462134,0.4680656717900887,0.15146286575049359,0.17237947291320418
0.09593322277594582,0.19347908765091212,0.4223473731881902,0.28824031638495184
0.08738519785057287,0.07675178542880072,0.21048099725513958,0.6253820194654868
0.5485416134204749,0.07537368948756154,0.13390750553570666,0.24217719155625692
0.33693413463717636,0.24644544619839556,0.35199305164321765,0.06462736752121037
0.4723567116188493,0.06818975728454714,0.1421271034957987,0.3173264276008049
0.11016887623996902,0.2743246530367597,0.2330475062870386,0.3824589644362327
0.4175840973761761,0.5442932025399138,0.02500471526692945,0.013117984816980486
0.09961656209096488,0.3040032061405579,0.2563797900855008,0.34000044168297633
0.41965618707304714,0.03739617047213493,0.34890524956593055,0.1940423928888875
0.24467518056024568,0.148452742042386,0.539813532562339,0.06705854483502936
0.24916803774708499,0.017918704082919568,0.12807844608286784,0.6048348120871276
0.2463542740816146,0.14399003247783307,0.24887593564176325,0.36077975779878907
0.02431526772717627,0.340818238886762,0.21395103533106066,0.42091545805500113
0.007155543972309873,0.025921906067228957,0.46233959782268963,0.5045829521377715
0.2197615221680886,0.37454488034189803,0.3669095350436109,0.03878406244640234
0.08466405577721162,0.3236474221401575,0.10334793567567294,0.4883405864069579
0.07884961597834755,0.18327354824833847,0.26523813913697963,0.47263869663633423
0.11090023352036547,0.2682926180373648,0.3707367256572302,0.2500704227850396
0.19970503859287064,0.042848978898131836,0.43087124683673206,0.3265747356722654
0.2852349279646236,0.23720734200248889,0.4190588163376521,0.058498913695235445
0.22225892409177841,0.12477353599696527,0.37414242892923466,0.2788251109820216
0.5425513554869602,0.12150947885832676,0.2654882925258784,0.07045087312883455
0.04312582223746023,0.1649521345815742,0.42262392771500923,0.3692981154659563
0.18389237812925438,0.3017060928202514,0.2436799513114035,0.2707215777390907
0.1550660130079488,0.2122070072794714,0.4875957226548108,0.14513125705776883
0.017662072101934007,0.01692957685228733,0.25033688772664736,0.7150714633191313
0.029875276098530013,0.20064465097425066,0.44830675847954543,0.321173314447674
0.09205381982214923,0.1547876733207188,0.551676005154768,0.2014825017023638
0.030706064452326858,0.4728412896656847,0.3186336173306698,0.17781902855131873
0.00910232074279599,0.25925110490317643,0.26906647152060614,0.4625801028334214
0.1978272872318227,0.05853076196908263,0.55776538955949,0.1858765612396047
0.8397732286268929,0.03978226146695573,0.015791795632794644,0.10465271427335673
0.06026985478436276,0.34605843600414654,0.1508979454024925,0.4427737638089983
0.27236097462101927,0.42924644105874904,0.24882930488242874,0.04956327943780296
0.027823842552966032,0.5927410587085857,0.0587894451672858,0.32064565357116237
0.30967787958258297,0.39137638422162985,0.07092436986571299,0.2280213663300743
0.11346258782556375,0.2289472626829032,0.20241099862225298,0.45517915086928
0.009985536981445983,0.4958840742594459,0.4524905310774875,0.04163985768162067
0.1929580643832908,0.23464032213310815,0.16190561818806898,0.4104959952955322
0.11610861366621603,0.15518833827696749,0.6923436556658437,0.03635939239097279
0.2487344783257152,0.28783921196709467,0.08341234323938483,0.38001396646780533
0.2612287893516014,0.37187931227203724,0.05238906378185787,0.31450283459450357
0.45461106339138463,0.26269142220974023,0.09433388958543759,0.18836362481343755
0.3823963578827896,0.19947411957076253,0.4010071665411037,0.017122356005344265
0.6560758353733637,0.028310831976301423,0.16716485115388244,0.14844848149645265
0.7377242948646399,0.013622334870994667,0.0048257436835787175,0.24382762658078672
0.045292439046743946,0.24252907695915,0.5533694025612779,0.15880908143282815
0.14297302481561433,0.10917592746040257,0.2972324165414556,0.4506186311825275
0.15686193331520812,0.5010477786563147,0.13494470020642854,0.20714558782204873
0.11445237687640407,0.4483791464261508,0.16472544100968725,0.2724430356877578
0.5114181389535697,0.35599080531178084,0.05817021537847329,0.07442084035617609
0.06766314327526154,0.024043238184507557,0.343125257766751,0.5651683607734798
0.1124784095747185,0.6557757841411918,0.15343235843357608,0.07831344785051368
0.4747919696628462,0.32038953068285264,0.1003351072344585,0.1044833924198427
0.10401753087335464,0.26123846712392873,0.4001719137658215,0.23457208823689518
0.26644332545605054,0.18213509848546627,0.4652541356130277,0.08616744044545549
0.0690154731448645,0.31772968679085756,0.05076053435210086,0.5624943057121771
0.4830633406507349,0.13030451894877113,0.31187485282802946,0.07475728757246439
0.27136253759105466,0.26219271932174687,0.28747786701937983,0.17896687606781864
0.3910476081730958,0.304364310977178,0.19972552962681975,0.10486255122290636
0.10154558097267391,0.23124584349900396,0.030592417770735705,0.6366161577575865
0.33135751053392104,0.20908429315152283,0.44231172268211916,0.0172464736324368
0.46236503725309963,0.036414542082499377,0.018718732797483557,0.48250168786691744
0.246729455653329,0.24249974453706458,0.4348190494845209,0.07595175032508547
0.2688824752983178,0.11024332646825978,0.19291214207027477,0.42796205616314764
0.016596973212120263,0.20216839947848586,0.6824893003413357,0.09874532696805813
0.15256890227664646,0.4693017410191723,0.27362713494081087,0.1045022217633702
0.07620359996582743,0.07666449563515926,0.3525070462289471,0.4946248581700663
0.3260606610862235,0.012300929384105581,0.13996453280054552,0.5216738767291255
0.02377024392667368,0.005080962817464005,0.07675615153598822,0.8943926417198741
0.2880334017281572,0.25005511679276005,0.17181920211361443,0.29009227936546816
0.40308730511163626,0.3646821115528333,0.13116218359681245,0.10106839973871781
0.13240168526175838,0.05114197825993908,0.11532386366681699,0.7011324728114855
0.3849257131066836,0.0012301784805839478,0.39962497140628545,0.214219137006447
0.26149840202324254,0.03679306967972384,0.08424385476718213,0.6174646735298513
0.10665462195061007,0.3877171319516943,0.11830073803379541,0.3873275080639002
0.1166318316273093,0.028275663384091692,0.6763691930091872,0.1787233119794118
0.15177265541242232,0.29687632208360865,0.07190418322182263,0.47944683928214626
0.3663534853405847,0.03218055956522474,0.5072155349850942,0.09425042010909622
0.4158036887232781,0.1984413256679849,0.20941386748807966,0.17634111812065725
0.383939987202139,0.13973630676312457,0.38638767466002505,0.08993603137471134
0.3429855274923617,0.04026756120489628,0.34322840419450334,0.2735185071082386
0.06855422173576682,0.22661839758025015,0.21827238571279842,0.4865549949711846
0.11507293869019455,0.05311811759795483,0.5564514400294467,0.27535750368240397
0.8730813608066028,0.0038079062063366242,0.10823815999494457,0.014872572992116043
0.1877078809425906,0.13558227566558567,0.5148059628873978,0.16190388050442595
0.4244070945223779,0.03167674258468204,0.3362650361854364,0.20765112670750369
0.05367183704482578,0.5350653914374655,0.029432062977215324,0.3818307085404935
0.026609846273534042,0.1169664822281173,0.5830364362100754,0.27338723528827313
0.07079274124864622,0.3684406687398434,0.22681557261892987,0.33395101739258054
0.037485316359425334,0.2542357001593482,0.5660516885845255,0.142227294896701
0.0069404448724678545,0.4872513936976053,0.32663244938014174,0.17917571204978502
0.4128587080916573,0.32840090084811263,0.15349204715653866,0.1052483439036912
0.365903394094774,0.21241719601908546,0.010177635913948435,0.411501773972192
0.14645798034271734,0.3910716564263694,0.31201395462174336,0.15045640860916984
0.158902324198506,0.03569452733568569,0.25234258115010294,0.5530605673157054
0.1469759834612943,0.7156689878241341,0.018886726442989152,0.11846830227158249
0.08777547826683255,0.06358631372145702,0.18673068967942585,0.6619075183322846
0.14115489392772482,0.300922150238876,0.5344092406937677,0.023513715139631384
0.6982639139776696,0.07388924143173634,0.10238833642914966,0.1254585081614443
0.04025053436860546,0.05386336995555532,0.8927405378769795,0.013145557798859661
0.16026551876207257,0.007526754998283432,0.18721515436854405,0.6449925718711
0.6503357766763971,0.23112784868066566,0.061053480347174935,0.057482894295762296
0.4572359777696203,0.07255947581242626,0.10924833977150775,0.36095620664644573
0.171311030255945,0.06835859669500347,0.1979134036576891,0.5624169693913624
0.14351826248970292,0.31613265034956334,0.4001834272948726,0.14016565986586113
0.26680317321881375,0.016754958240335936,0.6692313672616859,0.04721050127916456
0.3392571620452618,0.2341654599159307,0.027718318387119512,0.39885905965168794
0.28388451306184564,0.6698688450568188,4.6438385862404215e-05,0.046200203495473255
0.17886717327411047,0.21867998207142697,0.23159336045413742,0.37085948420032533
0.2680813891601514,0.4481992801342928,0.15421992554072556,0.12949940516483027
0.0823658701306911,0.24810148205941668,0.0371160060530169,0.6324166417568753
0.36971699363709115,0.15394137310730152,0.3643703648518472,0.11197126840376023
0.45044174171466583,0.0016267725477427631,0.43294255747806487,0.1149889282595266
0.8078269296857618,0.034984676427835676,0.12688005996288768,0.030308333923514865
0.036969743716641856,0.03644760852186795,0.3307122908802029,0.5958703568812872
0.09073919724609283,0.13830707211005117,0.6013770085527543,0.1695767220911017
0.11118590274479898,0.13898029886895757,0.2775987241506948,0.4722350742355487
0.46223646112035877,0.3429846105180232,0.041824208998611626,0.1529547193630065
0.2710123352943935,0.0825843481973433,0.23712042331516064,0.4092828931931026
0.012053327686563673,0.3231300663249832,0.09837753973334278,0.5664390662551104
0.261469267920042,0.13383822805742565,0.07467816996554126,0.5300143340569913
0.04204978910200637,0.4728357783134157,0.4522748057045297,0.03283962688004825
0.5532863306752095,0.2523686868710109,0.04994190037006401,0.14440308208371563
0.4293995274351318,0.17507651783830858,0.3728222940846083,0.022701660641951407
0.30377874748437933,0.20509120461421157,0.2126988531470466,0.2784311947543625
0.40857054502345735,0.17916655861994718,0.38655339055496,0.025709505801635314
0.29336860377564455,0.44923104857146934,0.23417859955892623,0.023221748093960062
0.10958928505292372,0.43187158571055373,0.01949778436994398,0.43904134486657875
0.04170433839746144,0.047082624635014565,0.779178669111971,0.13203436785555303
0.07088906901919112,0.26282324890885517,0.11271860189716632,0.5535690801747873
0.3023396878348298,0.384837286051345,0.1432952333303136,0.16952779278351157
0.19760909786235092,0.01117978047752366,0.3061090910208113,0.4851020306393141
0.1354783211753247,0.2344033930267685,0.07200096018399091,0.5581173256139159
0.7570714413501582,0.0029419372451451706,0.05890024142113237,0.18108637998356422
0.3752817179211215,0.012936385622747636,0.4741025681451,0.13767932831103086
0.38959106897329937,0.35249328939442276,0.04010760186996856,0.2178080397623094
0.003774109023919537,0.02145189544457226,0.627721838870904,0.3470521566606041
0.5710294988937813,0.06733504344381752,0.12956191442413567,0.2320735432382654
0.054711635225351794,0.6525675843767176,0.0374516924598075,0.2552690879381231
0.30728906659175503,0.31926062160164526,0.027122833688586322,0.3463274781180134
0.5987490441945674,0.022466195589963937,0.16359908893281183,0.21518567128265684
0.5526068082164441,0.12496872474213852,0.1611019230052562,0.16132254403616128
0.03260994070925476,0.024619044944064552,0.3303165522482952,0.6124544620983854
0.04491357382321489,0.004678531436683848,0.166709899159025,0.7836979955810763
0.2893034154772639,0.08006344114897875,0.048551412078377196,0.58208173129538
0.3309365422495983,0.09755958306302821,0.18950725920831846,0.381996615479055
0.08036298366861004,0.6173342543543976,0.05858143046543321,0.24372133151155914
0.2543719334872027,0.09210482206303831,0.26729223554037873,0.3862310089093803
0.09652616945822268,0.0694993252076026,0.23522587741041112,0.5987486279237636
0.28123843560206047,0.305461079734494,0.15401665067767328,0.25928383398577237
0.21457638590010966,0.09491074315799317,0.12448057068790006,0.5660323002539973
0.08124419707737619,0.31943936441045856,0.17662021418700927,0.42269622432515597
0.6383128134276126,0.05314208767791345,0.27945596758430613,0.02908913131016769
0.41991403821315904,0.021804180335603236,0.30055637056482254,0.2577254108864152
0.23684559660873603,0.2524222476319296,0.031946373516455885,0.4787857822428785
0.017590340494771785,0.47129848137567293,0.03660724037799031,0.47450393775156485
0.26866316587580213,0.2643959963103663,0.06373902208750522,0.4032018157263264
0.20914871231209686,0.20451061257422284,0.5565748709660976,0.029765804147582738
0.20481098491583977,0.41773266230206596,0.01836104170537634,0.359095311076718
0.23562395270291825,0.13010470150881517,0.0713717528207209,0.5628995929675458
0.26896161262939866,0.09149665948019417,0.40651761086949345,0.23302411702091375
0.2803295684729626,0.4454556193067118,0.19569540580618397,0.0785194064141417
0.20576811596719446,0.2317646498727463,0.44894378255346973,0.11352345160658951
0.1871232767459511,0.490558322125173,0.09302926734936845,0.22928913377950752
0.004327245970573134,0.03801537100837195,0.644818099939518,0.31283928308153697
0.016053384597556532,0.15654309334410324,0.541662448230126,0.28574107382821423
0.12465507123305938,0.2097425057634098,0.19804352657076796,0.467558896432763
0.6030495696768434,0.19281084249837285,0.20045889492647626,0.0036806928983074095
0.1603610144924625,0.16886207859257546,0.3396313500665154,0.3311455568484465
0.190003005595272,0.005946354251921807,0.23087747110958398,0.5731731690432221
0.07662075576084802,0.20393696365629083,0.5865641304887533,0.1328781500941078
0.17283951662572844,0.5843770588250495,0.22587623101553955,0.01690719353368239
0.42427007594160937,0.15046827540269994,0.3072930231039636,0.11796862555172706
0.18501594427173257,0.27406300145707246,0.5401363164569667,0.000784737814228317
0.25942610577111624,0.4886391091060111,0.1943985767172754,0.05753620840559733
0.5261014874877445,0.21605440356542338,0.06139044131994972,0.19645366762688224
0.21404586504282336,0.6555581730449073,0.12868776526007059,0.001708196652198721
0.7833690416724223,0.004487758503800745,0.0972596765516023,0.1148835232721746
0.30896789186458096,0.23829967655555645,0.05843628343963983,0.3942961481402226
0.13790511093412008,0.1270407996387391,0.6747462156678238,0.060307873759317114
0.7643703949413588,0.12425155739693428,0.10045605671925321,0.010921990942453538
0.7713701594804421,0.08556637976403078,0.024458862390417092,0.1186045983651101
0.12666394110313506,0.33473174616336404,0.04248885943352548,0.4961154532999753
0.3089933724625489,0.2763155130581552,0.04889443346150462,0.3657966810177913
0.5088393650231021,0.03421297118733921,0.39901262814231264,0.057935035647246114
0.33278279024829827,0.17509032528100937,0.21663964023002052,0.27548724424067184
0.3269746157016197,0.26751164104090847,0.033831192289468515,0.37168255096800334
0.10770152204052715,0.15133232007437125,0.4304534626407896,0.31051269524431196
0.10894095394639418,0.08800288212812624,0.7001344092903844,0.10292175463509516
0.3709427719590935,0.4235367917005131,0.13314996650477975,0.07237046983561361
0.30355563691060405,0.03784939526694604,0.49007446424669676,0.16852050357575302
0.25116440342792434,0.05921901295353691,0.3438238845089083,0.3457926991096305
0.48064909112645376,0.16502442817711024,0.338615031712275,0.01571144898416101
0.38576011942971045,0.016666760200504352,0.10528396623944997,0.49228915413033547
0.026328126479791686,0.24893297802858635,0.4399277505709053,0.28481114492071674
0.11137805979555028,0.11555875129393332,0.0141344882779496,0.7589287006325668
0.5555793038942546,0.21040855200847106,0.10787177372179046,0.12614037037548376
0.4275592488780054,0.11627101584421733,0.254812593931171,0.20135714134660623
0.529808861833618,0.23336169737850482,0.05737878877626027,0.179450652011617
0.5169685563773508,0.34380295711187686,0.04402147238310164,0.0952070141276707
0.2338964963810911,0.6144975743478495,0.05425587920360946,0.09735005006745001
0.28055088903877723,0.3840368740612018,0.2571389003899624,0.07827333651005859
0.6480249571491999,0.1305647557262888,0.013757186752622838,0.20765310037188844
0.2715230326497245,0.14065228567957647,0.1394105656165054,0.44841411605419373
0.5675345038047779,0.33753801933105815,0.05186800100002402,0.04305947586413979
0.5745633580123625,0.04350195893694277,0.35227683700627965,0.029657846044415126
0.44899204748787813,0.09467418783156872,0.144966898919273,0.3113668657612801
0.3289506458051584,0.17297955742450027,0.030764641350446122,0.4673051554198952
0.01415599734770525,0.1046765770812649,0.13115246135701789,0.750014964214012
0.10666721489997602,0.3527269556372617,0.17832382122861654,0.36228200823414586
0.07731904994720352,0.4452420319582069,0.33614362592945746,0.14129529216513229
0.1831189075619333,0.05014584306007674,0.07583120830904456,0.6909040410689453
0.32198658651453615,0.004911153696496885,0.38253848345980934,0.29056377632915764
0.7434813294423805,0.09309222284510253,0.13686190562821418,0.0265645420843026
0.3589071121808502,0.041922534268351457,0.3882691608234706,0.21090119272732774
0.26413972830575566,0.31752287240110944,0.2663335285700496,0.15200387072308547
0.10697128015274658,0.6023069418816422,0.19297602302519662,0.09774575494041463
0.05573033250047371,0.4145361681675764,0.21360550558035019,0.3161279937515997
0.005292390206760766,0.08346953313430562,0.785421701007076,0.12581637565185766
0.2876727361463748,0.23303308913597812,0.4073055432163507,0.07198863150129636
0.1612801199617994,0.441267263162072,0.07092139537332194,0.3265312215028066
0.2730635895126116,0.40244862961499306,0.25878105148552916,0.06570672938686616
0.045762929014815115,0.2853794857716117,0.41794021461548636,0.2509173705980868
0.4878565761840318,0.0189982954249217,0.0816085360648771,0.41153659232616946
0.6077726666802199,0.04412809645997268,0.10920544811834759,0.23889378874145983
0.10401325783170193,0.2814761946549686,0.5982431485375137,0.016267398975815875
0.28556176088205554,0.05182291182137358,0.2699375537676863,0.3926777735288844
0.17271118793238585,0.7239715961405312,0.0842095461960419,0.01910766973104102
0.0028321653110351466,0.20512656319156358,0.27022323408682053,0.5218180374105807
0.11689574561684053,0.3602073373649469,0.2712936876635469,0.2516032293546656
0.6683368123413505,0.06663691146943601,0.0679706765048437,0.19705559968436984
0.5481536344638025,0.09771452994012211,0.050056659280949614,0.3040751763151259
0.19664669909913243,0.19924401616525642,0.4617819655226173,0.1423273192129937
0.1070004399022397,0.8046922625757187,0.00659485577465774,0.08171244174738398
0.5953175453421481,0.1302361733192596,0.10751814902025467,0.16692813231833764
0.00037115073887192154,0.6158134232173362,0.2736554550061425,0.11015997103764934
0.08339139790318141,0.040128141242483886,0.7266455084668993,0.1498349523874353
0.513669607323034,0.018560850675649845,0.10405415636903886,0.36371538563227734
0.17077292032846664,0.6111085223193401,0.07342317980104987,0.14469537755114334
0.19776725761938094,0.08696066336574175,0.19718300267341388,0.5180890763414634
0.2748936393792739,0.20758292551532992,0.3114734148738752,0.206050020231521
0.02174987068615466,0.02931153037914908,0.20529584934649261,0.7436427495882036
0.49281639333162863,0.11858535114189901,0.372162522304218,0.016435733222254414
0.28066114597145503,0.004007054991839969,0.1929389111060182,0.5223928879306866
0.577467253618818,0.008067217219185846,0.20700933956368736,0.20745618959830886
0.25441210838093176,0.47380514723354206,0.14655152673118219,0.12523121765434403
0.16430757697708326,0.23443327662273392,0.4301413084765991,0.17111783792358382
0.41320506558439796,0.12845752518312065,0.07200777222290035,0.3863296370095809
0.48362961454206366,0.5015826624252464,0.004872843027958777,0.009914880004731112
0.12113667376485877,0.5672596928355846,0.16076470394305722,0.15083892945649932
0.15815383507979092,0.6675864045744335,0.1644943877686118,0.009765372577163913
0.4484612049435218,0.2908070627209613,0.16657781564931048,0.0941539166862063
0.4125283991781832,0.39859255144388156,0.0410950874418907,0.14778396193604457
0.02862552537047323,0.6758315707650759,0.2525492539131221,0.042993649951328664
0.4951805791546143,0.07305801858773772,0.2999061226846395,0.13185527957300855
0.021653721299575702,0.1584738955058704,0.5355234458416511,0.28434893735290295
0.27596287210056397,0.27881283928279527,0.269863818093153,0.17536047052348785
0.3664495196201534,0.3147545576523342,0.013166626517197225,0.3056292962103151
0.42447105885734476,0.1690752194341286,0.16452743435692901,0.2419262873515977
0.13261984875982077,0.5624111483208712,0.21681700923527597,0.08815199368403212
0.03325758828632106,0.23759549001073446,0.3997664980603438,0.32938042364260056
0.6487121385433026,0.11576737553482616,0.183061154800931,0.05245933112094017
0.07548362383892068,0.45759588977634974,0.2831469381365461,0.1837735482481836
0.4661227749367472,0.35423953381982753,0.04564675997744331,0.133990931265982
0.42727624607646125,0.06776692705150326,0.16595819075067975,0.3389986361213557
0.25639806771592394,0.5687957870446141,0.04398647457528814,0.1308196706641738
0.006037872258060752,0.1005708906464364,0.32370431376360315,0.5696869233318995
0.28188102038476154,0.09941728718139207,0.5992510925452371,0.019450599888609428
0.0002966601260696427,0.22690014461675576,0.44311996722390895,0.3296832280332656
0.5004353186124347,0.040098135857446,0.3728822499214172,0.08658429560870215
0.31914876980008805,0.4857129708999794,0.03191572528344317,0.16322253401648937
0.18959939860134536,0.3381194005419625,0.018092207016725922,0.4541889938399661
0.29673750587636205,0.007434105512310403,0.05807466466335229,0.6377537239479751
0.12008495099905525,0.02421794809715185,0.061400077710627964,0.794297023193165
0.10309390992104807,0.07808439512678705,0.423886136180032,0.394935558772133
0.0555475700357639,0.20616488559882545,0.5168775824857449,0.2214099618796658
0.1225674047231692,0.4364755009158776,0.2134834501804582,0.22747364418049484
0.017698289615045888,0.05479888260513403,0.2682118315476616,0.6592909962321584
0.34255435898010356,0.009555901654381289,0.004248410206131026,0.6436413291593842
0.15058841239888082,0.02993734489503407,0.023746102278268958,0.7957281404278161
0.040784186859986506,0.14597073381023273,0.19465924735492315,0.6185858319748576
0.14267842794544208,0.3831300403366753,0.4641070348684374,0.010084496849445112
0.30340327073426104,0.06906774398614181,0.08664373276202117,0.540885252517576
0.1826603287274928,0.0021251846860231294,0.3627796863819389,0.45243480020454524
0.12253606603422622,0.4985240123002086,0.034583754791168465,0.3443561668743968
0.11913324861874548,0.39281725586277444,0.1495487811018834,0.33850071441659674
0.29547459281183586,0.18757188131642352,0.16654835074244725,0.35040517512929326
0.12702218102965165,0.12245241283563842,0.17622001008255384,0.5743053960521561
0.45541629213059304,0.47011630360121204,0.054855196345553865,0.019612207922641203
0.58073744288476,0.14126037709715625,0.12204072810074629,0.15596145191733754
0.053744933901690585,0.17587679132986217,0.40964689429434803,0.36073138047409925
0.0035672689819334757,0.14063380042099435,0.7896814280821195,0.06611750251495266
0.14456356836193054,0.3827502840903517,0.28413806237173633,0.1885480851759815
0.14051915191497522,0.5322797547361774,0.019580065936275207,0.30762102741257213
0.1733408612150381,0.2565078940654649,0.27323686395224744,0.2969143807672494
0.2582915657195334,0.04786635671102474,0.6773272063027564,0.01651487126668527
0.13948611220565887,0.11077494780284873,0.7011834183354843,0.04855552165600821
0.5334162987509803,0.11280823545931284,0.05148183061989312,0.3022936351698137
0.039438734452375966,0.254159483242205,0.5016951938633638,0.20470658844205514
0.15053154367099894,0.006029268691115282,0.07483167423665298,0.7686075134012328
0.30130072075039827,0.5718632367962027,0.04082762052386118,0.08600842192953792
0.132633692035184,0.16860313577931313,0.5866376997660959,0.11212547241940712
0.09495783518994869,0.006642124555118497,0.8344625907655837,0.06393744948934912
0.24038741098744124,0.16443969048247697,0.5524495874757046,0.042723311054377204
0.9128764376877923,0.012146683553587003,0.027982102720091332,0.046994776038529536
0.33509156189277295,0.076280809325119,0.45458551161779776,0.13404211716431036
0.02284314634907366,0.06039251383027088,0.8774883755117596,0.03927596430889571
0.5953171794657725,0.07956939534355699,0.19159708925282515,0.13351633593784543
0.4352383296722948,0.05886317254959093,0.14611432558925497,0.35978417218885916
0.19237512338210822,0.2519715283508718,0.5012208367375897,0.05443251152943047
0.4295709513376856,0.2039296146323858,0.21434644167029157,0.15215299235963703
0.11243134464824095,0.3786075343657336,0.0756388475112744,0.43332227347475116
0.19618029437252765,0.03360690330655182,0.07242327481159452,0.697789527509326
0.4149194484102574,0.005117684119429936,0.3564330523511129,0.2235298151191997
0.17380261745726808,0.5689557871713465,0.06299120090822603,0.19425039446315934
0.19002404544599974,0.020816727204970985,0.3409849739681511,0.448174253380878
0.2895341143338559,0.5479858755620232,0.10852164123325928,0.05395836887086177
0.21999093895517727,0.1879534093785355,0.3767819229930401,0.21527372867324718
0.42827875100862733,0.04037518870771977,0.46043392931083177,0.07091213097282106
0.03504423230863173,0.2949868385587871,0.5063324482033278,0.16363648092925345
0.2143202646899749,0.170607295462347,0.40296429187758653,0.2121081479700915
0.23720549062139812,0.20264858439901298,0.2275456666916828,0.33260025828790624
0.351420073966673,0.03051484582485299,0.16753778897944274,0.4505272912290312
0.2932728379366175,0.48166199175619767,0.16973975697653326,0.055325413330651656
0.06684337839151754,0.02992403582629682,0.46059647010754856,0.44263611567463695
0.19298871039331786,0.2653253847037441,0.4306858307096023,0.1110000741933358
0.30539178103833964,0.2633676198159612,0.03572911119792515,0.39551148794777397
0.028344458400574857,0.5672562162958197,0.16124542677565878,0.2431538985279467
0.2588258398114057,0.2261015926839513,0.1845442744741941,0.3305282930304489
0.17036700988863904,0.5920735597000527,0.163372443668602,0.07418698674270624
0.003955284200519358,0.11674935246340515,0.6837446343092203,0.19555072902685525
0.0643987524649397,0.2766774273236243,0.45074591807429565,0.2081779021371404
0.21333798941552148,0.5422868064540922,0.2057625740682661,0.038612630062120186
0.1339650192031077,0.04377081699952571,0.7315178050479254,0.09074635874944109
0.4837437471151011,0.2609294060825057,0.22134155821301693,0.03398528858937631
0.5676514440688039,0.20082329893382572,0.15998965745639804,0.07153559954097229
0.06383497541500267,0.3975392134122166,0.47232601970986193,0.06629979146291869
0.42966952090982713,0.14662457194546516,0.05796339759354155,0.3657425095511662
0.04452104040732998,0.584544184962637,0.16766531452775219,0.2032694601022809
0.058979352069764596,0.009181626585890591,0.011287079671703835,0.9205519416726409
0.47261930545586356,0.11449905005980576,0.3977331483216578,0.015148496162672892
0.2571673401787746,0.40206515156351663,0.257840667583217,0.08292684067449174
0.3498851606832832,0.05453257811325436,0.20893606427665257,0.38664619692680996
0.2870927382289287,0.2893728680130182,0.1504845839354738,0.2730498098225793
0.20436226215807085,0.5056292635695173,0.20688018899078087,0.08312828528163077
0.5329694664238506,0.07723801433791645,0.21015399042903024,0.1796385288092027
0.22497294587790634,0.09904658098556726,0.3566360945376153,0.31934437859891107
0.19855589967847584,0.35780016210002064,0.18434719848047262,0.25929673974103085
0.023189262657049816,0.7576216299864917,0.014380020146909055,0.20480908720954952
0.5221775361289372,0.06857400110566023,0.33712125372093105,0.0721272090444715
0.38902825041797806,0.061930840649684356,0.1453980078141118,0.4036429011182258
0.5950086260220855,0.1953270023654946,0.20225528578543667,0.0074090858269832225
0.4975256704736896,0.2539824518620907,0.2054205995515598,0.04307127811265988
0.5583475776339556,0.11332513164848003,0.12958021078738238,0.19874707993018192
0.1679031239785874,0.346558559710098,0.09044163672807494,0.3950966795832396
0.21013000616540475,0.0775809801536658,0.29974243697331004,0.41254657670761935
0.20363549131469041,0.4362653586177504,0.3330399136116326,0.02705923645592667
0.03523741444972682,0.5450944808597977,0.2772366213660516,0.14243148332442382
0.11720859287985352,0.26909523439799116,0.5071938182451303,0.10650235447702507
0.3209390990216188,0.5534006119256134,0.06407574787017072,0.0615845411825971
0.0038681217912970812,0.7972120587453437,0.09352551317227029,0.10539430629108894
0.0200397496749773,0.18363322467690427,0.5996644509312445,0.19666257471687393
0.03477513921967992,0.5893878722414565,0.30539760857550724,0.0704393799633563
0.5352808361047043,0.24295590351754,0.1851258272892767,0.03663743308847888
0.27454084746704066,0.5281313369154176,0.1933767735755664,0.003951042041975259
0.25613687303934446,0.0493743863955557,0.6611530320874197,0.03333570847768009
0.251699407898625,0.6309140968661956,0.026346126774423325,0.09104036846075605
0.6309618064534012,0.1247783031420293,0.13993887189587012,0.10432101850869951
0.5540270258992437,0.07639976351337505,0.3264069588672486,0.04316625172013276
0.5568643384861212,0.20769726125749385,0.06794259407163111,0.16749580618475382
0.2428031401849343,0.2907968806062727,0.34012316473764814,0.1262768144711449
0.2904654975429174,0.38013005261380545,0.26870395843544126,0.06070049140783596
0.03793680037170627,0.35677088776378846,0.19581339108140633,0.409478920783099
0.05701022043741097,0.5117094092265095,0.31431242355446265,0.1169679467816169
0.17285479892605715,0.4592262564048096,0.29965776568165226,0.06826117898748092
0.08642747901783722,0.331780555805421,0.4250017131895386,0.1567902519872031
0.14280917457603726,0.5839976466515054,0.07712339033169925,0.19606978844075787
0.3234448364333966,0.4545437526625467,0.08309897219599655,0.13891243870806014
0.2488726282794566,0.31035506915665917,0.40222631646119633,0.03854598610268797
0.45106546812298504,0.20903372910296586,0.03568134377573411,0.3042194589983151
0.25835598465727094,0.47459733006021654,0.18341866222125322,0.08362802306125938
0.09279288719344617,0.1426817015276965,0.042618227596507775,0.7219071836823495
0.23747884329326688,0.42646530064555266,0.2107375098891647,0.12531834617201593
0.08021276921209661,0.2423968051876727,0.036688822924658575,0.6407016026755721
0.047000483696478294,0.022194213748901036,0.7616706479592666,0.169134654595354
0.0254281656085738,0.5899447206867379,0.020949503642127647,0.36367761006256066
0.011033708808820656,0.10518038349071782,0.5819945286208519,0.30179137907960973
0.35027906542285214,0.2619878131440503,0.1466264659776883,0.24110665545540935
0.6413899216610747,0.2367323318137757,0.11541113575424942,0.006466610770900109
0.5731654855322483,0.05460247509400775,0.11723930398996694,0.2549927353837769
0.12197490724652621,0.3080035417348211,0.08220009002632035,0.4878214609923322
0.34098133820550974,0.2018749162029481,0.30662589321993866,0.15051785237160334
0.32514630743176814,0.3053742541569664,0.043313454044104395,0.32616598436716104
0.06938263786655893,0.3813658192828189,0.17119269822312116,0.37805884462750095
0.6002539947275258,0.09455635777852582,0.03652866588773447,0.26866098160621393
0.29688533227856334,0.06221661384045905,0.4194578793562653,0.22144017452471218
0.1157590240453401,0.6924677032303754,0.10687775975749973,0.08489551296678481
0.11458367547110666,0.05143418452994639,0.48260692641699426,0.3513752135819528
0.11540314777146604,0.658921831802532,0.02464404389859227,0.20103097652740962
0.25708983813017183,0.065667483838686,0.5436806847909821,0.13356199324016008
0.036754693740627634,0.028644021931355054,0.11799755762734247,0.8166037267006748
0.022222809306039884,0.29694987425957986,0.3141912903839193,0.366636026050461
0.2950959891421417,0.3976001211456799,0.08064455243946289,0.22665933727271534
0.20074182804253604,0.2593557751056388,0.1172328672011182,0.42266952965070703
0.007954957744992452,0.25583216094950034,0.362512592508423,0.3737002887970841
0.15141075193076753,0.14186339409002183,0.1876032723220844,0.5191225816571262
0.5689683396161654,0.2470445082722287,0.08483879394302023,0.09914835816858562
0.40457605633038946,0.2993037301309831,0.26864640386929833,0.027473809669329094
0.5034463808357564,0.33429649077958296,0.09843507368440484,0.06382205470025583
0.24307153805868031,0.051962753081691765,0.514996974006483,0.18996873485314492
0.2544999372085473,0.35562802922955616,0.017848596563434918,0.37202343699846163
0.1445432216014268,0.6258297910524824,0.1154153954608916,0.11421159188519929
0.10723539745650121,0.4209316347147291,0.35670501648069064,0.11512795134807911
0.49860256070363945,0.13151396950993846,0.3523576737681838,0.01752579601823831
0.23189278688760995,0.034386489724037746,0.5569255911798088,0.17679513220854357
0.0595344316673679,0.0413789270116066,0.25498749096285056,0.6440991503581749
0.38187254255049946,0.5882106144381406,0.02299801224060247,0.006918830770757445
0.3180403330608986,0.38444574831693484,0.23211721912121586,0.06539669950095067
0.385885059605261,0.2811553221655976,0.31146093645595085,0.02149868177319061
0.3977234766688423,0.009997825832412217,0.2389003776484917,0.3533783198502538
0.22543941992487807,0.3303543383891415,0.273229730575611,0.1709765111103695
0.5172621139121221,0.14120197355535896,0.04778988871384701,0.29374602381867204
0.04027642603946933,0.7180160100412935,0.13361016504921028,0.10809739887002688
0.4243055055209019,0.2271901947899729,0.27347497377263297,0.07502932591649203
0.6347029142627014,0.2630333685716099,0.05400590988241312,0.04825780728327557
0.0645715864724952,0.08666388178384704,0.5407289740943737,0.3080355576492841
0.02643802837795977,0.07983075458990102,0.06158257066829784,0.8321486463638412
0.06261996107164321,0.19126444826716016,0.5137407648600747,0.232374825801122
0.1439487644457689,0.07768458627157218,0.4351295207122879,0.34323712857037103
0.05880891454896129,0.128614167824679,0.42437078828091235,0.38820612934544735
0.2926732071172611,0.4230109969283806,0.1395933261829569,0.14472246977140124
0.029106690809990877,0.6015037014629007,0.32054208827900965,0.04884751944809875
0.41551043469765087,0.10108097378930742,0.17692210438197417,0.30648648713106774
0.546706239486093,0.13199904047932595,0.08484904447124286,0.23644567556333831
0.8716648319388036,0.0019015364082868064,0.03344009172022485,0.09299353993268471
0.13982844301523364,0.7699490020974908,0.0843310345192784,0.005891520367997179
0.19365488720954588,0.008151652760473863,0.5121136874585585,0.2860797725714216
0.01390195880252068,0.18666401480214687,0.6717805310149698,0.12765349538036264
0.457138386680846,0.3987772037682176,0.11746189314534068,0.026622516405595785
0.0022940389615648885,0.25123160591896143,0.3775723280335961,0.36890202708587766
0.2384442396249537,0.040658588860815414,0.041971160356674295,0.6789260111575567
0.33016522366566425,0.14790714182127893,0.20900844539317248,0.3129191891198844
0.29747095832458986,0.04921608962855693,0.007495994943978544,0.6458169571028747
0.18927138258693127,0.3909252938839716,0.2426475994583945,0.17715572407070265
0.35856387305269166,0.3882239318949128,0.23609624975437188,0.017115945298023714
0.49122898082754635,0.056840574027286976,0.2945097854577679,0.15742065968739888
0.06034774768474237,0.5526646459535411,0.34149584466008803,0.045491761701628504
0.08135641070390592,0.031872246901484325,0.8424844263657115,0.0442869160288983
0.02118210049321248,0.4547060946582953,0.4741308495822576,0.049980955266234556
0.08773384979732529,0.18631967097448082,0.10429523036361481,0.6216512488645791
0.11724259108883532,0.19574214902645612,0.5003165850132149,0.1866986748714937
0.04895154876870627,0.3764497432094452,0.27542532364082384,0.29917338438102475
0.13699634944630376,0.45494002812810463,0.14582430409169064,0.26223931833390113
0.4610757172936247,0.19952108648302846,0.07418298331867117,0.2652202129046759
0.008294198936863782,0.15851670975881244,0.1829611265149953,0.6502279647893284
0.35028549397725084,0.18795062129913456,0.02376164013023705,0.43800224459337744
0.15082688068218048,0.02358769887823559,0.30321648600171686,0.5223689344378671
0.5750286637847833,0.05987248079687513,0.016062181665620106,0.34903667375272146
0.07872714730249487,0.5180899327180591,0.3708307466744093,0.03235217330503661
0.11294847382466239,0.48210325068205484,0.0958942621292849,0.3090540133639979
0.4426375888105586,0.1004581947960561,0.03450598175441277,0.4223982346389725
0.07236413191743359,0.22000013383939104,0.5911038375187762,0.11653189672439936
0.11845798790808582,0.5563076146588616,0.2043728931185946,0.12086150431445797
0.09943505423146229,0.25715458735717583,0.2505790237852933,0.3928313346260685
0.14404077713876165,0.4247102223435396,0.11625743966080739,0.3149915608568913
0.3607822824717535,0.30196487761085067,0.1205389990343126,0.21671384088308324
0.0341731264392962,0.26771175603435293,0.14150724889452482,0.556607868631826
0.638350674422707,0.16577462467016563,0.04592752008802318,0.14994718081910424
0.28215695195838675,0.13503027156830888,0.31686225908427873,0.26595051738902575
0.08129500977221539,0.24731857144850475,0.6680980150215788,0.003288403757701064
0.3004573897245989,0.14912470549429602,0.19890492736597734,0.3515129774151276
0.3509033588429749,0.219759222410621,0.1952241481757607,0.23411327057064335
0.6537607616252886,0.2793276640438369,0.06242433147740697,0.004487242853467453
0.28232676002724283,0.2157084009662099,0.06936553674613628,0.4325993022604111
0.4321619386461987,0.009112621903119839,0.16773624091423295,0.3909891985364484
0.18111363253240853,0.44576893771202475,0.33685286369145045,0.03626456606411622
0.0036711890904270526,0.16311706010733745,0.08735993384260796,0.7458518169596277
0.34966790701750816,0.1762863119651559,0.46065446661161635,0.013391314405719544
0.0965552738643514,0.03307407648982847,0.28790290628697085,0.5824677433588492
0.5338211183483412,0.005655840483417254,0.22398252265026622,0.23654051851797536
0.0069474428745376175,0.410012099161524,0.09776036577389267,0.4852800921900456
0.1698413805976618,0.3392212559336858,0.17874336371295932,0.312193999755693
0.08370421073541198,0.5560669697034011,0.3483301767749877,0.011898642786199344
0.6803063745303688,0.16464892200906522,0.03364497932966573,0.12139972413090029
0.2365888295756525,0.27932165041901647,0.4430202913152457,0.0410692286900854
0.26393831980465865,0.36159561370234256,0.10873117176042142,0.2657348947325773
0.08445761164970067,0.7288600053063319,3.467372779664603e-05,0.1866477093161708
0.15900376534830132,0.2675459161952217,0.44466971255257254,0.12878060590390444
0.4718812685323815,0.47140531664995206,0.03932803792216416,0.017385376895502225
0.21646979442560024,0.06196920267428528,0.48041096790313936,0.24115003499697507
0.0894574680520017,0.6862148928357409,0.10407591449644271,0.12025172461581472
0.12900049073159034,0.03018649485636941,0.39362935890333356,0.44718365550870676
0.30966803168386414,0.1990403891470417,0.38327793201320304,0.10801364715589123
0.32914561238944223,0.030849937075207473,0.443654216604633,0.19635023393071727
0.23279894243200416,0.14180092291156385,0.22079650078212693,0.4046036338743051
0.45093052981288206,0.06814626901967064,0.13078234350202875,0.3501408576654187
0.219267842634362,0.15053422204731587,0.5579647518881121,0.07223318343020992
0.27362285010177223,0.5581027159210417,0.09556112785470089,0.07271330612248518
0.333402372741438,0.29135821238802695,0.08961928564370268,0.28562012922683233
0.056488403479944424,0.5518598899464586,0.1142707609695777,0.2773809456040191
0.42336720623097995,0.19350071981573086,0.2222741929369816,0.16085788101630763
0.12429335225427768,0.2144673806410101,0.6582581360089406,0.0029811310957715996
0.03089725831089617,0.4803330805762238,0.09187311174065023,0.39689654937222996
0.060928856565041836,0.30010441662227233,0.20127002024716042,0.4376967065655253
0.0354416918636279,0.09795453095684134,0.8144132205351327,0.052190556644397895
0.28836573328409576,0.4055771644612339,0.12399397990166758,0.1820631223530029
0.2961219792043507,0.5478221537268998,0.11210083528034064,0.04395503178840887
0.051484691341565914,0.2685588071222272,0.2344265221748573,0.4455299793613497
0.34090641151523904,0.19779686746460182,0.45549606922652036,0.005800651793638852
0.18322909842589882,0.15350699553035024,0.5026911863170364,0.16057271972671452
0.4192493073302041,0.5037148739436138,0.048343997416633776,0.0286918213095483
0.5330336603620532,0.08633376902021678,0.17985363311392602,0.200778937503804
0.14724308901110036,0.26552986220046376,0.4301954731174942,0.15703157567094167
0.2659275175802387,0.437203724334993,0.20602035559586881,0.09084840248889965
0.05117329902906144,0.05109873816917151,0.7984382880403211,0.09928967476144583
0.029700205504324985,0.11118716655492572,0.7156718186237722,0.14344080931697709
0.2921463296621211,0.38994902109753865,0.2548021176172063,0.06310253162313392
0.2149010669656971,0.08939854931874627,0.6578150899119217,0.03788529380363488
0.6608791410637244,0.006922228050940756,0.28007283523094334,0.05212579565439153
0.1682795277329497,0.4959983893625568,0.058679979314381,0.27704210359011244
0.1404772569426493,0.1552646470524912,0.2184614747977124,0.4857966212071471
0.34466599084194305,0.2436922652700351,0.19730466168911875,0.2143370821989031
0.4570975909227177,0.005859339110032892,0.07268075432533787,0.46436231564191166
0.13597449654805585,0.01464848577351305,0.03280531433927877,0.8165717033391523
0.002767941959261462,0.36839807324329504,0.6047730376501168,0.024060947147326615
0.10533580780693709,0.3140972306339433,0.4432587715265213,0.13730819003259825
0.34889692562794966,0.1267041902024051,0.1772536937088874,0.34714519046075787
0.10235738011873864,0.12685572644665555,0.5942391642484417,0.17654772918616413
0.6431564314358376,0.1381683451547248,0.21350583526192443,0.005169388147513291
0.21547496344860423,0.18597202756932027,0.022755320882699492,0.5757976880993759
0.041384729243823894,0.8754624202836281,0.06985491765043758,0.013297932822110368
0.6685628363043493,0.28898519203554246,0.002129407910537941,0.04032256374957018
0.6080063110633176,0.118494358175345,0.16277964601627995,0.11071968474505746
0.04099497941725546,0.0940206474722119,0.8223522980187913,0.0426320750917412
0.4645073332018781,0.2852446111005172,0.02502766891846206,0.22522038677914263
0.014518731175326724,0.3611509346611788,0.013563845589259394,0.6107664885742351
0.49792850678407424,0.25062228352293897,0.20899534309831688,0.04245386659466993
0.2528800246869887,0.25982651334523266,0.3270351545294015,0.16025830743837716
0.30196459273701604,0.19931928125169918,0.06367627686573406,0.43503984914555077
0.5444958645162041,0.28146989553556734,0.14514226329020383,0.028891976658024586
0.007466086998535998,0.057091177607422924,0.04838531474111448,0.8870574206529266
0.3564601686420588,0.07083178505179219,0.1273810074306611,0.445327038875488
0.30181880705525443,0.016086595035596753,0.3982496158554427,0.2838449820537062
0.8649542391634762,0.05280179226593185,0.004878924900344873,0.07736504367024695
0.5388678183461242,0.0946842700390277,0.06572525737776054,0.30072265423708755
0.41436652758972686,0.507057594492951,0.05939526493156495,0.019180612985757347
0.29421407190465476,0.07107555853027933,0.18056984351366379,0.4541405260514022
0.2093758599824362,0.6450558039451548,0.13844383182632022,0.007124504246088698
0.305292556630094,0.5710712481537962,0.12324740475002578,0.00038879046608385984
0.05616556785729341,0.1504751146428349,0.5595814012102149,0.23377791628965655
0.7985098460528132,0.08817298197709127,0.09506273244617318,0.018254439523922365
0.14554405155625977,0.410544041460531,0.05635555974429959,0.3875563472389097
0.10128189066969479,0.5403229132083816,0.09188182963735472,0.2665133664845689
0.7827339988128402,0.06330819144818203,0.028107054906639475,0.1258507548323384
0.16119711722453733,0.5210505189720291,0.026111049888439188,0.2916413139149943
0.04012943401778614,0.601785457381014,0.26417381405820006,0.09391129454299982
0.1971115306940569,0.7370766131706941,0.0004347278666723449,0.06537712826857668
0.21208988347868457,0.07491524963868469,0.4440762005754436,0.26891866630718714
0.038709301583465604,0.7589247765139677,0.1627276108380474,0.03963831106451926
0.4696770366883655,0.17159192757979833,0.3537103879562293,0.005020647775606981
0.10654467427554525,0.5554762945724933,0.03518968925095693,0.3027893419010046
0.2390640141960127,0.13213736703782394,0.13887528941842472,0.4899233293477385
0.09159850359721836,0.031308863065725535,0.7267490063115906,0.15034362702546564
0.16245779480292216,0.3108770867347451,0.2907498687659415,0.2359152496963912
0.1742710104949281,0.02870212141480261,0.21692943065573494,0.5800974374345343
0.08284394642883919,0.05437397863997289,0.33817254991435797,0.52460952501683
0.4664234051788978,0.03124455671179556,0.07368238986004627,0.4286496482492604
0.13089473814295882,0.4394479079436726,0.3456000147224683,0.08405733919090022
0.3212296060013215,0.33870884299100146,0.14436879993888965,0.19569275106878742
0.1756347005525155,0.21683346300262818,0.48999994928434515,0.11753188716051105
0.30658048933723936,0.14276611559233623,0.2687296591441115,0.2819237359263127
0.08319516908820407,0.10258505993839308,0.4433163821903356,0.3709033887830673
0.5891822124735592,0.321520892918535,0.01208440497169307,0.07721248963621265
0.11010467572327944,0.10390304958118139,0.6602416891269445,0.12575058556859467
0.2972023877241345,0.21757576022749622,0.4204131488779348,0.06480870317043434
0.05810721167021603,0.4514612664277859,0.16037404640939998,0.3300574754925981
0.25604086873026516,0.18270475111492454,0.4793697520082668,0.08188462814654336
0.07468983245303952,0.018629857932039903,0.6479892642227585,0.25869104539216214
0.2608136878408244,0.2981227101471282,0.03616297684875925,0.404900625163288
0.3496360169950778,0.40087272138104596,0.1837218279930408,0.06576943363083543
0.6109993387448117,0.18360407972423026,0.0783227756925811,0.12707380583837694
0.17869065267314335,0.01809406918338133,0.7897565044192384,0.013458773724236936
0.11242207613814377,0.49450695807684697,0.3005733558544072,0.09249760993060205
0.35067859878804836,0.3221263393174483,0.02203281946997109,0.3051622424245324
0.024150152212852737,0.3463004774804377,0.5580976966336424,0.0714516736730671
0.16796027235250902,0.0026213315277507816,0.11733842686280951,0.7120799692569307
0.3760827262519886,0.1736847318102451,0.10702356775888519,0.3432089741788813
0.3093911949487527,0.001738000039544384,0.3996009285815974,0.28926987643010543
0.3670302610713751,0.03390765306951896,0.1699464418735004,0.4291156439856055
0.08441760593620572,0.23403902228481277,0.09045067586417055,0.5910926959148108
0.019705123694424426,0.007957047059414748,0.7619394583861594,0.21039837086000135
0.12694976922339138,0.17310206361533548,0.6814930543196694,0.018455112841603727
0.6167244750097356,0.08740946953591978,0.16261490288980945,0.13325115256453512
0.005707371712291704,0.6602915305026877,0.031103658780230515,0.30289743900479016
0.41290640035224657,0.11592845672780634,0.37065810452196923,0.10050703839797794
0.09634906853147684,0.2689545636968533,0.16113735972280696,0.47355900804886303
0.12078623406265057,0.2697972120445509,0.043762546091395606,0.5656540078014027
0.17952016113481895,0.4577421475261244,0.21114300199891375,0.15159468934014292
0.13962524631180515,0.1815454936892351,0.46671816822288903,0.21211109177607074
0.3742372443590663,0.04913740560792902,0.1373926987379312,0.43923265129507344
0.19635089130473043,0.3279320427874274,0.2510056753079297,0.22471139059991244
0.053767925840641786,0.2761413009329431,0.21869421878579964,0.45139655444061555
0.014847761103836331,0.2771482699627827,0.48504575937255273,0.22295820956082826
0.3473355995071016,0.34647549520499005,0.28196835676074095,0.024220548527167388
0.3113692161098933,0.029366975359146938,0.03156993996278896,0.6276938685681709
0.44341773486534014,0.11080393145939656,0.25979232948606124,0.18598600418920214
0.3415380516529629,0.2174566550623967,0.3031038630334568,0.1379014302511834
0.2266335447341276,0.4118152021777918,0.16451334127063175,0.19703791181744895
0.024993398216978435,0.48225649974232804,0.36963658779643055,0.12311351424426283
0.4362147979503594,0.14283828342027471,0.2597345058083298,0.16121241282103613
0.09523559627678414,0.4656570480493231,0.3741206838471103,0.06498667182678236
0.5704215709662219,0.20731182071029106,0.027584796910958245,0.1946818114125288
0.13366629937393348,0.015244020868134804,0.2917367437685996,0.5593529359893321
0.22154708324087247,0.06632391152975552,0.06407581814372937,0.6480531870856427
0.384060814031806,0.14852992801394552,0.4673613411068642,4.7916847384232106e-05
0.00501382074262964,0.01067617966206616,0.822798938186469,0.16151106140883517
0.025557616345561352,0.0304296585253823,0.2245776118572822,0.7194351132717742
0.22401755107594548,0.02716378843969524,0.10131168219043216,0.6475069782939271
0.19294956138031927,0.27312061944417765,0.011972790950941786,0.5219570282245614
0.12994791222005286,0.5554730038803453,0.19035143671498184,0.1242276471846201
0.10033447686413716,0.007938383912087767,0.40719871663734714,0.48452842258642786
0.10455925240822864,0.6139618217905531,0.022972654141367767,0.2585062716598505
0.18667590630947933,0.2586591177966342,0.4090293878920893,0.1456355880017972
0.2210443209695266,0.36581796992482224,0.37425726739899395,0.03888044170665717
0.36739355696018944,0.2237126714662706,0.24416730212964807,0.16472646944389166
0.111631973874427,0.15943085631991097,0.5036725979160265,0.22526457188963556
0.05074087353573936,0.5258624984638127,0.325171082409057,0.09822554559139086
0.4859796182306535,0.1820621442965482,0.26568302009288286,0.06627521737991522
0.15662356227214602,0.34590549494207506,0.19782022350187398,0.29965071928390496
0.18576374830970233,0.5566441663184528,0.034248315134203455,0.2233437702376414
0.1425995759583974,0.2739678659284895,0.44865095937234245,0.13478159874077067
0.011750598362273785,0.8276254888213745,0.10457409436952061,0.05604981844683119
0.3540691086212817,0.09779343462290392,0.39343545236557403,0.1547020043902402
0.46073772956861525,0.1822258603728375,0.15994660261330373,0.1970898074452435
0.10515860559679371,0.5865351001095284,0.2825367081572989,0.02576958613637896
0.21279250914269082,0.2623767693395798,0.025864611902903404,0.4989661096148262
0.14063795481409985,0.4512762901753669,0.20524449596290684,0.20284125904762637
0.07863528881607484,0.26392180251163705,0.19282889830048117,0.46461401037180694
0.35557279973847655,0.3066937679392081,0.2694528624454703,0.06828056987684492
0.23592544787147587,0.2250508470942818,0.4342590784623695,0.10476462657187269
0.00347436941960141,0.757559465074285,0.1669361415687121,0.07203002393740146
0.11768167090391635,0.08879634127898478,0.5823988906570547,0.21112309716004415
0.2996627856890432,0.5233868549762212,0.083043601629834,0.09390675770490163
0.602648304965518,0.08520235014706574,0.06778670786425164,0.24436263702316466
0.3822959327778851,0.1344558917910498,0.2075666280546534,0.27568154737641176
0.23924452669282115,0.31328263479675017,0.05736048749744238,0.3901123510129862
0.1752251577144282,0.6786461444235097,0.10794126696129268,0.038187430900769585
0.06660756512080798,0.08652261039935817,0.10382644878141452,0.7430433756984193
0.322935037493727,0.2903874860125884,0.0006230786422782365,0.38605439785140633
0.043262015642906215,0.1572731515924849,0.650706580098041,0.14875825266656792
0.4387917420166148,0.13371794359275369,0.4197644330382354,0.007725881352396127
0.28538350208183183,0.4333894501737631,0.04168904145307603,0.23953800629132888
0.6937973593618189,0.12099940429090737,0.010217470373791223,0.17498576597348262
0.45457540350182957,0.5084536791548524,0.029965103715360947,0.007005813627957297
0.2125118890448482,0.2824643540529021,0.36774809862093044,0.13727565828131924
0.4925509263202796,0.03277441237154903,0.3710216495547639,0.10365301175340744
0.11699863702964997,0.42757411592779204,0.19989869498168084,0.25552855206087727
0.08874835397058843,0.41659475427284476,0.3073114131106417,0.18734547864592496
0.3987780636462055,0.1695409675615763,0.10441123603909741,0.3272697327531208
0.6420251777000752,0.3041256183159503,0.05220646717582675,0.0016427368081478036
0.0853406400690965,0.07573963450476343,0.46347414960702515,0.375445575819115
0.48096690094579925,0.1267851076134067,0.011161853960435982,0.38108613748035797
0.6275971872031365,0.10777719890768643,0.09167624694844032,0.1729493669407367
0.41106269751144664,0.16196544884458428,0.00029051876422064605,0.4266813348797486
0.2023501363667687,0.6369410100180966,0.127437175843558,0.03327167777157667
0.05930760086364493,0.13431121286741593,0.1372655045212048,0.6691156817477344
0.30222040716145837,0.13615569689053697,0.06841889103678454,0.49320500491122016
0.11402687141313135,0.6129731415582144,0.053773303361444084,0.2192266836672102
0.013850974763490606,0.3112996209914051,0.09882032514420269,0.5760290791009016
0.07880306822622572,0.03586304754303451,0.3890247819799944,0.4963091022507453
0.6268166068299679,0.055661015300498363,0.21234495130708805,0.10517742656244562
0.32569523369865716,0.14094641610458666,0.41799929592394247,0.11535905427281383
0.04506616227509535,0.023682408496624233,0.5134053229616857,0.41784610626659485
0.2259813767209662,0.30858631067227243,0.31661953948079014,0.14881277312597113
0.25276464466100657,0.10283439786102111,0.2800236688745886,0.3643772886033837
0.5195668530040168,0.23513463865847992,0.17566200924946884,0.06963649908803447
0.15279478025402993,0.16107771970296292,0.5343676957191003,0.151759804323907
0.3336852904238773,0.5591656038044903,0.05833641194072452,0.048812693830908034
0.3791428929896488,0.4531009543988866,0.09774160447178289,0.07001454813968157
0.10579434024054173,0.44158180290695526,0.3826435022960603,0.06998035455644273
0.013648440057286887,0.12888552913107854,0.14327690837786275,0.714189122433772
0.07918700754979426,0.5618886894350874,0.24349697709125467,0.1154273259238638
0.09415863954491799,0.05599253051649089,0.6616122943372948,0.1882365356012963
0.18402453018117598,0.36739791797301435,0.38379742173514364,0.06478013011066618
0.2119060318811404,0.00013949409854532253,0.1976771956167807,0.5902772784035337
0.08696546909105311,0.6320904907070286,0.22823491403793325,0.05270912616398498
0.4880369491518759,0.05166223680877739,0.014904717327845,0.4453960967115017
0.3541609804803234,0.009881817500529107,0.2313966672532786,0.40456053476586884
0.202865588379025,0.32330053393088093,0.4081458734109552,0.06568800427913886
0.42321363391129424,0.24361951731113893,0.11062926034449665,0.22253758843307023
0.342629276390391,0.0719271296825901,0.27598767513417155,0.3094559187928473
0.21619436637004838,0.39165646069955107,0.16909343347584158,0.22305573945455884
0.1237820436075304,0.6165499716115471,0.036546882030034054,0.22312110275088842
0.4385973210020726,0.38767495436322785,0.03535367304869227,0.13837405158600727
0.5027357108850702,0.10149097587303073,0.1946844391219323,0.2010888741199669
0.5824086178782399,0.08101904573418299,0.07813482957991104,0.25843750680766586
0.14363559277028243,0.6761989024423936,0.03873650709151971,0.14142899769580422
0.05097729880028604,0.16682182179679259,0.13189061886870768,0.6503102605342138
0.02215882445792475,0.08203803524001277,0.3337068343450632,0.5620963059569992
0.3668995203081367,0.5249890506607264,0.04766278495826722,0.06044864407286968
0.3804212705898852,0.01802962027570894,0.28686249924721424,0.31468660988719155
0.0017026027818638663,0.6571817667616096,0.148828358864128,0.1922872715923985
0.3009564385479123,0.015877553515803968,0.5146203054740736,0.1685457024622102
0.15814573627668402,0.38181857629547794,0.24371071547915682,0.2163249719486812
0.6887300500088254,0.15252305704559707,0.158085098326807,0.0006617946187705955
0.798161530129176,0.18395075397063937,0.007081255333703933,0.010806460566480483
0.1096851433541218,0.4255891140459724,0.27652870632562365,0.18819703627428208
0.7156004804204895,0.03261262520283699,0.00852527601417206,0.24326161836250146
0.3932593152777995,0.18747912657943797,0.14556157790301036,0.2736999802397522
0.21480503785779118,0.362092789121097,0.40652510094201033,0.016577072079101557
0.14713062106968453,0.48915289459592215,0.3491558577297226,0.014560626604670675
0.34144078382552784,0.48011618465590855,0.1732130593634062,0.005229972155157319
0.16669927622515024,0.1972723302194959,0.22174051940662906,0.4142878741487248
0.047286979144678346,0.4658871685861786,0.27868669367618343,0.20813915859295953
0.370620119078718,0.24970441481308225,0.1531418839982303,0.22653358210996943
0.33933782501535814,0.4558520436153083,0.1858328632164534,0.0189772681528802
0.027968830291845704,0.1064692052992067,0.6129597592000625,0.25260220520888493
0.0065306771339872,0.8557814488347918,0.079928610938804,0.0577592630924169
0.04514444690920255,0.821400888276967,0.016865363961236068,0.11658930085259434
0.6720031168598258,0.005182410100103131,0.13490364890647819,0.18791082413359297
0.08731074645902691,0.5207098581805146,0.21766514962934233,0.17431424573111617
0.33656941400842516,0.0385408816621536,0.46141350050460184,0.16347620382481937
0.2313005481315059,0.26738182050334813,0.3223270931914992,0.17899053817364677
0.04924765438225122,0.16284951874372453,0.6307240803540717,0.1571787465199525
0.43981408383664705,0.2066458706179779,0.1541344411073972,0.19940560443797786
0.04134888997598145,0.4591011635890065,0.360707762646581,0.1388421837884309
0.10036971705403328,0.0017831715910661056,0.49069435289864816,0.4071527584562525
0.11257153120624389,0.16488840045812914,0.6994906903323653,0.02304937800326169
0.7951529272615003,0.16287922896518975,0.00856373392111804,0.03340410985219182
0.7413569045700388,0.01574221962222217,0.06516899140836402,0.17773188439937498
0.45775201787823766,0.09548343293190505,0.19764346280857673,0.24912108638128055
0.08971154105664214,0.046965847702817115,0.8430827636167547,0.02023984762378611
0.10795275990732862,0.4923927051790426,0.26160044572059793,0.1380540891930309
0.05982397538463414,0.47955180509070416,0.4380316628806397,0.022592556644021978
0.0398240114390953,0.0706825101191325,0.12394631790729713,0.7655471605344751
0.08300329704398816,0.06667591476133669,0.4104511773800152,0.4398696108146599
0.8979157171773734,0.04721146400343587,0.04455907934312756,0.010313739476063117
0.1161552291512016,0.4037924792990333,0.40573741601873925,0.07431487553102592
0.08560781634806379,0.11340399819932387,0.7247215272662725,0.07626665818633989
0.07065393536226258,0.21806044070970484,0.44816436758909095,0.26312125633894157
0.007461495033254518,0.25160835370325396,0.27921275927641326,0.4617173919870782
0.016433912812451403,0.11783289621799826,0.24719737626846022,0.6185358147010901
0.4162008674605842,0.01713710381167707,0.23887249402530653,0.3277895347024323
0.30997955888901196,0.5500760791706351,0.07183728127125198,0.068107080669101
0.5186220955047413,0.04073864194188877,0.17783453813715241,0.2628047244162175
0.20135004483906285,0.39025515561415863,0.3343400866222283,0.07405471292455021
0.08316864844495792,0.2700962365105994,0.24842375786597978,0.3983113571784629
0.11448674802964631,0.2874311445350972,0.3170936134242912,0.2809884940109651
0.6229266025781878,0.05128437625177466,0.12512489328756285,0.2006641278824747
0.8727383430531134,0.07771218546818713,0.024607248762998312,0.024942222715701345
0.4424204926447077,0.02309511321191526,0.06543565995896206,0.469048734184415
0.16392518034907014,0.18981041667198256,0.6225541288211608,0.023710274157786537
0.20694450479500995,0.20309522366343125,0.4193282462388651,0.1706320253026937
0.10217607416603576,0.09076947465206317,0.11779848925669917,0.6892559619252019
0.4006328452063564,0.22004082121241553,0.32966314557410176,0.049663188007126394
0.029155545049989493,0.5126749565723416,0.25664743269110935,0.2015220656865594
0.03900786199008329,0.0022821910546994076,0.22734178002525812,0.7313681669299591
0.2939611500150324,0.03191878219686469,0.08521104301324064,0.5889090247748622
0.1702349456133652,0.0171185567676446,0.2962558081291348,0.5163906894898552
0.10314441030013352,0.03234272867219797,0.3059606313997333,0.5585522296279353
0.2933444504632645,0.14143156779944316,0.5196812163255035,0.045542765411788845
0.08912442632660364,0.2942629281470569,0.16523628940652102,0.45137635611981847
0.04142537319867697,0.3407165896088298,0.589387739802156,0.028470297390337317
0.2821151058820445,0.07844715552229385,0.37506389684055225,0.2643738417551094
0.5389602054380499,0.13780463014291586,0.3022975708505989,0.020937593568435397
0.6124096835027847,0.09665396628478748,0.13613910206077248,0.15479724815165535
0.07828134223273704,0.03669134375004823,0.03923455122963379,0.845792762787581
0.13094918024236424,0.0805412829827273,0.16894809308956554,0.6195614436853432
0.36275387920628255,0.20703061036458278,0.3888563795828366,0.04135913084629817
0.0661340356308441,0.5797759024985507,0.07759960199593012,0.2764904598746749
0.4150895745612789,0.061004397767023356,0.09973721008633564,0.4241688175853622
0.07120530979232641,0.9226311744834239,0.00014688231126315206,0.006016633412986353
0.08401149868133294,0.21364176552730926,0.18261440516755603,0.5197323306238019
0.008560287313118364,0.16352050995810774,0.563576662555095,0.26434254017367903
0.18884002949883838,0.45548213691626394,0.2740877584567393,0.08159007512815827
0.11716245079648432,0.4071807384446822,0.1833175915733503,0.2923392191854832
0.42707103231246657,0.11894396157994495,0.432994427054228,0.020990579053360468
0.33447954706127286,0.033228022926120405,0.30696625266153843,0.3253261773510683
0.07622527712443729,0.5627420716693637,0.31994112648564144,0.041091524720557555
0.19486607429782965,0.6574831431585983,0.0896803457410151,0.05797043680255679
0.132601686931333,0.06566312888830579,0.03239624712634111,0.7693389370540202
0.3360044324909068,0.05471400467550505,0.21880296857354892,0.39047859426003906
0.025252111359942188,0.28535141746455794,0.4479466909560081,0.24144978021949187
0.07143559156926729,0.19543622333940497,0.6027576276504722,0.13037055744085554
0.14330536994196016,0.21629213858766125,0.125891566361587,0.5145109251087916
0.13020756707087983,0.040129415674590635,0.7578209405415393,0.07184207671299041
0.3885677600495446,0.006165367219256818,0.3987294518190994,0.20653742091209915
0.4642363302548299,0.22437350846724105,0.21498618614745138,0.09640397513047748
0.22842489308846736,0.10352930958134644,0.5071025892584894,0.16094320807169676
0.07547522351874458,0.39427850478630777,0.3595254313677276,0.1707208403272202
0.030803855479272692,0.11093159958586686,0.4365670765949445,0.42169746833991584
0.3189509886945204,0.0018431670048603276,0.44969955494917463,0.22950628935144463
0.14667150003812582,0.3877546087341049,0.30726708059513186,0.15830681063263727
0.5400647665601501,0.019032321253288086,0.15247271666031972,0.288430195526242
0.10793589882889697,0.22210333214118327,0.017151242325843263,0.6528095267040764
0.24409643940175887,0.07839025545821687,0.45797218210180524,0.21954112303821907
0.776915953105241,0.11285247264660879,0.010693055481402636,0.09953851876674755
0.1700805023280593,0.6917051072664928,0.006900872200542563,0.1313135182049052
0.2631384056631534,0.04487346859838798,0.24835522344323793,0.4436329022952207
0.05628284858806656,0.01737985182355879,0.6783632056810343,0.24797409390734035
0.20456061854526453,0.3910181954592596,0.3829572317870338,0.02146395420844206
0.14960855382306948,0.10320040225699235,0.011021391542170278,0.7361696523777679
0.3835537176561165,0.0348247490130674,0.11422312278941193,0.4673984105414041
0.11294201522248448,0.5145631227948348,0.35982305253523567,0.012671809447445045
0.10328267930681219,0.1291877276946885,0.021701046099792506,0.7458285468987067
0.6338302246784924,0.01097369132423184,0.34507468636225735,0.010121397635018424
0.24414382574179586,0.17391440697661906,0.30509259079017925,0.27684917649140584
0.8064417427146269,0.08519562578494715,0.05536972901053118,0.05299290248989472
0.10901619115949548,0.7736451132136511,0.059701313195904646,0.05763738243094887
0.44414518933678676,0.17599652373873026,0.06991939309079552,0.30993889383368756
0.4574241658023921,0.48744684853053655,0.01292006232532407,0.04220892334174719
0.21012118022303355,0.0538877112806321,0.3885151428757076,0.3474759656206267
0.06312973489025349,0.7935562677090547,0.021235633855490366,0.12207836354520134
0.050230348676546376,0.8726607890249338,0.0038530368799311633,0.07325582541858876
0.07398484275618088,0.554107243500098,0.32755028198841946,0.044357631755301816
0.14974954041983476,0.5423146700444399,0.3028618599486413,0.005073929587084016
0.1120363519970223,0.14138512627989094,0.3551548328158025,0.3914236889072842
0.6502243822882581,0.030000348462911233,0.14557581659150576,0.17419945265732495
0.4012461137702446,0.061570904638284595,0.018407475780079847,0.518775505811391
0.01130373997135292,0.06829947297174138,0.10927037227068426,0.8111264147862215
0.38176687250378744,0.15483803661871734,0.18222857195307204,0.2811665189244231
0.04885533682112504,0.2526817452404472,0.4543635807900661,0.24409933714836163
0.08872959240428756,0.04665385801003997,0.496567075699487,0.36804947388618564
0.0938526313583902,0.22141161820939095,0.20278364256113332,0.4819521078710855
0.3282086181478288,0.4037213481409101,0.18695550944911668,0.08111452426214431
0.05531628938967379,0.22215801750962527,0.5786492055261556,0.14387648757454524
0.242030170971333,0.4788977982147636,0.24356699063384787,0.03550504018005562
0.053021794334665834,0.7388045040527167,0.007810071487576484,0.20036363012504108
0.5246890946869828,0.18823195735395828,0.16953452785868392,0.11754442010037498
0.06437403130041706,0.7375981265769681,0.14187854915518844,0.05614929296742645
0.36771737478943783,0.24662650866233746,0.37454126151073724,0.011114855037487437
0.056807026111246224,0.3164574970457481,0.09245806448627039,0.5342774123567353
0.284387225550086,0.15856359273920706,0.43874941988567884,0.11829976182502822
0.032486617104838314,0.5285222124586951,0.3750343283692472,0.06395684206721947
0.4640460994624257,0.3816166381952558,0.01013716501762463,0.1442000973246938
0.10811194272815951,0.1247584442976286,0.6496352708098591,0.11749434216435294
0.38403982822130767,0.20848831915827762,0.4027009673162336,0.004770885304181305
0.20331444705125917,0.4892323136049493,0.23322673820888776,0.07422650113490382
0.11316436647728882,0.39072656089574304,0.13877688138707003,0.35733219123989807
0.4659726927847637,0.1383899222865692,0.21649040190813723,0.17914698302053
0.48459475777952254,0.18729386959422828,0.16683931433729005,0.16127205828895907
0.041272224264562014,0.07399156367322546,0.5288070433497303,0.35592916871248215
0.00894107119083646,0.08840211920723305,0.5896259427288255,0.31303086687310505
0.5670370842742926,0.028562125217683868,0.34600629432974855,0.05839449617827491
0.010925206660074115,0.09873723215397469,0.5827276296194346,0.3076099315665167
0.2462729550531653,0.21846067978191752,0.2091941685876033,0.3260721965773138
9.322148305177362e-05,0.33778742669946965,0.23345796548791312,0.42866138632956546
0.15482142453072453,0.43876148052862435,0.35308630735592333,0.0533307875847277
0.16514667848318373,0.045924370678314896,0.07915876935068798,0.7097701814878133
0.2559580163455827,0.37535098426859964,0.014351510488185544,0.35433948889763217
0.11964475465238032,0.3814981181081395,0.23850779054560928,0.26034933669387084
0.22788730044934313,0.20542604495505404,0.4393911952098412,0.12729545938576162
0.016161605587239475,0.1330169875860788,0.5025976880311545,0.3482237187955273
0.19487645628677255,0.4770793569983803,0.1735045709143629,0.1545396158004844
0.17803451924181404,0.14537982259888588,0.6660727802207446,0.01051287793855558
0.1653296529429463,0.32779354438317754,0.35611858675215224,0.1507582159217241
0.19974953310768118,0.22244371197052626,0.36945345299221855,0.20835330192957413
0.21479620233745636,0.7235442734311223,0.060978664687231905,0.0006808595441894715
0.31674779953318033,0.14878729553943176,0.39958357031923564,0.13488133460815227
0.039460213182121215,0.8651408247643182,0.05082001583304703,0.04457894622051349
0.14554190040555748,0.2694987083516044,0.18425386438013291,0.40070552686270516
0.04813456689414367,0.20778274660333484,0.49222097392415304,0.2518617125783683
0.18434813794351645,0.11367078367304682,0.5662482336463661,0.13573284473707048
0.6249081995842837,0.2805539234517527,0.050087620326745776,0.044450256637217876
0.4463294924589025,0.24068256405325864,0.17883268610570419,0.13415525738213455
0.29182434900790166,0.4166635570036931,0.06970175199762874,0.2218103419907764
0.05223212756106393,0.26664806882516956,0.30289504455105665,0.37822475906270986
0.29185983808694105,0.02324624874762332,0.6329318846241035,0.051962028541331945
0.31726206000048174,0.08716549974785728,0.3080578619215612,0.2875145783300997
0.05017552907382644,0.40915057719092124,0.2447485028704414,0.2959253908648109
0.2431066106498803,0.09958959388647146,0.09820423020362869,0.5590995652600196
0.15299690376901742,0.16022464921049645,0.4373659833775561,0.2494124636429301
0.21021924379846338,0.11840671485714528,0.06665197522273893,0.6047220661216524
0.32671445802705706,0.07383526681496255,0.39792158783650977,0.20152868732147053
0.19468545388917569,0.34713997703775,0.43095795328202036,0.027216615791053802
0.08222205027067858,0.16874666572059344,0.5261017617514272,0.22292952225730056
0.039666478396142374,0.10825405005053519,0.6294386924559761,0.22264077909734636
0.2962031746577196,0.014335025817199271,0.6653697198806992,0.024092079644381904
0.16021481946419006,0.4502782747562887,0.1626907717610647,0.22681613401845654
0.4807158853796739,0.08177866702794037,0.03985047319397323,0.3976549743984125
0.03721139662858445,0.16711095685668503,0.20036587003588058,0.5953117764788499
0.34119249952935016,0.5360377628506651,0.0431579746697449,0.07961176295023994
0.42615144419464657,0.011727321307775991,0.17806402163681387,0.3840572128607636
0.4783659801849201,0.24977081497581988,0.26520997950357106,0.006653225335688947
0.04453698117149066,0.19574045761908812,0.47468455559365064,0.2850380056157707
0.5995428012937788,0.16671491736508526,0.18290504601857505,0.05083723532256097
0.01310642817870811,0.7793883733427727,0.2006806800132378,0.006824518465281208
0.2144889654340477,0.6391394535357227,0.09534278976774505,0.05102879126248456
0.19711024980010183,0.10673540093427471,0.3185736535122666,0.37758069575335684
0.19668570501782187,0.2198466217870606,0.2763977728945844,0.30706990030053305
0.1953082104709338,0.3197802751938246,0.2743548343697901,0.21055667996545152
0.14005339819525298,0.6032083263161478,0.0028585470206606628,0.25387972846793844
0.45239037439025653,0.17022541007889863,0.012808476583505956,0.3645757389473388
0.6894007180417324,0.2563075983833069,0.034849980536475166,0.01944170303848553
0.5772445364831612,0.06857824909964019,0.1779385964701505,0.17623861794704818
0.1114009328752238,0.7898630168231185,0.09573375645709285,0.003002293844564824
0.5303457552017516,0.10948208758132262,0.17543684693897585,0.18473531027794973
0.06225561125551466,0.3513557984751966,0.5241072809083407,0.062281309360947966
0.0686634248136946,0.2109775485036258,0.6869496284355331,0.033409398247146546
0.08334765615563111,0.11134622353376977,0.7453911576815562,0.05991496262904301
0.4361988607618771,0.09536748566633886,0.1295280272138058,0.3389056263579783
0.4998720060285262,0.15487248024747718,0.1339721020332938,0.21128341169070275
0.17866733015012357,0.13284663505374314,0.15748954154848194,0.5309964932476514
0.017148113263479675,0.45351666815987973,0.11368678470015503,0.41564843387648553
0.12006582926243475,0.7103775044119912,0.04856539070684782,0.12099127561872618
0.025652644129411012,0.07896924060987719,0.1441757427572844,0.7512023725034274
0.06921922553357662,0.28676449455279346,0.00812512254654876,0.6358911573670811
0.10806093480596446,0.038734852429792806,0.1068921615826167,0.746312051181626
0.20651655976316033,0.4256341422139217,0.13839440803701583,0.22945488998590238
0.02770183241036273,0.6889495983674617,0.14355403947597112,0.13979452974620452
0.3645854335713441,0.21766234186929878,0.37693193205510783,0.04082029250424942
0.3323749267111619,0.027413834426225938,0.1841680938745239,0.4560431449880883
0.3520422081816554,0.3310255024279783,0.27173583629887976,0.045196453091486614
0.13793356908726973,0.11967252536296778,0.5649474704854344,0.17744643506432825
0.45007922922123783,0.006937930362605863,0.35893772669558904,0.1840451137205671
0.4885423540740218,0.11655742255797427,0.3514856670994431,0.04341455626856088
0.11128265291970083,0.08910833437723863,0.28541945622616843,0.5141895564768921
0.16165439838461074,0.08819720490886554,0.039853428081558284,0.7102949686249656
0.31819149805341557,0.29372744843497894,0.2911915458931905,0.09688950761841493
0.2408689829340103,0.14198440438513693,0.13819677592217558,0.47894983675867714
0.5444374481005433,0.18629207059151282,0.056363980405192096,0.2129065009027519
0.19707497897467718,0.5653330246991355,0.13615110793405405,0.10144088839213335
0.01078436277351187,0.5980524107686216,0.2675428941528405,0.12362033230502602
0.1761547373930625,0.7063302571912191,0.059889563648543837,0.05762544176717433
0.033740260607250314,0.5485508954913174,0.21273575703263825,0.20497308686879398
0.03640932542080369,0.2671560163477968,0.4079308217665845,0.28850383646481514
0.6595659083555715,0.14582085995551083,0.05238777063000294,0.1422254610589148
0.3992750414916938,0.12030740832860683,0.2864081792094571,0.19400937097024207
0.272122024442712,0.5370567175471319,0.023777405794592824,0.1670438522155634
0.14579009204724874,0.10185159253283796,0.21661064398574026,0.535747671434173
0.10482899797830825,0.23222547770035107,0.6278488097494193,0.0350967145719213
0.21855218659199685,0.2504420387627198,0.3423679582247854,0.18863781642049807
0.36480262114890466,0.3772346969977736,0.22172101172581937,0.03624167012750236
0.11522308562855008,0.1738234821488298,0.5485420202444292,0.1624114119781909
0.3675102631459288,0.4445780789746406,0.057729243268383995,0.13018241461104665
0.1125738436298419,0.08360588323601252,0.15678950897983374,0.647030764154312
0.1219225625614852,0.43458839421111395,0.2941750263935569,0.1493140168338439
0.6056963545447741,0.05544670391640078,0.2909230611012073,0.04793388043761782
0.20170962280327753,0.16944321793678074,0.5747146565779994,0.05413250268194238
0.35254975798923466,0.4097459654377177,0.049739864455516765,0.18796441211753098
0.011054075246171127,0.13908147205923013,0.8437016620198727,0.006162790674725921
0.1411432242595656,0.27220584918365576,0.19135125349538096,0.3952996730613978
0.16625073074310548,0.13650788893578966,0.3851251201195985,0.3121162602015063
0.6594603946489642,0.1845124718867191,0.1249772182839114,0.03104991518040515
0.023767395520183084,0.2682567054038088,0.30672440600697026,0.40125149306903773
0.13139261907280217,0.04254327614065624,0.25977861025330934,0.5662854945332323
0.14237908654384046,0.4715296533392777,0.168310637885799,0.2177806222310829
0.5386214860253918,0.051591391031971245,0.180129904616348,0.2296572183262889
0.2089506360101468,0.3343338248636253,0.3840101518920259,0.07270538723420197
0.4925570583219686,0.18204713209980797,0.21087367776950508,0.11452213180871831
0.6246720008365608,0.0191540055083416,0.008983475605643216,0.3471905180494544
0.2010139212343222,0.12538685288709078,0.25515824309161855,0.4184409827869687
0.291300805020705,0.2588742526069189,0.02916051567007165,0.4206644267023045
0.09927658221517793,0.6401631281823125,0.09407663668748811,0.16648365291502162
0.26728121200356275,0.19193119629593466,0.17531334150010347,0.36547425020039903
0.17179377774648358,0.7113332890612448,0.020893949576716538,0.09597898361555515
0.3363709157501339,0.23735270812779474,0.038621151305474735,0.3876552248165967
0.005546733333502024,0.21416620075516327,0.30006072187459976,0.4802263440367349
0.09656351169193754,0.2829710534027335,0.5463631832758521,0.0741022516294769
0.4927571072922525,0.08716524027145967,0.3162179787101631,0.10385967372612459
0.14822609720850877,0.04067334281055717,0.06891067608719975,0.7421898838937343
0.19936273729206688,0.521485475769549,0.13813160353688053,0.14102018340150357
0.41568744887817877,0.42353519430752906,0.002533227873314832,0.15824412894097728
0.39283353747981264,0.3362551110358487,0.032874848733753924,0.23803650275058486
0.6242167618340386,0.11318849917491601,0.18484907097124648,0.07774566801979883
0.18838825130024694,0.2274797656894855,0.46783220769327555,0.1162997753169921
0.0526656051940417,0.6405128494931775,0.10064953823137035,0.2061720070814104
0.41905222604771464,0.4072525489790093,0.14053314554149413,0.03316207943178192
0.46730547816232576,0.19454547755033966,0.01321511715438226,0.3249339271329522
0.6908383111290392,0.07559616544439131,0.013488964348521029,0.22007655907804846
0.08496623071452349,0.03396405608207915,0.701585422111675,0.17948429109172234
0.3041643238970914,0.1580762363297261,0.2955316024903536,0.24222783728282887
0.3356724042621308,0.345433821116939,0.05067151027969221,0.268222264341238
0.01257389095504942,0.312354879873237,0.12758201623611465,0.5474892129355989
0.44463412870099006,0.3688175736446623,0.022255735337220337,0.16429256231712733
0.06159364186462959,0.09058191502448479,0.3234749959448965,0.5243494471659892
0.04059790251840862,0.1564957571754886,0.021859947153815392,0.7810463931522874
0.0972236459015516,0.25759313976591797,0.5189009695363341,0.12628224479619643
0.044772281606650276,0.5626839702376712,0.26274759135721104,0.12979615679846737
0.1489543990547873,0.1802008209384489,0.2074048383992692,0.46343994160749463
0.08561725497293726,0.23789704808713452,0.4300432645941475,0.24644243234578073
0.053893347028637635,0.5359171487516102,0.3421917102891798,0.06799779393057241
0.1773215580006265,0.40962270298860126,0.13759355054331784,0.27546218846745446
0.08081535143882115,0.34113025801248886,0.2801166257486501,0.2979377648000398
0.08090673977959349,0.23561419798283711,0.4442840843785932,0.23919497785897634
0.282550055271928,0.1502477738270783,0.4871494155987075,0.08005275530228627
0.19784563785214324,0.5234924774407685,0.1009516750314763,0.17771020967561196
0.14073454994180007,0.32725948907941366,0.4151922751945991,0.11681368578418705
0.5448708880312123,0.20472931254946589,0.14602761902995295,0.10437218038936888
0.034455127625658395,0.22804609187168992,0.4869360317471108,0.250562748755541
0.27021299309008284,0.5709474531500468,0.04763648720814705,0.11120306655172318
0.11095706750533688,0.47983279731808925,0.30387013811809754,0.10533999705847637
0.22517965840380866,0.03267656082566556,0.7235123887766571,0.018631391993868582
0.6344828572971559,0.12839937188025424,0.10678552153619157,0.13033224928639828
0.14842419595298534,0.22673830561181035,0.06670860311826322,0.5581288953169411
0.6365831828616987,0.16763882853657736,0.06715304592842901,0.12862494267329477
0.2408572625049288,0.17787359885406792,0.48959655035256433,0.09167258828843908
0.8197806569982375,0.0915383247187559,0.001747874173191809,0.08693314410981483
0.06430403602335764,0.08573667364272437,0.1292383344332428,0.7207209559006751
0.11689987877233247,0.18552544130399623,0.33079368287858607,0.36678099704508527
0.41170906777937105,0.23486793699453923,0.06713673161198695,0.2862862636141029
0.24022613475815077,0.22459675603786225,0.32165830944293156,0.21351879976105542
0.08570684941424755,0.05500871004155443,0.718602580911166,0.140681859633032
0.46466177976323647,0.27955533445014485,0.08693943354719348,0.16884345223942512
0.3564568444324598,0.04401982808451307,0.3222734626357472,0.27724986484728015
0.2133704391136655,0.6620841315081348,0.015984790090986335,0.1085606392872133
0.5921823846309837,0.1838708381008724,0.21899429175343837,0.004952485514705522
0.04524665182415447,0.2070198031294742,0.7296287056839571,0.018104839362414155
0.15911649183890642,0.5398023701635993,0.1248958686162311,0.1761852693812632
0.34958956565578964,0.23982614422478352,0.051238165848346784,0.3593461242710799
0.17456547704402223,0.5927785130168951,0.013897209786435603,0.21875880015264712
0.37698979662385873,0.272060173643212,0.18304842750725797,0.16790160222567124
0.014661178920834045,0.4533181217152311,0.4180512144231271,0.1139694849408076
0.5011817128683438,0.1668343837069696,0.3048035757709348,0.027180327653751897
0.45750344198142523,0.16111738197785658,0.3262343702152189,0.05514480582549933
0.11315744193328532,0.20107673130918757,0.1815597601382938,0.5042060666192334
0.30573267107162644,0.3731672259471811,0.1491859605569179,0.17191414242427466
0.26327707939715356,0.5028013884020609,0.16935791711329232,0.06456361508749317
0.2929789058089798,0.29872068535723245,0.295267424390491,0.11303298444329682
0.12576031330617082,0.2147675858066854,0.1827860127831908,0.47668608810395297
0.159247570795641,0.26097921164057153,0.10908665561149186,0.4706865619522955
0.04443222648944483,0.36444613801968173,0.46921923189326736,0.12190240359760614
0.16612711418096565,0.619099124981859,0.15931246806474494,0.05546129277243055
0.09416532712861395,0.09970067018502496,0.09042849161429371,0.7157055110720674
0.16160908950327388,0.18245238108301937,0.06041794729566194,0.5955205821180448
0.23504516648928414,0.15009625102688956,0.3705599869261726,0.24429859555765365
0.07751626290540209,0.5854322699584724,0.2613132554846468,0.07573821165147852
0.017588163598823123,0.5720626429184973,0.27328889462671985,0.13706029885595983
0.4072152608900021,0.04567421398502932,0.06204259711758777,0.4850679280073808
0.1685647512059517,0.5759480042270712,0.22398087350506124,0.03150637106191595
0.09302627012326932,0.40452737650912557,0.4256823217527228,0.07676403161488227
0.2475556279376767,0.20581928812016465,0.29743268693508507,0.2491923970070737
0.1914392078681209,0.2841694470503737,0.46002233084664346,0.06436901423486188
0.35997177937691327,0.323106031754067,0.08543924965752045,0.2314829392114992
0.43155126636806096,0.4920669997273157,0.053821282321525096,0.02256045158309827
0.4732796882039784,0.02586422782937019,0.12804059254871267,0.3728154914179387
0.4496546732140966,0.12407581101237318,0.40640696921807534,0.019862546555454955
0.15793498331774444,0.13342058651132685,0.708046787692644,0.0005976424782847087
0.0995304662061321,0.01509247855039378,0.6684789658782742,0.2168980893651999
0.3497792737380025,0.05976126560298938,0.31081150768757587,0.2796479529714322
0.05617274457835853,0.26691335000959143,0.6764301365822318,0.00048376882981837177
0.31317293002630514,0.25300448208445975,0.15837530108845763,0.2754472868007775
0.10537694834041338,0.2683107209052903,0.3630042936607752,0.2633080370935212
0.11870521039969717,0.126765686569578,0.3297749799412607,0.4247541230894642
0.11378129765179706,0.08901667327014066,0.010823893254894447,0.7863781358231677
0.1774574658727015,0.024344967527685443,0.23083692221479996,0.5673606443848132
0.565861031256151,0.07205362187148787,0.2954090954018227,0.06667625147053839
0.14321462730972193,0.6957879102332315,0.11195126604328366,0.049046196413762955
0.08740582429085608,0.45994596424570067,0.15746055558329847,0.29518765588014484
0.02559755566407207,0.11351439267145833,0.7957377475070045,0.06515030415746506
0.05131027236651046,0.01892851053292985,0.7468449412641409,0.18291627583641867
0.6949500117325408,0.15108518047861746,0.03142192226952933,0.12254288551931229
0.5099589260039133,0.0842925319365914,0.3514089942685942,0.05433954779090106
0.5135703416046861,0.11073151456453131,0.09045951236525714,0.28523863146552547
0.024831716929779556,0.22652343298860803,0.2462240655286458,0.5024207845529667
0.31168833492765713,0.6473419906683636,0.017624675354928232,0.02334499904905111
0.043425626527675544,0.2605215208765049,0.5341324579964518,0.16192039459936775
0.24445710927669922,0.38016603347588407,0.2170083380039435,0.15836851924347325
0.07246083741589304,0.09912626657868755,0.09976469005490422,0.7286482059505152
0.02645622786443692,0.2579770221352455,0.12849071238067097,0.5870760376196467
0.6681693694788435,0.012080085062824581,0.061042314009262334,0.25870823144906946
0.37987423220760264,0.08407346941352556,0.2708767457291435,0.26517555264972836
0.23132539174963107,0.06454184252723358,0.5408285776728761,0.16330418805025934
0.0195249572469204,0.17585780222464853,0.2632793804498915,0.5413378600785396
0.23924698213833168,0.4212511534104971,0.16660009168498616,0.172901772766185
0.24692098628784176,0.30838116468141225,0.26267391505450044,0.18202393397624556
0.3119987386444675,0.22103486227952404,0.1333743229643559,0.3335920761116525
0.14814975470583697,0.5274673170797648,0.29314807440378776,0.031234853810610464
0.3374054863760154,0.17376393203523163,0.15195756085920317,0.3368730207295499
0.07620371928122072,0.002396729774712663,0.8086341431433766,0.11276540780069019
0.32433257899521345,0.11476754543548369,0.34701997151282443,0.2138799040564784
0.33117986784820647,0.2900889351142551,0.14765080932886013,0.23108038770867825
0.4369633464056264,0.21572340161736042,0.010725443614174377,0.3365878083628388
0.05937486435903901,0.6315836599310863,0.284455271760881,0.024586203948993742
0.019761348621039267,0.2707756212690827,0.6697954558050524,0.03966757430482552
0.5898771909162696,0.054853963837154344,0.0285600937906542,0.32670875145592193
0.16571518253209955,0.30289510990628626,0.21468363233699042,0.31670607522462363
0.015221411854287093,0.5168606232315728,0.36849510464583557,0.09942286026830471
0.0903167377598685,0.031075035211131582,0.13382349354368306,0.7447847334853169
0.871992823349546,0.06692450007575854,0.02141401361715537,0.03966866295754015
0.040313697586073796,0.5153615258908297,0.2547402851022166,0.18958449142088002
0.2316857319559603,0.2900827588128348,0.467709725867795,0.010521783363409795
0.01078668862931551,0.8579703988884662,0.09322043955727602,0.03802247292494238
0.3108790718010905,0.30816284455079845,0.14837530341899502,0.23258278022911602
0.04613699485556558,0.18937254923975047,0.025394739929925723,0.7390957159747582
0.2650616304091183,0.36580529406085677,0.3201214279557225,0.049011647574302264
0.3407586950115404,0.4809425121962905,0.13162833545900623,0.04667045733316302
0.3745968379263606,0.09691473088863108,0.3231814619145357,0.20530696927047262
0.1263960456518744,0.11847478907260461,0.6551002675119317,0.1000288977635894
0.1926439264507849,0.09671941964928428,0.6957683360842035,0.0148683178157274
0.04665464330223511,0.45004524056241774,0.2278382056371962,0.27546191049815094
0.04677032144167493,0.29133912336004314,0.17506955004692007,0.48682100515136184
0.0880797486081842,0.6074887035344007,0.12804426097754054,0.17638728687987468
0.5742011331358587,0.1346288154512813,0.13437976094120507,0.15679029047165485
0.21709844039304332,0.25834631814661363,0.20735824429634878,0.3171969971639943
0.24235465148435817,0.061213614397326144,0.450189667849963,0.2462420662683527
0.07189148562124537,0.05592037472386831,0.07387666833894276,0.7983114713159436
0.266772142319173,0.06280600726550983,0.37961809856817813,0.29080375184713897
0.33668569661053377,0.5202684713177721,0.13781392618279345,0.005231905888900717
0.19819672516386658,0.6048629423805499,0.14789390060125876,0.0490464318543245
0.5359181294417426,0.20340300560163818,0.00907915931399859,0.2515997056426205
0.2577300168572014,0.32299517298626135,0.02405789541259691,0.39521691474394044
0.4235902469956898,0.38186153111812465,0.16115056736757696,0.033397654518608495
0.699034288500918,0.17376914177772837,0.059205316424697334,0.06799125329665644
0.5072622537169257,0.15773962904214053,0.10839066936466887,0.22660744787626483
0.3383919804835742,0.2748588194454509,0.1622584997703111,0.2244907003006638
0.5050573066094851,0.2727579302367008,0.12034769379728615,0.10183706935652788
0.22382670254164821,0.4456221484707473,0.08891052105583715,0.24164062793176738
0.06646526008287786,0.04029726581300259,0.35940732511335405,0.5338301489907655
0.10136272542149087,0.1064458996497308,0.5917972795132385,0.20039409541553985
0.6616975562819724,0.08983425685271243,0.016199358795489446,0.2322688280698257
0.28578969532682785,0.03609197815219244,0.5039789369405764,0.17413938958040326
0.3959924777532241,0.02731276368888613,0.0064973440237865825,0.5701974145341032
0.12771491013121913,0.4137774043578628,0.253867317583579,0.20464036792733908
0.08788041927540854,0.23803122770758628,0.229084929666057,0.4450034233509481
0.05931860593100062,0.515999611977351,0.12393956100503117,0.3007422210866171
0.46988368695365856,0.07034502863025413,0.08529943703675154,0.37447184737933586
0.08956834285228249,0.126350069854677,0.6430731606088382,0.14100842668420227
0.5064333861698693,0.0274395693188653,0.05719001673057037,0.408937027780695
0.05539119906634407,0.02548363450817327,0.24632768530773597,0.6727974811177468
0.12043251752755336,0.0194577015801261,0.6353913299158829,0.2247184509764375
0.2250433633233376,0.20243960118394577,0.3294170123859623,0.24310002310675435
0.2282735811632834,0.16358533055839877,0.08075094599680564,0.5273901422815122
0.0225851723265963,0.024894858681691886,0.6434774273489359,0.3090425416427758
0.10413773175510294,0.036023645094062556,0.7979273956315691,0.06191122751926537
0.004273021482083199,0.6020134398294557,0.2864735363077691,0.10724000238069212
0.009856133196395498,0.15714059182887744,0.2332483982378972,0.59975487673683
0.11315275926319102,0.1432798990430049,0.575883561348569,0.16768378034523496
0.3295528704027038,0.07722360839372337,0.416951193576845,0.17627232762672795
0.10991079901716326,0.1234664614694233,0.6001599851911993,0.16646275432221416
0.9209014711461232,0.01554564313486818,0.0022366670339667325,0.061316218685041966
0.18889214314427968,0.00672602358248657,0.6099409823111832,0.19444085096205066
0.04185175356209938,0.06259723654946853,0.05771908125926339,0.8378319286291687
0.1327433153634878,0.587459512046461,0.04838430010672819,0.23141287248332298
0.10552711458003378,0.12061837015027074,0.36470181963398324,0.40915269563571227
0.09577420317803592,0.16238836757092792,0.03436409727703223,0.707473331974004
0.2175867880436017,0.0724145107588883,0.5270961578207183,0.18290254337679154
0.09841266486912575,0.6621906675295337,0.1383783752655225,0.10101829233581805
0.24210029968128946,0.11047508242647562,0.430374254912535,0.21705036297969982
0.010353581325098508,0.18310932148110282,0.026257625878737215,0.7802794713150615
0.5706013128173143,0.30704579349986283,0.0679617582342758,0.05439113544854728
0.6093807965823864,0.22535875901026117,0.13950029646689674,0.025760147940455638
0.39947966379656397,0.12446876896645422,0.11379131006689551,0.3622602571700863
0.04941989710816192,0.8971489915316706,0.04200423173990284,0.01142687962026469
0.21738651303713663,0.25301477819492224,0.02214022894108977,0.5074584798268513
0.32720402933361253,0.32734401200248486,0.23256400819028536,0.11288795047361727
0.0803675468307044,0.31121843655648734,0.4267194159451892,0.18169460066761914
0.3114981820649557,0.0058521047972286255,0.37112266362338864,0.3115270495144271
0.07647066226015961,0.47018165110504945,0.2099482934669165,0.24339939316787443
0.5423398817035345,0.03545972622184627,0.11465999271367257,0.30754039936094674
0.014217587988040565,0.22746830071659102,0.5155960943142267,0.24271801698114165
0.06877100580828,0.5128565485997739,0.10145384514057708,0.31691860045136905
0.19746104773232637,0.5917108106195237,0.061480684970894754,0.14934745667725519
0.3088867449511252,0.4873597079466886,0.10653319248923898,0.09722035461294727
0.0815060980541336,0.7623745744467673,0.0024503292052036304,0.15366899829389558
0.7277227385760913,0.21349313967368147,0.03659163551287203,0.022192486237355244
0.09054101649056773,0.609638839998382,0.2940176278423726,0.00580251566867768
0.15334856799845814,0.18098944373638892,0.16277315340882195,0.502888834856331
0.37637650154419,0.0852734596234597,0.5190764511891072,0.01927358764324319
0.011947982362944438,0.16879777717472585,0.3154238358033051,0.5038304046590245
0.1099065451685722,0.06696759604288036,0.35009943916797487,0.4730264196205726
0.5819421557597036,0.04632816489263196,0.16201269079600533,0.2097169885516589
0.43788309353054194,0.08868414812417656,0.32280807213063495,0.15062468621464642
0.3457042204993367,0.5137621087076669,0.0678185434746758,0.0727151273183205
0.20078412027357878,0.2625462541057929,0.34404926248856316,0.1926203631320652
0.025275464308612678,0.18788317701271395,0.24852400141837983,0.5383173572602935
0.12620153311077442,0.5942313856310897,0.22644632096102604,0.05312076029710976
0.3471512454050665,0.4853707202003307,0.03914259121167524,0.12833544318292764
0.15429325074395572,0.12909963573911057,0.22626307187008599,0.4903440416468479
0.6702170288831094,0.24692918245155906,0.06000282192589297,0.022850966739438424
0.15111244816992875,0.1847811026180079,0.0689888419644612,0.5951176072476022
0.42643424789832973,0.11156673064245363,0.3365060333758034,0.1254929880834132
0.4188079887766886,0.0009075221259605292,0.3941639738966786,0.18612051520067213
0.28541284497879327,0.3730968860606772,0.02688643589262024,0.31460383306790923
0.39232608249154793,0.347896134781635,0.19005925313344404,0.06971852959337291
0.6109479628550066,0.03807395865721166,0.26686936617140744,0.08410871231637441
0.21255697673967208,0.2425503354047544,0.3515482523560252,0.19334443549954836
0.7696255516142777,0.12523107384854057,0.07379509447941672,0.03134828005776487
0.40569555301663474,0.15531827807054885,0.3605995103095149,0.07838665860330156
0.041234380310669005,0.5214514894648925,0.16987284361082827,0.26744128661361016
0.28991501397062014,0.07380613652229906,0.5143289022677159,0.12194994723936492
0.06437250049275486,0.36684293564914344,0.021165083723213192,0.5476194801348886
0.04592256864903148,0.30676094926547376,0.5809755113359616,0.06634097074953309
0.7114160670842253,0.028412413311464827,0.18085090502125725,0.07932061458305266
0.28829360918764085,0.08046704996091404,0.23668441337926058,0.39455492747218435
0.19095540923850238,0.35347509571661323,0.0878353905332817,0.3677341045116028
0.06681946646277892,0.7808863113839543,0.07630626408392566,0.07598795806934114
0.299533309989578,0.028106548785027587,0.30371303215834,0.3686471090670544
0.621729887209812,0.2792472727552911,0.07960290627371354,0.019419933761183197
0.1912614911300677,0.16050691677335605,0.639284970650824,0.008946621445752295
0.5266596108226722,0.037283542785825484,0.23475978454202567,0.2012970618494766
0.01938181957926566,0.6516874202008743,0.2972358127851623,0.031694947434697814
0.11696894737290921,0.45423550361402076,0.13241366245881503,0.2963818865542549
0.6049507571022203,0.05475963545837557,0.26087145965019104,0.07941814778921302
0.009866046231708371,0.6065473710519008,0.17726638958913385,0.20632019312725686
0.6305025149822455,0.24535999323912638,0.11941841442169619,0.0047190773569318265
0.09199857214835762,0.039808481181698524,0.18127178824512444,0.6869211584248195
0.4953632828183591,0.1453829357929676,0.007233011636947662,0.3520207697517255
0.26046514949695954,0.42115161568178705,0.13175145934651628,0.18663177547473717
0.34945698141836884,0.2159138192327076,0.03791147582308138,0.39671772352584217
0.232664379477006,0.2928869679298377,0.3470250852923208,0.12742356730083534
0.23248285466809615,0.13767306970856963,0.40568563751033576,0.2241584381129985
0.4828876994234554,0.23674092963122048,0.1465582077204465,0.13381316322487755
0.6295416990604493,0.275538231226889,0.009554081557233177,0.08536598815542853
0.34495490678971263,0.19693262083275243,0.12835255018036917,0.32975992219716577
0.30412902289294347,0.20024450569801058,0.27902582840730344,0.2166006430017426
0.29729717889637036,0.34915733325965614,0.31750276765065905,0.03604272019331456
0.3396005753555787,0.17324879225083492,0.2933598967706655,0.19379073562292104
0.3708175028160102,0.0022705428796664915,0.41644070495762153,0.2104712493467017
0.12242186288387592,0.2129689756323275,0.11792555904113301,0.5466836024426636
0.32910308491322654,0.27217705109181667,0.35626229973810486,0.04245756425685204
0.2734154671127244,0.1542354119198035,0.4120940585878126,0.16025506237965953
0.026029051539683653,0.35260348153753346,0.5783137482328107,0.0430537186899721
0.2297029602843311,0.4678376622491711,0.04367981864595386,0.2587795588205439
0.1820782517068036,0.04180519349644659,0.2437809707640568,0.5323355840326929
0.01575316020603447,0.21035771978657566,0.3817355763953675,0.39215354361202237
0.08947845126431259,0.17355121412183522,0.3445122246550362,0.39245810995881597
0.28685446601638254,0.21063366366840436,0.24074175360751465,0.2617701167076983
0.25808951179199846,0.015439590654853794,0.0036470843772574224,0.7228238131758904
0.3967550829823802,0.3012594409183143,0.0676147845627479,0.23437069153655765
0.1563828190223901,0.6959252867182353,0.064686490962202,0.08300540329717258
0.7502880330067937,0.019716435823024604,0.1945962034994311,0.035399327670750574
0.7547633737162869,0.06326411463302724,0.05535050011706344,0.1266220115336225
0.5480868137419199,0.29808186924445174,0.07368100276240784,0.08015031425122057
0.40729412897692757,0.395741735434676,0.06373828348138315,0.13322585210701313
0.05505743299609841,0.14228364077269884,0.15193536623086792,0.6507235600003348
0.146064688935806,0.01568957304383853,0.45249070033077005,0.3857550376895855
0.8651269939732262,0.012770285350144472,0.03532385406077293,0.08677886661585647
0.018895159526143804,0.14319706711849672,0.09644210132128485,0.7414656720340748
0.14246108238621516,0.3127616695520769,0.5142423256420294,0.030534922419678256
0.40628687091397236,0.008443145349884967,0.07987915412537179,0.5053908296107709
0.3514632115821324,0.1275920746993411,0.19201030744749725,0.3289344062710294
0.5838169826832841,0.08794137931052419,0.15966134015612415,0.16858029785006753
0.018883190834881696,0.6224869336449937,0.11354926353019992,0.2450806119899247
0.6850098928720071,0.19468953665178493,0.03651167394744417,0.08378889652876387
0.144677019135216,0.22961443583407515,0.5500723654992129,0.07563617953149612
0.03332267887445477,0.292397415794043,0.3361529094555149,0.3381269958759873
0.1513631933814547,0.28787538651521566,0.33502695865116294,0.2257344614521668
0.4626148177201133,0.06336812094060534,0.20666894164271488,0.2673481196965664
0.016767954028281934,0.0460625797570369,0.3425822407521337,0.5945872254625474
0.7102539260701847,0.013697819589637669,0.014707976798866393,0.26134027754131123
0.4002738166677378,0.15938837067297923,0.17179854658894222,0.26853926607034073
0.5547913809874521,0.18433101083511033,0.029426645819396458,0.23145096235804122
0.4490470382131662,0.18068044700524183,0.2090666663208815,0.16120584846071048
0.06770692256552159,0.4284537291884459,0.34893584645668635,0.15490350178934623
0.488927594598964,0.01874576661282908,0.4349281168192757,0.05739852196893129
0.15062409643651675,0.10432731235736768,0.5753704884830416,0.169678102723074
0.09665222636101084,0.7555406822363551,0.07569013346183331,0.0721169579408007
0.030131454434907973,0.056839311731715705,0.7110290100076705,0.20200022382570595
0.41779627172330874,0.06630793791559732,0.24106099749194237,0.2748347928691517
0.14624556742065298,0.5826407578741867,0.1383450034871768,0.13276867121798344
0.03794123255538409,0.29569455444489273,0.5127048800591869,0.15365933294053624
0.14176908865856683,0.05864386974953997,0.27000594780666326,0.5295810937852299
0.17926949640375595,0.2690203676126629,0.13911360515661395,0.4125965308269673
0.49677035439726175,0.26942589082041835,0.02391910800614598,0.209884646776174
0.4349369071201547,0.015101611349914551,0.2980195199736115,0.2519419615563193
0.0751358434585941,0.33024979845800273,0.49716326880875067,0.09745108927465239
0.5526919425596133,0.08218486594176826,0.022676532245527195,0.3424466592530912
0.30785693523222113,0.22548556911957646,0.41331473715503353,0.053342758493168996
0.23510346502016652,0.19356796355720957,0.15735913317516068,0.4139694382474632
0.7196618164960786,0.02666333670311655,0.15597712298499836,0.0976977238158065
0.3609667960834859,0.25575122733641237,0.35141547333847906,0.031866503241622574
0.41385643489939805,0.034598680560646924,0.3810767873202678,0.1704680972196872
0.1588153836405833,0.5904884350320919,0.0699650164528094,0.1807311648745152
0.21933635411163557,0.07101982712547941,0.1902499805463868,0.5193938382164983
0.1015932652502416,0.1253002492818248,0.027343153490122465,0.7457633319778111
0.36550156876195256,0.02337663204921662,0.12119219247941113,0.4899296067094197
0.026926628048528783,0.003956139195515544,0.058293435196491966,0.9108237975594636
0.28902613763201335,0.03075076775499869,0.5699565080087341,0.11026658660425386
0.49671164918212896,0.1477307379935614,0.027410273965460516,0.3281473388588493
0.14829849040886528,0.010012981637108506,0.5357211212666946,0.3059674066873316
0.20877982989775914,0.08928935584104077,0.6525495790336587,0.049381235227541426
0.006723807198218756,0.5198696456429805,0.09364396891981361,0.379762578238987
0.1515277918209161,0.5358983275633427,0.1766239259573216,0.13594995465841955
0.08772137276150974,0.3728036242541255,0.4570462048045773,0.08242879817978736
0.40236101299442606,0.27781092919968653,0.053813251600049926,0.2660148062058374
0.037123752259061116,0.5476129433246673,0.19212842631485774,0.2231348781014139
0.18989877150291157,0.27798893847428063,0.1998866489390735,0.33222564108373426
0.21494740552854694,0.16000440174630537,0.5270901243395781,0.0979580683855696
0.3457091018883574,0.5769206331179643,0.039173380290713516,0.03819688470296473
0.11926531691122678,0.08939226370992454,0.5249138053070393,0.26642861407180923
0.0662200184372648,0.4773647084812799,0.3027353552757533,0.15367991780570195
0.4189040189011503,0.2661578678530059,0.07441843302282193,0.240519680223022
0.36684853470913165,0.11609901223647442,0.42257910567475265,0.09447334737964128
0.07632225979472793,0.24713490178374106,0.6271974450161562,0.049345393405374735
0.11873390175159074,0.6470456530083709,0.10700653417162566,0.1272139110684128
0.13812582703574916,0.7023383684394068,0.04497619206882996,0.11455961245601412
0.08451865873021046,0.06691127443096222,0.2766382806200587,0.5719317862187687
0.08388510870488676,0.37449124075124,0.41808172335432475,0.12354192718954848
0.18423885527324632,0.09496521890496878,0.37499956522344946,0.34579636059833546
0.018798074186051592,0.23110438208693568,0.0664282268296887,0.683669316897324
0.15088893403525677,0.4043907558237778,0.12478215960630194,0.3199381505346636
0.1903511204678892,0.6276660694116647,0.040289321530208394,0.1416934885902378
0.3535445936680219,0.31082317345175003,0.06372832802692427,0.27190390485330396
0.18320421754657307,0.061392759896719294,0.2277545115232972,0.5276485110334105
0.1341645121440626,0.004247424283991879,0.41726531210891404,0.44432275146303163
0.013208611778900748,0.4292074549761836,0.1684729395939697,0.3891109936509459
0.08949497252178637,0.7736525524112879,0.11477343683803364,0.02207903822889215
0.6912129964176137,0.037478097536717915,0.1685592773717158,0.1027496286739525
0.34435831277917844,0.2761331203177268,0.32888144827935345,0.050627118623741314
0.3988215692593957,0.07127527970304802,0.08636440829671677,0.4435387427408395
0.2815845169386624,0.6697813110505944,0.002701774210458223,0.045932397800285144
0.348204167864863,0.25639728741558315,0.36746187733439817,0.027936667385155694
0.3515128682207101,0.06940368054814591,0.2837494730423587,0.2953339781887853
0.4020530078343221,0.39072709834540575,0.18185401540950194,0.025365878410770246
0.7245482327846847,0.12208073428838162,0.14012662062186337,0.013244412305070367
0.47439132539753515,0.13588228160971996,0.287005482377682,0.10272091061506272
0.039420178570205675,0.46637360815897183,0.35348490610024963,0.1407213071705728
0.10187299462234332,0.31866106900292746,0.1322854418955634,0.4471804944791658
0.1334646800343889,0.453421740305171,0.3334934649236127,0.07962011473682752
0.28175920979233315,0.519922293259676,0.08664950093165376,0.11166899601633697
0.14884395292134722,0.6814981752554647,0.016662462185812132,0.1529954096373758
0.8086127410205298,0.029315688321555167,0.05698801673850394,0.10508355391941113
0.15557781203992782,0.34943409679824255,0.05524553084904984,0.4397425603127797
0.21005486579688587,0.2895847073828764,0.1692776868369085,0.3310827399833291
0.002874073240898508,0.4515918356922547,0.015903618574825126,0.5296304724920216
0.4990539232032637,0.2283101010180086,0.08685990935329777,0.18577606642543004
0.18603745143141373,0.36496434891310814,0.35474290111110734,0.09425529854437072
0.05462197347659943,0.11387489340063539,0.2920731813198709,0.5394299518028942
0.12768190170649266,0.17328287177518925,0.5479588745423494,0.15107635197596858
0.12269934424070379,0.5629015195785353,0.018636653326944513,0.2957624828538164
0.5864580546002933,0.058969034070821935,0.11003540809796675,0.244537503230918
0.005724365472648164,0.7317122515996756,0.03517852930401703,0.2273848536236592
0.0659032763653668,0.0775956458277705,0.6201610485538305,0.2363400292530324
0.09171546837430104,0.48269605502831314,0.14349327119883112,0.2820952053985548
0.017947143553630737,0.18046362584996148,0.2425100118304595,0.5590792187659482
0.013867654214486434,0.025752544685702535,0.17122536655644321,0.7891544345433679
0.7403066553950136,0.03800412691022101,0.028171944957341356,0.19351727273742397
0.16460831513561497,0.14093519250537445,0.3822111551115955,0.31224533724741504
0.09980056124495748,0.05966983500327095,0.8103839556030313,0.03014564814874031
0.2441355921340047,0.01781596976102223,0.3090289014919584,0.4290195366130146
0.47528198039563707,0.17173971165445087,0.3211716218231705,0.031806686126741535
0.4571203965864162,0.022944720318504287,0.122940640198249,0.39699424289683044
0.24912320746857106,0.3438165074716106,0.024905359044657124,0.3821549260151613
0.37243090663927536,0.3585720564959935,0.1786280269828416,0.09036900988188944
0.03229223537387623,0.46121351285518675,0.256067171235179,0.250427080535758
0.17071174070352443,0.1927857714517481,0.45246893457657944,0.18403355326814808
0.7247516869568291,0.12781694015021056,0.1460150924910374,0.001416280401922958
0.21425542603738262,0.210886292442848,0.16337151721525517,0.4114867643045142
0.45417161253879196,0.18807258632886353,0.13546400881219656,0.2222917923201478
0.045686603294334986,0.04991720812676899,0.6466125707628281,0.25778361781606796
0.1260509114792641,0.1166048245317492,0.3842402007512908,0.37310406323769596
0.08977923006953276,0.14567490734137756,0.29394120529537077,0.4706046572937189
0.2887523740707866,0.38924882131807287,0.025899494945629094,0.2960993096655115
0.6741426164602699,0.10211185390321466,0.21496552592913776,0.008780003707377656
0.28511126942545045,0.1402548640167029,0.017529536739348085,0.5571043298184987
0.030183805165703716,0.5433830442960013,0.3906820888416901,0.03575106169660477
0.030407167940396582,0.03213596605170174,0.6447004658193874,0.29275640018851423
0.042832613389017976,0.5225045819566688,0.3960407657213433,0.03862203893296993
0.060813613313170437,0.6684329065467615,0.0434358670728924,0.22731761306717574
0.23754187159059262,0.11620474924290643,0.5722444732222063,0.07400890594429484
0.1656330619176449,0.4416087508722287,0.10110401985960485,0.29165416735052174
0.38304315495365454,0.418005029140251,0.18968049385413915,0.009271322051955147
0.5595602662131028,0.0005689092130194463,0.1564998687799586,0.2833709557939191
0.33942652915311167,0.24885699022457608,0.2702445145295955,0.1414719660927167
0.043562398046706544,0.5820629267664328,0.3697399955384741,0.004634679648386409
0.4670699947580436,0.4641152654088252,0.01551001707446092,0.0533047227586702
0.22044811889695637,0.4675197119928938,0.22832594053829133,0.08370622857185869
0.08500492396867339,0.05254757550465102,0.8407421072902126,0.02170539323646293
0.1021711600627296,0.026484179720678715,0.18142085545989375,0.6899238047566979
0.43000930180609254,0.23588965489396263,0.052849329686745924,0.28125171361319895
0.5134431905429148,0.013843041665988945,0.3511869612280312,0.12152680656306507
0.5194773567409368,0.16761860976904952,0.02304774483359573,0.2898562886564178
0.26924156931114046,0.1206203925263043,0.05588471347970785,0.5542533246828474
0.2774752231233151,0.5220653087811431,0.10738578751794282,0.09307368057759909
0.43362554580241475,0.03766251808545317,0.497169149227767,0.03154278688436518
0.3209019293914762,0.2181949686098494,0.022089285453508897,0.4388138165451655
0.6388314244759971,0.10815239179675966,0.20405169159842287,0.04896449212882032
0.569900335825049,0.1430230971230944,0.23248985254942642,0.0545867145024302
0.20154978511683447,0.2682095387269464,0.06525372203771575,0.4649869541185033
0.2536574635600868,0.43850842862485734,0.0068083999550015185,0.3010257078600542
0.06618172251478353,0.7195289498717691,0.07377604060791411,0.14051328700553337
0.4908843254639613,0.24821085175273674,0.15689158201301012,0.10401324077029184
0.06543396364627228,0.028814248806699676,0.8923628034181159,0.013388984128912188
0.04278575826881598,0.3291977683375322,0.11900706708188856,0.5090094063117633
0.5873811858710388,0.07272046969313913,0.30204512962247676,0.037853214813345394
0.2816516150493704,0.03788397131254166,0.19007272177169765,0.49039169186639026
0.022513115149517236,0.23106869232848404,0.10239443866841574,0.6440237538535829
0.3696983166433792,0.041818870983847,0.0676567916736176,0.5208260206991562
0.5841896879612117,0.0004898678509360216,0.2212936015916795,0.1940268425961727
0.0030397349420850945,0.34080383595974795,0.04521429865917702,0.6109421304389898
0.41129961313835434,0.10973023207066121,0.4333714466206288,0.04559870817035563
0.10516519274674427,0.00013842093391706238,0.18316178824681414,0.7115345980725245
0.4798077350913866,0.18671405987653686,0.11544467370935503,0.2180335313227216
0.007738708132761842,0.283060452691973,0.005889253781036962,0.7033115853942282
0.14158051668035168,0.4603439384967976,0.23328118004414888,0.1647943647787017
0.22829782723917844,0.05037073926290447,0.36663148308330074,0.35469995041461644
0.07741881605324605,0.553072827952937,0.188306061883186,0.18120229411063085
0.2317044804272525,0.13243033660640718,0.6265624800636442,0.009302702902696193
0.4214728522947127,0.32454158866497657,0.028514749750285045,0.2254708092900256
0.0678753254604726,0.11702552043664949,0.7715962523290514,0.04350290177382652
0.3212634520230936,0.12690162027902724,0.18726425485171458,0.3645706728461646
0.14250267428709182,0.2657887244491337,0.11315470257524363,0.47855389868853093
0.19183850579647482,0.33620660229909877,0.21114064543080688,0.2608142464736196
0.09973226406529587,0.08539090463864353,0.7854927601706374,0.029384071125423312
0.19014300266617018,0.5415546969423806,0.08372877694800215,0.18457352344344713
0.0707501209215281,0.5856376740449398,0.31945718271973733,0.02415502231379468
0.2308441255282226,0.0626611336477983,0.38965759979821946,0.3168371410257597
0.5492940922432864,0.05157141269918859,0.01199857962543185,0.38713591543209325
0.00820078043635011,0.5512444925025589,0.2664758519670863,0.17407887509400463
0.04316487015647913,0.17755320477850844,0.1733343984110454,0.6059475266539669
0.4531745058462264,0.10617328923088695,0.4089253162993227,0.03172688862356377
0.3285924465671476,0.4224844667009827,0.10732258116199901,0.14160050556987075
0.24744417782102338,0.4091096373877993,0.23305603084880125,0.11039015394237627
0.1663528004849745,0.0074462141836998275,0.7449538618525694,0.08124712347875605
0.08778557550247548,0.6557152969382426,0.1339278873321012,0.1225712402271807
0.2889375797838566,0.09902819348777461,0.4302843253832426,0.18174990134512617
0.2005196144338177,0.3674637652297686,0.2620312535187074,0.16998536681770635
0.11361899545915587,0.26112555605782944,0.04493101517130716,0.5803244333117077
0.2124450376606195,0.003677592178027364,0.14394806359419382,0.6399293065671594
0.05214302214474011,0.13875231065956245,0.41608004141830707,0.3930246257773904
0.17126470925444767,0.169235525955297,0.34776070805344855,0.3117390567368068
0.04719105946150447,0.041132661483263055,0.7734476774483275,0.1382286016069049
0.36823775552674426,0.08432809781301888,0.2072996237359249,0.3401345229243119
0.258531099673598,0.22637138835151002,0.052851987097856955,0.462245524877035
0.08630150919453462,0.2621737421517617,0.39008200699386597,0.2614427416598377
0.2367760459190745,0.4065732657488366,0.20652122054424019,0.15012946778784877
0.42607281898397764,0.39024361660060536,0.1277013289535106,0.05598223546190648
0.09143204942291744,0.08907861432923395,0.5334212282212358,0.28606810802661287
0.2545091133836905,0.494647042166466,0.055507872685219936,0.19533597176462353
0.11804771365847444,0.3950572027525942,0.058147683960545773,0.42874739962838565
0.7318462199428607,0.023647770407819096,0.15685922855836035,0.08764678109095993
0.5987859031064993,0.18291151435038494,0.2142385267612975,0.0040640557818183
0.29916497179522816,0.4303498116545852,0.013030379307341723,0.2574548372428449
0.3776951191556797,0.18920615575669986,0.2299818390354171,0.20311688605220343
0.15107903239839307,0.44232356776045945,0.0756691012339983,0.33092829860714906
0.4653606845942008,0.45329355571149216,0.0693378103986302,0.012007949295676829
0.03939339500102339,0.19530995997700004,0.6032323667147307,0.16206427830724582
0.17459713103773097,0.726227322598505,0.06242713318444065,0.036748413179323376
0.05504544788337271,0.35785929242045067,0.4494467888481315,0.13764847084804518
0.2614418207416753,0.5427279477264546,0.1320691801066692,0.06376105142520085
0.34999638304320096,0.05133378311255586,0.050525508195132705,0.5481443256491104
0.10812507949221233,0.09678700987450867,0.6995114537120303,0.09557645692124882
0.010353479657400544,0.41089990751618616,0.35072114019317696,0.2280254726332364
0.05693811560469746,0.8507139370904712,0.020746722303890738,0.07160122500094077
0.10062563776955893,0.1441232166396294,0.5057367781091081,0.24951436748170366
0.10248025642687957,0.44776160502312623,0.027873328779875837,0.42188480977011844
0.09389523270234768,0.4700868128553157,0.2959707658283849,0.14004718861395182
0.22050025762160344,0.07886486037298733,0.19448248320020242,0.5061523988052067
0.36735036183191205,0.07926002515394104,0.33294621512737016,0.2204433978867769
0.06611445761215812,0.6075601676781743,0.05008809554141333,0.2762372791682542
0.017884230968670003,0.3934486726439182,0.3939106969083887,0.19475639947902315
0.5435779602554363,0.21595770354329946,0.015910199162489393,0.22455413703877497
0.18795282909025549,9.428499294466477e-05,0.31735024416440677,0.4946026417523931
0.6986706432591142,0.04843437198672769,0.21509094231941323,0.037804042434744986
0.23512874760070215,0.010691759756932743,0.09461696307712293,0.6595625295652421
0.4852907367620544,0.07370372968262516,0.381999668754056,0.0590058648012645
0.08539815688158747,0.3264336743368205,0.19237042758800468,0.3957977411935874
0.00984595927212447,0.2548512343266854,0.3799022596585973,0.35540054674259275
0.23446749866279631,0.20025920905731187,0.47581319083556906,0.08946010144432258
0.3533543919482688,0.27514570807542454,0.036380185014213036,0.33511971496209364
0.5131992002659448,0.15426359080670976,0.17505874461016982,0.15747846431717566
0.09501873072260558,0.017849655461969118,0.541326562286698,0.34580505152872737
0.14974856110290322,0.16711747609132713,0.6643503355837861,0.018783627221983495
0.009349454727247342,0.19032891679207758,0.7584971001938448,0.04182452828683027
0.05471857567196226,0.18908582244075964,0.37338807859808726,0.3828075232891909
0.15333299634030653,0.260961012768516,0.42599523011011736,0.15971076078106006
0.15528752902107104,0.19486649299446274,0.5236469038342106,0.12619907415025566
0.15417203650286943,0.2369424913648712,0.4169159726314274,0.19196949950083203
0.5769989916694991,0.1734964399527593,0.15942157280865102,0.09008299556909048
0.18246943729358217,0.06078854037309104,0.38998399584856785,0.3667580264847588
0.14190788410001742,0.1619402902623961,0.24952666628309,0.4466251593544965
0.21022989725575053,0.5762889684578754,0.21262240151058806,0.000858732775786016
0.16660191749444456,0.1518235197064467,0.6314061119030809,0.05016845089602793
0.1380745965946781,0.15831529373799474,0.6124086825904773,0.09120142707684975
0.027424182477540384,0.03984312960533202,0.330133773268949,0.6025989146481787
0.3518079633973153,0.03243759963092882,0.18375895997204644,0.43199547699970936
0.17492720367612827,0.08011127525388777,0.7304558725515589,0.014505648518425172
0.22944634039666356,0.06731798499489423,0.15126602748264723,0.5519696471257951
0.2261326786218755,0.019073801811241683,0.37031693570101226,0.38447658386587064
0.4390942588398392,0.18575251997541536,0.17698827370975267,0.19816494747499266
0.040262708292724554,0.0298753885958987,0.8621248036796983,0.0677370994316784
0.2635523047707424,0.2540328563292892,0.25925618333665396,0.22315865556331435
0.1751725754662178,0.5316403399176356,0.2279193856508851,0.06526769896526144
0.014749891820300969,0.021262046890309055,0.4036609374793885,0.5603271238100014
0.4115212995913808,0.31294704385126815,0.004919296692520232,0.27061235986483073
0.3477221386021724,0.34356857347303615,0.2999321578002777,0.008777130124513657
0.23408560755307295,0.35666561776497613,0.016711424286265313,0.39253735039568555
0.09537429494845272,0.18096676490274882,0.12063780559124652,0.603021134557552
0.05487182017077619,0.06075995400278424,0.21185475408712123,0.6725134717393185
0.06476500113727468,0.20039215010769357,0.7036571253228342,0.031185723432197596
0.4728876937631572,0.17875360612560995,0.32670076223975414,0.021657937871478853
0.42659186446176683,0.021776644777035965,0.09641092642516026,0.45522056433603686
0.22137571710971488,0.34174179293474855,0.4052262035298268,0.03165628642570983
0.1636185032184779,0.014062171606845586,0.1849357537073291,0.6373835714673475
0.36993643145816507,0.11282376359717493,0.2839132527467622,0.23332655219789783
0.5481126664877167,0.07174181185704377,0.3703464396906792,0.009799081964560315
0.44954815546514687,0.3038538239663063,0.19492929831103306,0.05166872225751377
0.3221775485070386,0.24829166084509094,0.2469949652788319,0.18253582536903848
0.49017393807097365,0.20853543987428577,0.2853907619720942,0.015899860082646506
0.00301718208040305,0.5407850640694798,0.04230433186202628,0.4138934219880908
0.3327412492280488,0.0323496558251332,0.19834988554720254,0.43655920939961546
0.19493246501497513,0.09607511953149743,0.20211490017185432,0.5068775152816734
0.14627839447774554,0.01185705041467797,0.3539691631448511,0.48789539196272547
0.17041939318305874,0.5661577053618971,0.25775484181808483,0.005668059636959345
0.2524693797015519,0.4119753241899037,0.24309871756101467,0.09245657854752967
0.01565491576367037,0.02878759098177051,0.1573175633275398,0.7982399299270194
0.2601941004108042,0.30034388388620664,0.15940976603318655,0.2800522496698026
0.42133353286390757,0.06773524842759315,0.09177675408389356,0.4191544646246055
0.09029763185007952,0.5665563966075738,0.1304027607420514,0.21274321080029523
0.07340581194443063,0.37316410431151226,0.48658761798126743,0.06684246576278975
0.04646393559815042,0.05216334167907582,0.2782655423777016,0.6231071803450722
0.2886112537871427,0.17297858572936567,0.004593696529602345,0.5338164639538892
0.11301135257453328,0.029317657291979604,0.5128031155355697,0.34486787459791746
0.3170863195993155,0.2969108067654994,0.21875466935173002,0.16724820428345508
0.8210626008427003,0.043382306141442194,0.06813592582558682,0.06741916719027059
0.09721173464312842,0.15491621889236873,0.6654791072809815,0.08239293918352138
0.4678070156950322,0.3722550430318209,0.018393143769903208,0.14154479750324384
0.44980021351821037,0.10955318350012648,0.24733204346971294,0.19331455951195026
0.5249741971301555,0.0858103608308688,0.09440697413502067,0.2948084679039551
0.35616132299220593,0.3860364827453844,0.025732825416436473,0.2320693688459732
0.44422347811847507,0.2992253988682187,0.18389427052457105,0.07265685248873512
0.10964926841578464,0.11664236126111713,0.19927338707211753,0.5744349832509806
0.11046111615517565,0.5156064858198739,0.21770720776452257,0.15622519026042783
0.32995958125214947,0.021784287729106767,0.23840801848728205,0.4098481125314617
0.18531528676160636,0.7018522781266309,0.040961282649394644,0.0718711524623682
0.3708916727641691,0.18977633260791324,0.1336080176403962,0.3057239769875214
0.31326014517471834,0.3361832523657053,0.27745783352275644,0.07309876893682003
0.6608644784366764,0.06528891961423794,0.04532817992157729,0.22851842202750838
0.012789715830696165,0.17948621760740582,0.2948987103117662,0.5128253562501317
0.01992560349226724,0.049164733248502415,0.28844445183941303,0.6424652114198173
0.19410094709919418,0.050581560684755514,0.6751073037653255,0.08021018845072485
0.20341007415428858,0.4980251411447448,0.010575904605748716,0.28798888009521795
0.06017463266746389,0.24923754598271042,0.4745392908261382,0.21604853052368747
0.9056222864885313,0.014376991581924046,0.007992229244572126,0.07200849268497238
0.4162217654584937,0.41078605829764603,0.10630512105080304,0.06668705519305726
0.1399790789303727,0.5179604900189255,0.0485547687284749,0.29350566232222697
0.22372190921164267,0.014640210309517182,0.01050958363668239,0.7511282968421579
0.1320886622603226,0.41887548327409546,0.016922683834317977,0.4321131706312638
0.048367151518055346,0.04185293769281291,0.3271288971669181,0.5826510136222135
0.4143449124864053,0.37325392191656703,0.13982627818924437,0.07257488740778316
0.48063193812007027,0.2312942093413669,0.18434176270765923,0.1037320898309035
0.12499887299209189,0.002214537670960832,0.35324757110852284,0.5195390182284245
0.11938793743113596,0.1360231823115181,0.683474015216946,0.06111486504039999
0.01758331266286035,0.49403065585040007,0.05757197419524103,0.4308140572914985
0.18096633780177562,0.11917150275812317,0.6117123223980472,0.08814983704205412
0.04244591446695674,0.7215628271165149,0.09793568141470284,0.13805557700182566
0.6478256001449718,0.022678952520182632,0.1379125997468953,0.19158284758795027
0.18345585104185685,0.023250820526646603,0.4937635683860486,0.2995297600454479
0.17096500237639228,0.3132448675773396,0.006374112720417911,0.5094160173258502
0.4296683335794977,0.07070875655853406,0.4211133647585152,0.0785095451034529
0.15330226020842275,0.28349506099000327,0.41363945604796,0.1495632227536138
0.6590242720034791,0.19830093928951825,0.12106903599462715,0.021605752712375595
0.5522739651166211,0.011874198691450587,0.3480945194549818,0.0877573167369463
0.03734753872167338,0.09829134781951394,0.3416295414078057,0.522731572051007
0.5378289112845736,0.18685789998219618,0.09080872255314766,0.18450446618008265
0.05619673691805143,0.457832091304332,0.17074015102608678,0.31523102075152964
0.05167013735736073,0.8056628429377196,0.10793029067637094,0.03473672902854876
0.1818490859444267,0.6244512839643751,0.027920608166242665,0.16577902192495553
0.024002357828297072,0.4869004804685224,0.1103339019840908,0.37876325971908986
0.09423967184562694,0.4800052481812172,0.038290499608632386,0.3874645803645237
0.6658376280795595,0.07235719386240466,0.15954320080677728,0.10226197725125848
0.030047382315449372,0.5408675873675807,0.09178337538402573,0.33730165493294423
0.09266224039759588,0.6470796103952708,0.018278046755614712,0.2419801024515185
0.12855003355825928,0.12966015340968273,0.6019011855807921,0.13988862745126604
0.7775263825455767,0.006774951260470186,0.07906016924729785,0.1366384969466554
0.425033725115268,0.3465275041497741,0.002525956379008505,0.22591281435594943
0.015761498810099136,0.04760913414270453,0.5017498332773032,0.4348795337698932
0.0715243320663427,0.27335671591720495,0.5062118270831508,0.14890712493330158
0.371847782883362,0.24594738556119716,0.09310045545746247,0.2891043760979783
0.2601319770872361,0.11250082825662151,0.5567379847199061,0.07062920993623642
0.05250580227031921,0.4539460996832818,0.36743400888059846,0.12611408916580052
0.19839513018702162,0.11237373965275287,0.42859265477971953,0.26063847538050594
0.2095383483621763,0.7054319924364085,0.04034898644925425,0.04468067275216091
0.2650092409013727,0.015703557106413468,0.27018270172321024,0.4491045002690035
0.01684980429549563,0.6239748817743156,0.01958961116664373,0.3395857027635452
0.6561770717266189,0.030479192563342188,0.2566936378969509,0.056650097813087844
0.13337504016683274,0.2178525362612181,0.4834934754976091,0.16527894807434007
0.14105934372032303,0.3916398618890272,0.42911679093712274,0.03818400345352688
0.29766233585948054,0.5152701516927897,0.02764751925571439,0.1594199931920155
0.07123790906932925,0.19861881546110327,0.39744323062758885,0.3327000448419787
0.1904736106359478,0.07906374112060165,0.6141865586067654,0.1162760896366851
0.46694326119106483,0.06743179398556079,0.4383027903912794,0.02732215443209497
0.0601677763562789,0.5336824645594281,0.3580320920164597,0.04811766706783334
0.45048385192677665,0.1605058351186395,0.22607724316407912,0.16293306979050462
0.28420174908795476,0.4615480227067873,0.15969121143943377,0.09455901676582422
0.4641357063517736,0.34586867347201367,0.14199529093954752,0.04800032923666519
0.03968354748091231,0.07747025280548914,0.5305312410582435,0.352314958655355
0.13515974228343275,0.5266322605395175,0.19214078004719448,0.1460672171298553
0.03522962600538541,0.047155503130952056,0.819902804859248,0.09771206600441436
0.5953817201194426,0.17474851775309233,0.2291937749580357,0.0006759871694294132
0.6043107043239603,0.2465754489527043,0.14580036155282533,0.0033134851705099826
0.6785842971817835,0.04046875780719564,0.14107351380565095,0.13987343120537005
0.02282685164059509,0.462886220333396,0.48594773452761214,0.028339193498396857
0.25570954261120654,0.39747787540229734,0.3090899976343103,0.03772258435218584
0.22671067235708905,0.13207237504736546,0.2993787756008136,0.34183817699473185
0.5035704766037395,0.01567727881351676,0.3882819278450506,0.09247031673769304
0.22553814752006188,0.345535502285301,0.09836103195235947,0.3305653182422776
0.19699885720015758,0.38004004838648514,0.09460805919337065,0.32835303521998677
0.15597318783535366,0.15762846041385004,0.1510637906677936,0.5353345610830026
0.3775017052750774,0.38259114405063394,0.22496481220782893,0.014942338466459763
0.10726508111779343,0.06419120120116302,0.288138688001195,0.5404050296798487
0.0918044959319662,0.05992693045066527,0.09508088149046239,0.7531876921269062
0.22143704613620113,0.23633277919910256,0.5338246033596122,0.008405571305084054
0.08429413674859484,0.04446305246227441,0.8182694276415979,0.05297338314753275
0.3680808123446737,0.33649125505116256,0.27840314181237946,0.017024790791784417
0.730752192165913,0.007902085713085772,0.21463654664257384,0.046709175478427255
0.2681683984211466,0.018946906760997025,0.2971258197168299,0.41575887510102644
0.2361101814087353,0.6584332735839674,0.09711768707947614,0.008338857927821176
0.5038186173340958,0.12150379455915027,0.17481882063251758,0.19985876747423623
0.3465183902772302,0.22163625945472448,0.11758681458031475,0.31425853568773066
0.1501764224482801,0.2897604958162115,0.004039807592431767,0.5560232741430765
0.4828536729404051,0.3576778185141968,0.08594754010658782,0.07352096843881026
0.15859206808665982,0.5349826235223097,0.09699222886831385,0.20943307952271664
0.046361596962328847,0.8778739371921184,0.003657752864281201,0.07210671298127157
0.0717813729219735,0.6884189490327086,0.15382026453760508,0.08597941350771278
0.017243134648708146,0.17638091270581677,0.4795131694864012,0.3268627831590739
0.17175897138096186,0.031586499005270795,0.6989961242259785,0.09765840538778883
0.4377148296931068,0.19352762801357976,0.33294772906508524,0.03580981322822846
0.10210256524013776,0.11726117199365214,0.31483305215848584,0.4658032106077242
0.04226864348096811,0.07789122551360053,0.5710537160906636,0.30878641491476766
0.6127315688949939,0.35334213282267063,0.027757420775585524,0.00616887750675
0.1384639920022926,0.1282428367265477,0.11621845973570748,0.6170747115354523
0.015645977484910745,0.23570749641376354,0.09458544703845767,0.654061079062868
0.16611725537720323,0.09289803936565753,0.23550261542731613,0.5054820898298231
0.14132230428673218,0.0080357747874546,0.4117082960862796,0.4389336248395336
0.16763731123509354,0.07825115498468417,0.009042045122232872,0.7450694886579896
0.23479127908336742,0.6545850482574411,0.054803030115302444,0.05582064254388906
0.11260126052796175,0.4009694246395389,0.18401963695994705,0.3024096778725522
0.028107156303309507,0.022667183883675127,0.479492115853244,0.46973354395977135
0.08021505966790966,0.31107800640150235,0.22559268385041983,0.3831142500801682
0.06341277362621554,0.056375322492602103,0.8787390089463081,0.0014728949348744025
0.09388254612583401,0.1978592200885117,0.08921571640708748,0.6190425173785667
0.07909028307485218,0.029907755447325154,0.11680175676546123,0.7742002047123614
0.36333980209056804,0.15080764053317236,0.0028745850847176754,0.48297797229154193
0.2487220375012577,0.21597831281748942,0.28193249653939484,0.25336715314185804
0.1069150315987788,0.4680875852184632,0.1823429695493782,0.2426544136333797
0.5442305545571853,0.059322996081883045,0.03370831146726837,0.36273813789366327
0.06687743618881503,0.10928945245581037,0.6810914622950652,0.14274164906030926
0.8063711343955959,0.1711773550342264,0.010393009318051748,0.012058501252125847
0.11586088628861582,0.07431947326922315,0.5471503662733296,0.2626692741688314
0.5661395327800813,0.12771619148437055,0.041830790639296116,0.2643134850962521
0.6818972063665837,0.10650227535803079,0.18881019526998233,0.022790323005403214
0.23508493894154164,0.10038551302486697,0.6203698405444106,0.04415970748918088
0.18392683184678116,0.217405453168132,0.5640912076181723,0.03457650736691451
0.36322787570834314,0.20648918944019934,0.15825292296686216,0.2720300118845954
0.42545541053884456,0.13872130058376095,0.06467056219425979,0.3711527266831348
0.5719327308503253,0.29109510607105166,0.1250966696870679,0.011875493391555128
0.7205521897237267,0.08855142235556016,0.016751701635397073,0.17414468628531607
0.09556062358132218,0.7759169628937919,0.007426668806706279,0.12109574471817967
0.5504110144073943,0.06786126540363549,0.2637441202695813,0.11798359991938889
0.6053276729715722,0.22599308261684828,0.09652761158501078,0.07215163282656868
0.2522769942950999,0.509936344063154,0.16388143584318635,0.0739052257985596
0.0012550410503988389,0.16682239889782363,0.1366857390930264,0.6952368209587511
0.10605137038203703,0.20443061547530803,0.15371475118109523,0.5358032629615598
0.39320154993092177,0.2087405229124768,0.10362878408903543,0.29442914306756607
0.19816266716806397,0.25462819097664124,0.016336470809798838,0.5308726710454961
0.5747657889724197,0.2761147329479242,0.08835164232235296,0.06076783575730323
0.08743642169458839,0.4225893567154901,0.3464520765420019,0.14352214504791963
0.21160883651534212,0.03782356737759972,0.16233118969150165,0.5882364064155565
0.14003926358740934,0.13504092228895512,0.4786451110263414,0.2462747030972941
0.053820815506818144,0.05563027107217328,0.5008049979261697,0.38974391549483905
0.09016817026652922,0.09007980029866289,0.14197006532782958,0.6777819641069782
0.3053292812729513,0.14302936448180809,0.3602532128392742,0.1913881414059665
0.04275728500492423,0.13435496723035698,0.5007268724854903,0.32216087527922843
0.2870170212961684,0.25776174427455567,0.1681670724446023,0.28705416198467376
0.13832791964600866,0.4202701054786095,0.4147268386181449,0.02667513625723696
0.034046809722022,0.09156151745439452,0.5998183758353106,0.27457329698827276
0.49309012366048094,0.38505809079030806,0.02306799976002499,0.098783785789186
0.14506289472845066,0.4966292763066706,0.27692123839233895,0.08138659057253987
0.18418921104615288,0.372063557681072,0.15595174365252776,0.2877954876202475
0.018519229415959876,0.4458885540019049,0.5213364861293442,0.014255730452790964
0.23425422985438246,0.28655320359092684,0.015762919221781815,0.46342964733290887
0.3628120079587536,0.13673254438946789,0.2727903611770237,0.22766508647475478
0.1792899916599279,0.041377042082482496,0.7495075085434865,0.029825457714103127
0.10514447671290576,0.3730451663860246,0.0677393661546488,0.45407099074642093
0.4142629488104389,0.0385279609225869,0.233895589115226,0.3133135011517482
0.0329656502712838,0.2098370448382848,0.38959996127881147,0.3675973436116199
0.040848090513273504,0.07176401555865942,0.40545736062967963,0.4819305332983875
0.3402434363269592,0.3062764732136398,0.34425338134104855,0.009226709118352393
0.01666922605802298,0.23442155502112014,0.5319578802763263,0.2169513386445305
0.36385349541454287,0.5736744284129842,0.0190769224626918,0.04339515370978095
0.2672966605223714,0.09305181642394923,0.622925111505331,0.01672641154834843
0.25215268907368643,0.12835162792577132,0.14552832570137553,0.4739673572991667
0.27837938609113344,0.228711742685145,0.3763735259198208,0.11653534530390082
0.10330729865268212,0.037248734976284704,0.146808532942214,0.7126354334288191
0.09491622696938216,0.12093691481360287,0.20282763856118377,0.5813192196558311
0.06696821720711707,0.31668129009241913,0.29758883090536675,0.3187616617950971
0.4670607276313992,0.4838291543099895,0.04404935826326116,0.005060759795350001
0.5520097932398653,0.09232021022993969,0.22074373005294198,0.13492626647725292
0.09660312775251131,0.21326073483579197,0.5183666579924112,0.17176947941928558
0.34114834177542336,0.3047728670640001,0.03197820682386921,0.32210058433670724
0.6045096733931878,0.16339167079286449,0.09218804128610478,0.1399106145278428
0.04335764478727659,0.440865507887556,0.06442285070385273,0.4513539966213147
0.48988239424881996,0.04918321240989381,0.4219334943974477,0.03900089894383864
0.5508103497901,0.19861672254783524,0.04750541855067449,0.20306750911139027
0.21391809163415765,0.3111593509678961,0.23643127692549104,0.2384912804724552
0.048545615024048604,0.35124301038931954,0.4967355508113311,0.1034758237753008
0.42791803828226593,0.18158785803894759,0.1378677073581691,0.2526263963206173
0.4442938214936289,0.1777251070086433,0.264783117783696,0.11319795371403178
0.8703111199813157,0.10365783837834282,0.022459164334248653,0.0035718773060928813
0.7609409389811503,0.11303935119091865,0.07769946304114493,0.04832024678678604
0.3301050528270787,0.016194410787055587,0.33700111285193735,0.3166994235339283
0.6445640427462559,0.022907163287650648,0.2683675085525904,0.06416128541350312
0.26126908468568705,0.05482315046186994,0.13903960720584968,0.5448681576465935
0.5819973151734177,0.15750817486847235,0.10294196000256746,0.15755254995554252
0.6122193599543407,0.06796469280725508,0.08612307856121285,0.2336928686771913
0.4757402725031404,0.02214907221898186,0.17404484186430796,0.32806581341356983
0.36974738918797273,0.15782365129241194,0.019656624437412826,0.4527723350822026
0.25219005741895734,0.30709671051054743,0.16389578265975144,0.2768174494107438
0.5746990294052348,0.09448281382507846,0.20380345669297473,0.12701470007671203
0.5827288836105167,0.06615179700880083,0.1937364106732961,0.15738290870738644
0.05172667868329716,0.29367032087868966,0.46015479245673885,0.19444820798127452
0.07779109203778574,0.07880370836468055,0.7271034385280415,0.1163017610694922
0.32870256216138805,0.14445900921791233,0.06313120254453672,0.4637072260761627
0.5301344109958825,0.29815865529329333,0.10794006345432498,0.06376687025649928
0.11149959087512887,0.10410419894949835,0.024414667802576027,0.7599815423727968
0.33342205780076145,0.27415629715042134,0.27823284848536384,0.11418879656345331
0.6200011578404703,0.1267906202937143,0.13535924291799686,0.11784897894781861
0.2037803379110737,0.027320257716206303,0.1201646963745217,0.6487347079981984
0.17345206652272346,0.7202560608556572,0.08199255933843681,0.02429931328318263
0.01871609998431152,0.0865918690990639,0.47254863799924773,0.4221433929173768
0.20190792840984698,0.019744324741200286,0.38442667196766445,0.39392107488128825
0.3132960309333273,0.01713283368893516,0.1857507932892855,0.48382034208845204
0.18533732251848334,0.24789622084746887,0.31512310353413964,0.25164335309990815
0.19303082245667214,0.11868845293493444,0.2232704460832423,0.46501027852515103
0.2973484559340929,0.020564704065858423,0.2522865456114523,0.42980029438859635
0.3149015658187751,0.3368005752841524,0.0019068781397371902,0.3463909807573352
0.3210158376076442,0.21145047956319682,0.18582104194270788,0.281712640886451
0.2619011130345129,0.6319279219993462,0.057900901091613825,0.04827006387452712
0.20543831386164324,0.27127944730211084,0.19357287328811906,0.32970936554812685
0.0033078435565291374,0.7158687900061739,0.181041829453108,0.09978153698418896
0.10465700519969534,0.5905779463141633,0.26509998713054617,0.03966506135559519
0.13378533008768825,0.35069951353245843,0.3873193255858291,0.12819583079402405
0.23020533537873814,0.37432901980249916,0.250159119123344,0.14530652569541874
0.00145824888398292,0.5006647270253657,0.1947416581551067,0.3031353659355447
0.39293883280765973,0.3773745291427905,0.0388541531470686,0.19083248490248106
0.3527474123562096,0.4582310474714682,0.1781905925927588,0.010830947579563396
0.44777304648915695,0.02874480883878401,0.42406838256701684,0.09941376210504228
0.11662944806469974,0.24640118452697246,0.3944438314319802,0.24252553597634763
0.16304142844138472,0.023831736179492167,0.7037715559836709,0.10935527939545216
0.11642839101105554,0.48527377839314884,0.13466810172822516,0.2636297288675704
0.3105804227470466,0.27209917769681874,0.23346344511139247,0.18385695444474223
0.2663796242797858,0.13586289799061077,0.041023895368738676,0.5567335823608646
0.2519562917822853,0.12061936126946805,0.2564660858784355,0.3709582610698112
0.10811808870406751,0.029638849996244058,0.49648312427349345,0.36575993702619486
0.4836617419632848,0.10545351505946572,0.24821744475575114,0.16266729822149822
0.6673535657262055,0.026361899072037842,0.20503761669011333,0.10124691851164332
0.5392609865478813,0.05918420365261303,0.10142559371592205,0.3001292160835835
0.6292723520815665,0.10681320184381071,0.19096290470736832,0.07295154136725429
0.22003160943180686,0.26187737914574954,0.012727468355884461,0.5053635430665591
0.5255949708229781,0.3813902464597588,0.08257728761047771,0.010437495106785422
0.4060392859694644,0.10034601811251777,0.015463205115784301,0.4781514908022334
0.5584320849939792,0.009202819616639773,0.31632486982115415,0.11604022556822677
0.05066800802251287,0.41007776785479894,0.07786474417177636,0.4613894799509119
0.5358341681810905,0.13202311242250533,0.030112241852551878,0.3020304775438522
0.03162673394911826,0.229622734822448,0.5704069140156072,0.16834361721282667
0.1778935628925268,0.22119707568633573,0.22769439657958757,0.3732149648415498
0.1283377936278038,0.10742717670661067,0.7393808161595058,0.02485421350607975
0.4194622006583389,0.36664357554560456,0.06569023890285933,0.14820398489319728
0.09719467038394372,0.24944201687574072,0.2910529424208606,0.3623103703194551
0.33355943938471055,0.3043912889477665,0.27448318843610164,0.08756608323142123
0.15296784104963337,0.5086798174433309,0.044146590701578885,0.2942057508054567
0.21084616093577893,0.2526536053823203,0.40642569556493385,0.13007453811696706
0.0260271200303012,0.20155519307107417,0.3176227328012659,0.4547949540973587
0.43054378409021116,0.01833388292367096,0.5224230202076091,0.0286993127785088
0.42596614668799654,0.427233374158045,0.13519320670281942,0.011607272451139015
0.05060027954079924,0.14730005499979096,0.7366706206243391,0.0654290448350707
0.34141322637861277,0.13209593501006292,0.48868532667962883,0.03780551193169536
0.2835140316565792,0.2411865534800164,0.11409969347207885,0.36119972139132567
0.06703440899209173,0.039449770612669986,0.5127464586412768,0.3807693617539616
0.1418496987136803,0.035072609191503484,0.32172411993271977,0.5013535721620963
0.20757461321331389,0.23696629351871076,0.4274125327266211,0.12804656054135435
0.3411621773290045,0.16212908532663511,0.3145187281051562,0.18219000923920436
0.34068079290615555,0.17546324335662525,0.10550544983651358,0.37835051390070545
0.25666996301665695,0.07780618397249897,0.5274103945178085,0.13811345849303544
0.12842740099618888,0.0012629107830199474,0.26045671561648037,0.6098529726043108
0.03721314011475859,0.3203568793186693,0.19178750013804705,0.450642480428525
0.006129269935979015,0.2648353750382537,0.3826076037012682,0.34642775132449916
0.2592339546713888,0.14624136473258104,0.2575375658311957,0.3369871147648345
0.2871403142241853,0.26534915493340566,0.08709951368879099,0.3604110171536181
0.08428837225862515,0.5223566483881037,0.00945445931869381,0.3839005200345774
0.05748426413367151,0.6852248248624471,0.012011554121860538,0.24527935688202085
0.07564032267548201,0.7880086835722153,0.03588148383414636,0.10046950991815648
0.37974064172691346,0.17984378159987438,0.28737807855602654,0.15303749811718548
0.06061701943385537,0.6363292801627245,0.28532321369924096,0.017730486704179142
0.08680288533998408,0.08210826282608198,0.6873584318835512,0.14373041995038283
0.4417879763560733,0.40029459434722126,0.13158994428146387,0.026327485015241476
0.24755464573300737,0.410662307246601,0.054012714503496415,0.28777033251689527
0.26591631718248643,0.17131717237981423,0.42183106504591983,0.14093544539177957
0.015905903128277814,0.07416111703442244,0.25422291358516586,0.6557100662521339
0.08998530817956668,0.3946516965485398,0.45159346611787393,0.0637695291540197
0.19192000011125396,0.3169828831507832,0.37920248172499477,0.11189463501296805
0.42934807687138543,0.01929760612615547,0.5061724564280157,0.04518186057444325
0.3697449950970298,0.18854697327928777,0.4249874786795801,0.016720552944102386
0.19879800648625,0.1283676412147808,0.12359215309898844,0.549242199199981
0.13384114138773512,0.1374360947731006,0.03361929700995287,0.6951034668292115
0.016191849779263762,0.2832490894756662,0.39266383202701993,0.30789522871805014
0.046428962281508904,0.16014317257569538,0.006218803046060549,0.7872090620967351
0.3326090585528115,0.10192666985815366,0.49156763061245556,0.0738966409765794
0.6019807452744081,0.011473377241799924,0.1720204683087145,0.2145254091750775
0.01572998818201802,0.16044662594745088,0.255987566379948,0.567835819490583
0.17403016087759574,0.20903975579910355,0.19481251202366537,0.42211757129963534
0.22044123576392816,0.5570177109865807,0.16841057715539842,0.0541304760940925
0.10360931540308732,0.21799588362352282,0.47091380989477094,0.207480991078619
0.14136609415934592,0.3569684025751179,0.06023544458309613,0.44143005868244023
0.02665132550848198,0.6984804712206746,0.20411778030389352,0.07075042296694994
0.045089670733691745,0.49993994265198227,0.07928540833041776,0.3756849782839082
0.384635831499461,0.07446477197295368,0.14894337564375537,0.3919560208838301
0.462504855634985,0.384952003155939,0.04643963795818911,0.10610350325088702
0.021888663039928823,0.020707904360988343,0.754146527891526,0.20325690470755678
0.1593591560591143,0.6475469823090666,0.02183051187455953,0.17126334975725954
0.31251131175224095,0.3008583095398193,0.2302375249251202,0.15639285378281956
0.15286719003161156,0.5471038760647091,0.001056258845344284,0.2989726750583349
0.25280576188229026,0.38494548470619755,0.02422455970774295,0.33802419370376924
0.11907314037389888,0.4083015352742492,0.12087415867510572,0.3517511656767463
0.4276450321257078,0.14509549975158426,0.07677511844137193,0.3504843496813359
0.7215570196856066,0.06565852845185415,0.005250799691547531,0.20753365217099165
0.5251886531340714,0.10702702259650955,0.23150589317818324,0.13627843109123586
0.624945661463834,0.14761198125645786,0.0861357628378913,0.14130659444181665
0.4166969148821319,0.009688606920023842,0.4754487600223039,0.09816571817554022
0.11953317207075537,0.3234247500319418,0.3866909399823551,0.17035113791494785
0.3568749281463893,0.16119116522758975,0.46186046752509596,0.020073439100924965
0.026883661530081357,0.2646933564732917,0.2773937566104736,0.43102922538615335
0.5864248762942591,0.15648360658002866,0.24369162989125098,0.013399887234461172
0.21275465988089667,0.2231924218213013,0.24887352791670064,0.31517939038110154
0.365504284456178,0.4659288925027095,0.06634757504801396,0.10221924799309864
0.37161363300323336,0.037388066919891993,0.3858887693095565,0.20510953076731805
0.140223522946546,0.2360341111176246,0.4260560842899012,0.1976862816459281
0.0005835673693302396,0.2816528357293896,0.5117574774826326,0.20600611941864772
0.3280448274444594,0.29538234012059994,0.08186936301885772,0.2947034694160831
0.09502401094756154,0.7162073083904494,0.050207224870958946,0.13856145579103016
0.4137488646591309,0.02101115119278334,0.10425992830610344,0.46098005584198226
0.0014049394781150714,0.024474963240287504,0.8145838898246092,0.1595362074569881
0.05987633329649154,0.028730460618314045,0.7676253177846282,0.14376788830056628
0.3449807541285717,0.2545353960980888,0.1220381258835003,0.2784457238898392
0.312660398465669,0.45656076418079355,0.0636102028560195,0.1671686344975178
0.05848139271952606,0.17209466298536727,0.5570246952495707,0.21239924904553595
0.7347176373315759,0.07443421195196395,0.0713489942143865,0.11949915650207361
0.18395616187733946,0.0013390152601020432,0.5196552650270954,0.29504955783546316
0.016396148197380944,0.049657709754316944,0.6014323738526999,0.3325137681956024
0.04856289121012996,0.2233089280586705,0.6870181033183904,0.04111007741280925
0.17506384814085293,0.13483203981924435,0.1260965304854607,0.564007581554442
0.5391993817392831,0.2545681888564551,0.13218399957222554,0.07404842983203624
0.08182644917116931,0.5741702921134636,0.2408610426309266,0.10314221608444066
0.04189338618943249,0.2439573052832278,0.6632907058739789,0.05085860265336093
0.24288085831145198,0.24075539020547523,0.33656537643176654,0.17979837505130628
0.23865429575040925,0.39500556238638596,0.22443190678570596,0.14190823507749883
0.12589827485990568,0.6829059977911289,0.11450885986737248,0.07668686748159294
0.005595280523059748,0.16735019549043584,0.7812979904743187,0.04575653351218572
0.1093407013578162,0.03322768820466712,0.42664151917029025,0.43079009126722634
0.2596946249947113,0.3349092391969691,0.16931488506802025,0.2360812507402993
0.0904779752804499,0.099290405428378,0.2643063053019816,0.5459253139891905
0.7031722258856428,0.22614683544708922,0.0389949267055903,0.03168601196167781
0.631692726848637,0.005748086714204458,0.20964677007241814,0.1529124163647405
0.24556857115116318,0.15154462052746756,0.09075216497902695,0.5121346433423424
0.19867749942224255,0.6384540612925844,0.0570382715730836,0.10583016771208942
0.40231047579830725,0.08466255441909691,0.18254726387964726,0.3304797059029486
0.16147492490948043,0.09437928017573681,0.2017609634333143,0.5423848314814685
0.0996774606548295,0.257191412390473,0.5897309609132991,0.05340016604139847
0.23446219143794828,0.2772707042698922,0.15132345904664168,0.33694364524551784
0.11373089650527474,0.21560724842825188,0.48890733744643045,0.18175451762004294
0.18615946923066828,0.5703087616868276,0.07536335196836963,0.16816841711413447
0.052680951007415364,0.3299094392956878,0.2081598376553888,0.409249772041508
0.30218069424222227,0.291715950694881,0.20599709086270554,0.2001062642001911
0.3871326769665607,0.007619137100123845,0.09403175602561918,0.5112164299076962
0.191243160925222,0.23726474521892452,0.12118172882288429,0.450310365032969
0.27631303949917696,0.041758055833860525,0.2213464964137595,0.46058240825320307
0.18512934617767132,0.4609641525522786,0.13629592981907576,0.2176105714509742
0.19553254014395363,0.3950500513707043,0.34717872180063014,0.06223868668471192
0.2613158671487367,0.5645511481379836,0.003411441396495306,0.17072154331678438
0.11557541922328629,0.18463414415644927,0.3757895907929849,0.32400084582727956
0.1575903895322752,0.09546768569246722,0.5409335830724755,0.2060083417027823
0.2600122251937515,0.3796628816223529,0.10494490180310474,0.25537999138079104
0.7143129627702629,0.1862557352608915,0.0676244057384115,0.03180689623043405
0.257202516593527,0.48720295233690475,0.14332198274359664,0.11227254832597158
0.11963225103199455,0.22620959977004637,0.172236677035751,0.48192147216220804
0.09528292395623429,0.19520080360586722,0.495888012784673,0.2136282596532255
0.21648572747750972,0.41666746968699925,0.34395143293881514,0.02289536989667604
0.11602407185803133,0.1640719834298697,0.27223231105400986,0.4476716336580891
0.03945513928896805,0.06401116596935744,0.25192690981996557,0.6446067849217091
0.17367405263491273,0.476584084533257,0.13008651957253495,0.21965534325929523
0.5757303908279748,0.0004244849800817565,0.0252410367343164,0.3986040874576272
0.13484190262878007,0.7134845486294452,0.12384046298534605,0.02783308575642874
0.1511297072934936,0.48245248609492103,0.34257284167438173,0.023844964937203735
0.1485107806289811,0.5455183273016504,0.028990401491793567,0.27698049057757484
0.353869955601246,0.002105662966324848,0.03685988960171825,0.6071644918307108
0.1850497533873215,0.641460549059791,0.11784358112142768,0.055646116431459856
0.14397505371881408,0.16606050187472962,0.5217681152947502,0.16819632911170607
0.3041879388956083,0.6217530076439247,0.03726279516852905,0.036796258291938
0.4109751772010747,0.16732634394054777,0.02727424273367784,0.3944242361246996
0.5136171535865331,0.10457891338657441,0.29226491125614124,0.08953902177075121
0.17030911291331066,0.09220319108238151,0.5668350375200086,0.1706526584842991
0.037535685140132696,0.19763193988883898,0.720308585199252,0.04452378977177616
0.2598303487114743,0.027914194966521477,0.6633916966196054,0.04886375970239873
0.8248698950256886,0.07220853607830562,0.0459606997829743,0.056960869113031394
0.529208136695521,0.0038031630784991772,0.35386830705472305,0.11312039317125677
0.10333065303212897,0.08463390019410734,0.7126824109381067,0.09935303583565705
0.1319135244417834,0.07530725013815354,0.37738927610456785,0.4153899493154952
0.41630497583870524,0.21078754369869593,0.36769709746544155,0.00521038299715729
0.2972738435642529,0.48321532012612717,0.16478725270342687,0.05472358360619304
0.3563502549159294,0.07392225257593409,0.12971512774637417,0.44001236476176225
0.7029967804166204,0.14234060400661702,0.12699082615917312,0.027671789417589382
0.14562580749666001,0.5017510392531831,0.17838267082992856,0.17424048242022835
0.021922241216214514,0.6391551453404888,0.054498038663167596,0.28442457478012917
0.2999320020627752,0.034604186938348165,0.042013447930620056,0.6234503630682567
0.14583876597354142,0.17260374361296105,0.48319846463928445,0.19835902577421294
0.30500147290654556,0.15143736733091254,0.47542300461823833,0.06813815514430356
0.5709450770752711,0.07984840909098767,0.03623773313267608,0.3129687807010653
0.010396970488916127,0.36230524911098655,0.12051710769097691,0.5067806727091204
0.5126615936772428,0.20431415700673772,0.12960937979556367,0.15341486952045566
0.24881931688560213,0.40656280127215094,0.20324262368786358,0.1413752581543833
0.14809929572793584,0.3237123714294062,0.05664460994521325,0.47154372289744484
0.27658128780063973,0.09001962964473252,0.3098331900563695,0.32356589249825835
0.26681677538981036,0.3105659810398148,0.34602087638834494,0.07659636718202979
0.49953516516250096,0.22703119136757866,0.1513129826822793,0.12212066078764111
0.07433470607553291,0.02942073554214894,0.3276102973766433,0.5686342610056748
0.166043446079726,0.5133112910633479,0.21484131543175333,0.10580394742517285
0.055795481684760784,0.6101011077546957,0.03451157875095077,0.29959183180959287
0.21691552090674734,0.6179411046088884,0.028349625384794387,0.1367937490995699
0.024841013247938817,0.8017194337348832,0.12448180163529528,0.048957751381882735
0.46597636395072217,0.06242656954341882,0.08197710025848604,0.38961996624737305
0.06506222092407032,0.512450763664215,0.13343246803155695,0.2890545473801578
0.07422822035426935,0.6713878455371459,0.1710427813177954,0.08334115279078927
0.06590620047983801,0.1250521575527513,0.030156587623753468,0.7788850543436573
0.46500950989033374,0.36695157972920084,0.13106903150896307,0.03696987887150254
0.24853809117834838,0.42218443659234667,0.25024619275341753,0.07903127947588746
0.29586142628456846,0.5297741467714729,0.13427174504603906,0.040092681897919584
0.13161412494918837,0.5278387799637626,0.31985863727951686,0.02068845780753213
0.8103489387591333,0.015004648384348878,0.07253384404687852,0.10211256880963916
0.4973051644753781,0.23831001846203614,0.24328783181010913,0.021096985252476632
0.003367436035956151,0.7192968410557492,0.20762530857186087,0.06971041433643366
0.20497452798201182,0.006769809605704516,0.1397690950902087,0.6484865673220751
0.17012357101530953,0.2766497008473851,0.3618902722562915,0.19133645588101386
0.09527428200018398,0.1489347719126379,0.16480202177852868,0.5909889243086495
0.30059741300279885,0.13980580022915115,0.49433458340576264,0.06526220336228744
0.19138424078520996,0.21790604819145704,0.14878860590293103,0.441921105120402
0.07270658059967337,0.07300721386115959,0.8294774946266824,0.024808710912484766
0.428268462052708,0.3205196321838266,0.07974219010879177,0.17146971565467342
0.2599802359176713,0.19925402038388798,0.32381848425500426,0.21694725944343649
0.00896704664424968,0.4866066839947173,0.01580110316623879,0.48862516619479424
0.40611422504851913,0.20639951957077987,0.053784154636122544,0.33370210074457846
0.819977594009384,0.011842473910454718,0.15110753701378735,0.017072395066373904
0.2180029348111636,0.31048132288653024,0.0670847220162701,0.4044310202860361
0.3623110084840317,0.27174317991321034,0.13314888345357276,0.23279692814918512
0.0761436704122005,0.413713771836934,0.16311706407561177,0.3470254936752537
0.30030860514759095,0.23048825761496905,0.4618681967488699,0.007334940488570086
0.21798252747498723,0.6310780050266103,0.14369308909902254,0.007246378399379956
0.3534790006590588,0.17495027328982668,0.025425755043139056,0.44614497100797557
0.45861781518645034,0.0297819411264798,0.4546572976599354,0.05694294602713439
0.09113803635407028,0.31316913696637316,0.5547666004335081,0.04092622624604863
0.015562720142468414,0.016583002188318197,0.8285235907510614,0.13933068691815206
0.16615530345118715,0.045290819976850354,0.1170785531830788,0.6714753233888838
0.17621626623733666,0.01081377336214385,0.3021701779667254,0.5107997824337941
0.19933840895169438,0.4698675368853998,0.04691251598756083,0.2838815381753451
0.017854063390242796,0.325366003422487,0.30165588448070774,0.35512404870656245
0.01778037537737792,0.28524905606363904,0.25434873782392936,0.44262183073505357
0.1424489177237665,0.5120118183776874,0.1891538956069667,0.15638536829157934
0.09768472945857327,0.5691007715259848,0.040171737037233035,0.2930427619782089
0.04722849116333357,0.3065404462077989,0.28104940925937216,0.36518165336949543
0.041435590518705656,0.42963376021657107,0.044050118545352325,0.48488053071937104
0.10306527250330394,0.1927487556219847,0.4979791470531476,0.20620682482156377
0.3126998201885554,0.34107067531227975,0.07892045635253406,0.26730904814663076
0.20160006594117705,0.3854816739604393,0.30884497380067,0.10407328629771354
0.3646203397468405,0.058886148575733266,0.44603304170901387,0.13046046996841257
0.11840945404169415,0.24586674738281974,0.316045485063127,0.31967831351235915
0.2222231938149218,0.2449438093147757,0.2797112070477914,0.25312178982251116
0.01976933104008283,0.2336045467176344,0.46450625238905024,0.2821198698532327
0.44460439920363876,0.0006990562132800072,0.06921561522921366,0.4854809293538675
0.36103756313995106,0.43935221915059036,0.09727035924733596,0.10233985846212271
0.24515107619892906,0.22231690821673517,0.1406152869621752,0.39191672862216065
0.23552448000121534,0.48541981736378753,0.2771934386420632,0.0018622639929339025
0.6318801902036919,0.03949768927292859,0.3112359011079674,0.017386219415412067
0.2584231114674298,0.1617567893535423,0.4046520174622752,0.17516808171675288
0.5320149704154432,0.051197555902739625,0.2184174003339946,0.19837007334782242
0.04254217552903609,0.016553305438307176,0.12375150218814332,0.8171530168445135
0.4677929096044982,0.22455557339219545,0.05090092735081681,0.2567505896524896
0.3869925768944385,0.16469182007600058,0.06289523154988294,0.38542037147967806
0.004842026550450123,0.6584019137750896,0.16168344217472866,0.1750726174997316
0.06415392152378188,0.10052818115787238,0.3307650023128688,0.5045528950054771
0.11362463093834003,0.11921530459900136,0.4331971564851053,0.33396290797755324
0.47917928219234307,0.09537545893064184,0.31180387471065846,0.11364138416635665
0.393427457862741,0.0036408416466505076,0.12108212374696606,0.4818495767436425
0.43155258341587277,0.4240772298799702,0.046446862563000485,0.09792332414115659
0.2114791618503138,0.034125213430714486,0.3986839125124689,0.3557117122065028
0.2656873329193122,0.22336970599303974,0.291702541674238,0.21924041941341024
0.45916779028767346,0.2321043942630118,0.009440899599039775,0.2992869158502749
0.0550001974381398,0.48572287689169813,0.01392232944015998,0.4453545962300021
0.199505538954405,0.30539333589024203,0.10262657384852072,0.39247455130683223
0.17440396658463797,0.48388098410162245,0.2536619688733101,0.08805308044042952
0.529408213100821,0.2284728461965216,0.035252021291812284,0.20686691941084517
0.38704300167213035,0.19484176090080052,0.3082593200597169,0.10985591736735206
0.1512459844645287,0.16138467199816509,0.00842429449639666,0.6789450490409096
0.4769591203775741,0.12121160343901681,0.15706806612131602,0.2447612100620931
0.12780192398980267,0.0549581778399382,0.8072988711920188,0.009941026978240303
0.0712713890436935,0.586840577227343,0.0992946863709367,0.24259334735802673
0.817045627035566,0.06744692528442024,0.044908387218950886,0.07059906046106283
0.24873159062314795,0.255741098033051,0.2365134531356513,0.25901385820814965
0.05681096799301852,0.4271966402249073,0.006785822581885723,0.5092065692001885
0.12128261654513957,0.13782644915720516,0.5825638571907861,0.1583270771068691
0.4286736031716903,0.3089181120589359,0.04974554986564982,0.21266273490372414
0.2619341153280943,0.44741490804333534,0.006012966766355692,0.2846380098622145
0.03801870970620408,0.3931742253017147,0.47165859414136774,0.09714847085071349
0.2586192730066464,0.10390498673462377,0.07646518400966543,0.5610105562490645
0.07600312657154042,0.03708132298046696,0.1686717341780941,0.7182438162698984
0.49490977981319684,0.10316447454227914,0.2949684962190319,0.10695724942549223
0.1966813066758273,0.7138021838691373,0.007236584331931956,0.08227992512310363
0.13731926322215457,0.18988350648567973,0.3292658634820588,0.343531366810107
0.5201870161445828,0.22730693366008034,0.10738742357163727,0.14511862662369962
0.027797104521623615,0.6397770351017973,0.3014010737210005,0.031024786655578597
0.23874681354133656,0.16527376534925736,0.3702298585441309,0.2257495625652752
0.30165033543054853,0.6600737630154011,0.021821813378507984,0.01645408817554228
0.19160405888621662,0.4750066367989263,0.3061960345697773,0.02719326974507981
0.04439737493649046,0.180427134231814,0.7445507569997856,0.03062473383190994
0.1537334936168489,0.22403708623513496,0.605404778831873,0.016824641316143155
0.25370797855638083,0.23699847895906814,0.3182892213226002,0.19100432116195082
0.35908587914478207,0.3075380325458425,0.039801194749729,0.29357489355964655
0.0023845913410211026,0.11644314792578675,0.7634451486953624,0.11772711203782986
0.3504886260077884,0.29538520643378974,0.12940619137083345,0.22471997618758827
0.11590105305235163,0.12946514693935712,0.09111073786482822,0.6635230621434631
0.43515918716005647,0.3251754514255867,0.023388024045477504,0.21627733736887933
0.19331164635825612,0.005916920697220559,0.7356531861517885,0.0651182467927347
0.28563674144031803,0.05019615687953027,0.2735707880687946,0.3905963136113573
0.2668514972898175,0.024931215579221115,0.5461568688208759,0.16206041831008539
0.4316740868336674,0.3057342756020214,0.2548460788126829,0.007745558751628091
0.8513428026747186,0.048111805355155995,0.09581587011891227,0.004729521851213195
0.1903218175921997,0.31610472055631195,0.22788179887485566,0.26569166297663277
0.044444887795560176,0.30467587411068064,0.557227569831469,0.09365166826229017
0.1683162791823061,0.3350824678741112,0.42539615753879384,0.07120509540478888
0.11602600101710638,0.15428730509175723,0.16302532122683086,0.5666613726643056
0.673741218385022,0.09256687347797618,0.0441147132734608,0.18957719486354105
0.010179829859048488,0.27673656204476066,0.4642142580670953,0.24886935002909558
0.25931086045427315,0.28740809419243657,0.3156204981111129,0.13766054724217744
0.21295396334461134,0.20626718046561984,0.4190640515656654,0.16171480462410345
0.016291334187816444,0.5377400474726888,0.19241666979323757,0.2535519485462572
0.22355127218541537,0.07930245328937383,0.30060385763468583,0.3965424168905249
0.19219249864061577,0.26867329727336753,0.2558851126449793,0.2832490914410373
0.19858477575011835,0.1018476391050018,0.222758981257894,0.47680860388698576
0.22783809028262136,0.4379808709311967,0.13903992161501869,0.1951411171711633
0.13806387234490788,0.33691106485017785,0.2982841724480878,0.2267408903568262
0.09681237826110282,0.3896318278684933,0.13256991611273802,0.3809858777576658
0.19022405975730852,0.15103055367893678,0.38667588162797684,0.2720695049357779
0.09099789247044503,0.8336101379185943,0.03737567001263335,0.03801629959832743
0.31482171519962715,0.4807198814573504,0.00162083388331783,0.2028375694597045
0.18746659862467133,0.06696165534856971,0.2922038302379639,0.45336791578879493
0.2878241554664307,0.2462286835484114,0.0699271985854961,0.39601996239966186
0.0849054069008474,0.2592566316625371,0.14263539104001996,0.5132025703965956
0.03727793753511403,0.3868628469765042,0.4365522422182683,0.13930697327011346
0.5840211429597244,0.18234555332057772,0.232933011408603,0.0007002923110948268
0.6866260786619662,0.11593404159070272,0.09098143820068597,0.10645844154664519
0.3029156628103739,0.02236461417592022,0.20967936890700264,0.46504035410670325
0.05306829716827239,0.21670514525225848,0.5089171899495077,0.22130936762996123
0.03152536125117555,0.7725747543897321,0.09900507972948096,0.09689480462961143
0.21024539393453423,0.33483078213149053,0.25080961486457287,0.20411420906940245
0.5045767922059002,0.296887763651357,0.16765974524943197,0.030875698893310807
0.13411682680443773,0.2331586920263551,0.14067434161494963,0.4920501395542574
0.1944545019251514,0.3294243928741107,0.42219698750933987,0.05392411769139803
0.3725092463743199,0.35565513398244436,0.10596388914865765,0.16587173049457812
0.776458252014978,0.1874748995651949,0.03446657480617317,0.0016002736136540784
0.1463563846362941,0.3043352393566485,0.5395325549764429,0.009775821030614477
0.1484820899610607,0.2946405195478336,0.11342847716393287,0.4434489133271729
0.12359439134163576,0.618944852938625,0.20712143259816646,0.050339323121572764
0.19502708943942879,0.3800842796021069,0.1068935743316729,0.31799505662679145
0.5241904099417701,0.006373634794751118,0.028770581567093823,0.4406653736963849
0.27540993814448195,0.20246325108792335,0.4728735830838308,0.049253227683763875
0.2946234235883101,0.554141236515544,0.03840607214454544,0.11282926775160045
0.14676968804242108,0.2028579817304444,0.2288681857589869,0.42150414446814777
0.26717145536771186,0.13230154949548162,0.16721451124732148,0.4333124838894851
0.02086525221691074,0.4799253997163061,0.4603001174044293,0.03890923066235381
0.016856799105962775,0.1799466054897943,0.5971608617409465,0.20603573366329636
0.2409017299058903,0.47729085949969147,0.19344050786363354,0.08836690273078472
0.6504106537710613,0.012009465407158781,0.011006812987256434,0.32657306783452356
0.027946532304326917,0.5826947549485354,0.3859699690235498,0.0033887437235879583
0.4745704205143748,0.13717885760648388,0.07125194089741202,0.31699878098172923
0.14375960969546345,0.14833971734628124,0.49343720643184663,0.21446346652640857
0.5318581932058195,0.17183428678762838,0.2492241494177827,0.047083370588769394
0.1995200982128223,0.03192288343831815,0.6493219875498526,0.11923503079900694
0.04210386664488025,0.028638744425892176,0.9127435614577115,0.016513827471516113
0.27888764149773565,0.18331165443493314,0.17624605900098997,0.3615546450663413
0.013717606100931777,0.2089373574378268,0.5021250705595587,0.2752199659016828
0.1377138570595256,0.37846944932322824,0.2734771728848578,0.21033952073238832
0.1400260190253749,0.012677307407786576,0.0887180678839994,0.758578605682839
0.29324991174828774,0.03456834967774957,0.04412782670885972,0.6280539118651031
0.07040250915725986,0.2454147073340311,0.5486717427067778,0.13551104080193135
0.03852408801605217,0.17108120024918352,0.6874684807240963,0.10292623101066806
0.1508944575560571,0.5879880110541877,0.2396410844997795,0.021476446889975596
0.04656370198978424,0.007511068739958484,0.8013893698971298,0.14453585937312735
0.22484826259369134,0.18153056845206308,0.2525551831998808,0.34106598575436486
0.479168398029069,0.048389571290276816,0.4294368501924689,0.04300518048818531
0.3519261046142663,0.5730874040707651,0.06188241198074259,0.013104079334226047
0.7214020339340721,0.158422374568652,0.019367765786015376,0.10080782571126073
0.33232095699670605,0.14057381546638123,0.07029754607246222,0.4568076814644505
0.415952167466746,0.014495071752166667,0.4299477524084097,0.1396050083726776
0.11545980262776769,0.07326817455076665,0.6873910710951363,0.12388095172632935
0.26992841825457786,0.001312253538860358,0.4754510640182915,0.2533082641882702
0.5813423140575598,0.056833110992494607,0.18882872579656165,0.17299584915338387
0.6104511111638212,0.08207104534895672,0.2185100204873584,0.0889678229998635
0.014118010412011958,0.724010902692855,0.23025538808613574,0.031615698808997325
0.2853607875265435,0.4147296493736912,0.07963329619994723,0.22027626689981783
0.4990667239985325,0.07002389156665034,0.41741134475857455,0.013498039676242628
0.006318700032590684,0.2647260921274554,0.22881278140909725,0.5001424264308565
0.2086545943989229,0.06946482349470524,0.027294537392821856,0.6945860447135499
0.125815690427684,0.08599674549394405,0.2492827932210766,0.5389047708572954
0.12042995068655946,0.10329976341202961,0.5500963438145212,0.2261739420868895
0.004600755226274387,0.7022088318794191,0.06525838935554541,0.22793202353876107
0.21338262068147962,0.0388522425311754,0.7042286051113112,0.04353653167603374
0.02496614056817962,0.15916932580275037,0.686959514123236,0.12890501950583413
0.403900482298071,0.09157530716808086,0.0016168075488963217,0.502907402984952
0.07812938121113418,0.4969080048237239,0.37843480624132997,0.04652780772381208
0.1573825066551179,0.07700368428284579,0.18714466161549173,0.5784691474465445
0.03995497836310407,0.09691612981696465,0.034159307973191964,0.8289695838467392
0.6512932666288105,0.1685742538922734,0.010906516720136355,0.16922596275877966
0.43378347996915506,0.46841556085494906,0.05503103521138372,0.042769923964512124
0.55990819568717,0.12782699660164865,0.03254869332499776,0.2797161143861836
0.24610061818250256,0.43127536273544154,0.20958356860381827,0.1130404504782377
0.34237625615616896,0.5569859830700338,0.038996881856920386,0.06164087891687684
0.33978959618945,0.5645136749581786,0.03433449745764625,0.061362231394725165
0.05694506407664066,0.2607188944516222,0.4735638997267883,0.20877214174494865
0.41341857584344377,0.08636463693904356,0.3186553254132633,0.18156146180424926
0.3145491000030984,0.4634015122665674,0.21627639360934622,0.005772994120987918
0.37542799041904723,0.0897153079732857,0.023168163377425294,0.5116885382302416
0.03887064659012595,0.018115746164454122,0.07425830446635742,0.8687553027790625
0.12255973310742793,0.27051245912759714,0.32962349932289975,0.27730430844207515
0.05637753165748346,0.6016000230298878,0.14383048198839837,0.19819196332423036
0.3322379816373181,0.10495134240611848,0.4149484826092582,0.14786219334730508
0.14387399514999163,0.18639451771842508,0.3568653481799542,0.31286613895162896
0.10775800939568099,0.4394476133469279,0.35177052147665433,0.10102385578073671
0.09049033244534964,0.2460199100074086,0.44936701388253225,0.21412274366470951
0.35693845913676314,0.11135598992420082,0.5234960474687106,0.00820950347032551
0.040614384103388086,0.49129937043315114,0.16305514913866237,0.3050310963247985
0.5365159146403168,0.4233044904701232,0.014604785481853887,0.025574809407706206
0.21947446816261937,0.23971199739287938,0.4820805876980443,0.05873294674645685
0.09970876401595036,0.5093867745044327,0.08244494399781288,0.30845951748180417
0.2637167940365919,0.47343361033370773,0.18471585381063385,0.07813374181906668
0.3228961511909383,0.04753830792590413,0.2027907699422656,0.4267747709408919
0.43955579917493665,0.15034065716613595,0.10058040352025661,0.30952314013867077
0.5485590023939104,0.029931187722569117,0.3531317865384812,0.06837802334503909
0.1569500754248145,0.5079001063908951,0.10031138281950619,0.23483843536478413
0.20092544101519694,0.3350517504342031,0.12706772547718548,0.33695508307341443
0.4852574492349229,0.04093991339375947,0.3681660023341124,0.10563663503720518
0.013925313121020223,0.6743418373535242,0.12086775362210929,0.1908650959033465
0.45057501263678046,0.21941121639444724,0.22212900771461258,0.10788476325415966
0.6354476574051339,0.07834436653690735,0.1936597567821682,0.09254821927579042
0.07140217822129888,0.38697930873204933,0.086092614370373,0.4555258986762788
0.48649148277579446,0.18307142713094382,0.2440246413658646,0.08641244872739716
0.6578964486021844,0.05700927177396318,0.05702967727185038,0.22806460235200204
0.3815886394517739,0.023217128057618292,0.20893211725765737,0.3862621152329506
0.23596233464870398,0.025428370694328097,0.16748346939600983,0.571125825260958
0.125555924528024,0.1554796842981753,0.36097828191286657,0.35798610926093416
0.018498304464827822,0.29120934895651474,0.5301622397845184,0.16013010679413894
0.1944627947963282,0.4819796943347705,0.08600120240441485,0.23755630846448642
0.5394020770136331,0.04246141385894829,0.07812497896819201,0.34001153015922664
0.058024058377207165,0.08869376459507314,0.5525111298071563,0.3007710472205633
0.21760050946224477,0.20929366755380688,0.07304297539859017,0.5000628475853581
0.31162743386681246,0.44928665017030434,0.1422498949694115,0.09683602099347166
0.15629553916658293,0.1520880821286107,0.04765500200835871,0.6439613766964477
0.14245980452496843,0.051370221361413615,0.546514037550711,0.2596559365629069
0.17372250437150277,0.7562256468347496,0.02059499051955605,0.04945685827419164
0.019723775902376672,0.18163404554846957,0.7175898844584775,0.08105229409067627
0.5509004130269307,0.1601780656168426,0.0932353838656591,0.19568613749056749
0.38362853166478555,0.22540497464993947,0.22302433334184055,0.1679421603434344
0.05555294451685214,0.07804190819537798,0.04394038880763395,0.822464758480136
0.31233218730277584,0.08807602482853294,0.4981597937414247,0.1014319941272664
0.060135580596084086,0.21070207858054962,0.12847312661948446,0.6006892142038818
0.10140494447831824,0.5082744448977906,0.19330426444622062,0.19701634617767042
0.27622632845125095,0.6578171158571986,0.06184556628897981,0.004110989402570659
0.02626344014845979,0.47496116656696663,0.3288847965026779,0.16989059678189572
0.4076789312323642,0.009776944298009247,0.37335457462837196,0.20918954984125457
0.2975198443046039,0.27899339283262137,0.30657322452232943,0.11691353834044535
0.35105647817054797,0.2099258255465307,0.2747017350378471,0.16431596124507436
0.2059328328758605,0.07768648620314143,0.0325820769456478,0.6837986039753502
0.600192156678325,0.1499429152922363,0.10083173380809103,0.14903319422134742
0.108920355915073,0.1583402854569334,0.01333865243742371,0.7194007061905698
0.3578612529520965,0.4875831397567176,0.13661457250649553,0.017941034784690398
0.01851598457487247,0.24879049767392988,0.45344854743656626,0.2792449703146315
0.3765640552250056,0.05510749142363591,0.03084352728857334,0.5374849260627851
0.20021708295052848,0.6556103123670903,0.06629049569873181,0.07788210898364954
0.08928764488831531,0.43755693778057164,0.09077063887959654,0.38238477845151647
0.2940067398413237,0.029893162679010914,0.18457273861937862,0.4915273588602866
0.5182477070462893,0.07905494331616299,0.3229156531052091,0.07978169653233869
0.02398335607664536,0.19382775079337466,0.7707638528695833,0.01142504026039659
0.27703207108908173,0.39008975750302494,0.21527007861499073,0.11760809279290273
0.12354680688780677,0.2749924320882234,0.1583605846203738,0.4431001764035959
0.09158966930335415,0.28620017007249543,0.22054398328095398,0.4016661773431963
0.6730258869789666,0.11240954969405247,0.03529208299066688,0.1792724803363141
0.02725224114357969,0.24873726827696133,0.12141234008499577,0.6025981504944632
0.32996526190108655,0.2970955444414324,0.2723061801909529,0.10063301346652803
0.2755175349223396,0.4068749923838204,0.30780833089064014,0.009799141803199693
0.2657932993832354,0.38013001015408715,0.10996746585193994,0.24410922461073742
0.37827281633812426,0.0473439196884635,0.251587706417758,0.32279555755565403
0.12993805131861216,0.35088111015858453,0.2698704739738368,0.24931036454896652
0.5284555117827869,0.11852500416570654,0.2550731223592102,0.09794636169229633
0.5703972271694323,0.20675114706589875,0.003508004849036643,0.21934362091563236
0.21579430625186302,0.04720725070728564,0.4094170506240276,0.32758139241682366
0.33719054676888177,0.2707757536505547,0.38643926565260184,0.005594433927961731
0.44272610023524106,0.28360577670847786,0.2699678507145383,0.0037002723417427852
0.290370735177513,0.0922223107953509,0.4932712231559736,0.12413573087116249
0.009618808198136212,0.22937082819185686,0.6317245250536315,0.12928583855637543
0.272115115872488,0.09768342020600491,0.17018055443243515,0.46002090948907187
0.44899462426496384,0.011805906780378184,0.17963309624101198,0.359566372713646
0.5389321454490978,0.17862303723011905,0.036992891059926813,0.24545192626085638
0.07450492569970815,0.004921299312426674,0.8687921125677153,0.0517816624201498
0.11970575776325099,0.21580022537255797,0.11040176047747696,0.5540922563867141
0.5536681930242532,0.40751937544273914,0.02723496466410114,0.011577466868906367
0.2608940551122769,0.46049368458674733,0.08885137013462917,0.18976089016634648
0.15808260658193823,0.034404276582107006,0.7464311128664435,0.061082003969511266
0.10386146467282649,0.005845438870917075,0.7712777815143158,0.11901531494194069
0.07528410201621354,0.17983225312460743,0.1644570138423782,0.5804266310168009
0.151137115742045,0.30569023073735785,0.11930350555859431,0.4238691479620028
0.5733949335394309,0.0004379005739990355,0.0990018066074192,0.32716535927915086
0.28147708869143656,0.03838085359758427,0.4791619860236891,0.2009800716872902
0.026256222511051888,0.18391608427364178,0.6131217997118873,0.176705893503419
0.07592815117129656,0.14597360059754927,0.2076004094891801,0.570497838741974
0.20894906627746324,0.06672193451331646,0.3654917648796768,0.35883723432954356
0.13622060420347964,0.6212687839837812,0.07752869001201596,0.1649819218007233
0.7979692653635135,0.04863842540646578,0.03042473699446309,0.1229675722355575
0.05144427394809702,0.0029392688910799517,0.4233913658275547,0.5222250913332682
0.2948772688381375,0.2912110506241976,0.1359860830587124,0.27792559747895274
0.18015242175284726,0.5716185638578919,0.023566394663711673,0.22466261972554913
0.37931314806577066,0.13769572073910363,0.01939939023871215,0.46359174095641353
0.10121561188388874,0.18357388281925832,0.6569379422779943,0.058272563018858796
0.8733526185244272,0.08045119577906676,0.0004299033311663763,0.04576628236533954
0.003761288331304639,0.07834502362952972,0.7908937081225016,0.12699997991666417
0.012097872956685228,0.0748838906034688,0.6719894897879739,0.24102874665187196
0.48464517936752444,0.20136051017051212,0.044854287929257976,0.26914002253270547
0.3729926895969869,0.17032357019302327,0.4004342138471119,0.0562495263628779
0.7111870089348351,0.030230711916238676,0.09307398773355374,0.16550829141537232
0.3474022240727857,0.1709730801973666,0.06546132206759282,0.41616337366225487
0.5666657120964527,0.31421131567451344,0.02556821976598649,0.09355475246304734
0.12198999167914344,0.06698229585464434,0.6224934449677991,0.18853426749841304
0.6100314193921922,0.2666291341361913,0.11906340574523476,0.004276040726381806
0.1519570077441451,0.18376200836233278,0.6507251098231152,0.013555874070406907
0.6891385974915702,0.011062992352382109,0.2672981565211403,0.03250025363490714
0.19852117071779077,0.494779486437253,0.06993918294078284,0.23676015990417343
0.0212256318342393,0.12588593786739324,0.1394983804519437,0.7133900498464238
0.152240503742583,0.06744549781737151,0.4674090766843809,0.31290492175566464
0.09125026936696898,0.18672295284105192,0.1461707501020342,0.5758560276899448
0.562371705023236,0.20421285971092068,0.10782106589422587,0.12559436937161753
0.07309026231398226,0.026054696090691862,0.4961130809479792,0.40474196064734663
0.5226579717713137,0.44003457198149487,0.016220940084106416,0.021086516163084837
0.35069928447956056,0.025470362537512753,0.2969329969979537,0.32689735598497305
0.3468107803040101,0.4403997698443943,0.014280126538259821,0.19850932331333576
0.10266066623338063,0.1911604687117459,0.6042289719070805,0.10194989314779306
0.3550111150318598,0.14740362147061808,0.12982300678185016,0.3677622567156719
0.16509506199566537,0.37265536083591577,0.036614317770083095,0.42563525939833585
0.19553170416772309,0.23935792418361462,0.33871658543959693,0.2263937862090655
0.26057251213220806,0.2231185450015025,0.38679281619851286,0.12951612666777662
0.284677889338865,0.08552499616125217,0.6164930701509834,0.013304044348899296
0.6939304423025839,0.02452399617482333,0.09332524628602153,0.18822031523657123
0.4571689414180324,0.350565567328751,0.09915996447052275,0.09310552678269372
0.13985142671463907,0.4258429374816862,0.06993597784229429,0.36436965796138054
0.009979487229385381,0.3273579369906799,0.47101975034986526,0.19164282543006952
0.2707155735228108,0.4641874324209391,0.16116949001827385,0.10392750403797642
0.5658144909098768,0.2736422534628839,0.15574301938143886,0.004800236245800415
0.2856688686619654,0.1184224177860694,0.33607080635511444,0.2598379071968508
0.25410050190590056,0.07889155368679276,0.09093746056200833,0.5760704838452982
0.17437588729207362,0.14335054667970548,0.6052643077780675,0.07700925825015342
0.11698043608057973,0.12744055313799418,0.11879368767525225,0.6367853231061739
0.3066778566423302,0.3366701858992343,0.2841442188883928,0.07250773857004268
0.04705805178263603,0.32305182186910436,0.39439750531064466,0.23549262103761484
0.09946770338836677,0.29349454369825373,0.0076504065445967395,0.5993873463687827
0.2560523654584707,0.08328767116926462,0.45391786092780817,0.20674210244445654
0.5839837302082889,0.14944079287478784,0.027254381178150183,0.23932109573877322
0.2912358684075114,0.42783596742621954,0.26582789812880625,0.015100266037462878
0.018461376621568156,0.1358880573239166,0.644743845999613,0.2009067200549023
0.15004631660071338,0.057716158106526104,0.1860324549349893,0.6062050703577712
0.032576922117831954,0.3312396131193918,0.3332743188629776,0.3029091458997988
0.3882302231347714,0.31441312469745253,0.11652015039736306,0.18083650177041302
0.010740368575735411,0.14457062501075021,0.4269472337783404,0.4177417726351741
0.6153167062179072,0.31755458566746037,0.028801410097834636,0.03832729801679773
0.1473920931161655,0.6740978047621483,0.01069291368418721,0.1678171884374989
0.1452975218611964,0.26759507425508233,0.2288650025063229,0.35824240137739843
0.1543056870072346,0.1686168028640579,0.0746806291124698,0.6023968810162378
0.22397510991472971,0.5071494353151719,0.058967191095859385,0.209908263674239
0.048011312196193166,0.4271321146747972,0.2048131721792564,0.3200434009497532
0.36049242870203707,0.09607427127801695,0.49878656600053745,0.044646734019408676
0.1004506484992558,0.3609216908971856,0.14883882475857016,0.3897888358449884
0.08243802565529741,0.521297721139096,0.3778848953758223,0.018379357829784497
0.12384013391352003,0.23263314065895313,0.6369389171148158,0.006587808312711175
0.18055479085824785,0.43017363462245506,0.07628571454884768,0.3129858599704494
0.05178612927107455,0.003460890471561067,0.6151108136535184,0.32964216660384593
0.26871901658507974,0.2666632928286941,0.0707161746413406,0.39390151594488554
0.35490069431033533,0.21855978324692504,0.34484802032465167,0.08169150211808801
0.1000550919983429,0.6862157187304657,0.012567526498643355,0.20116166277254804
0.11101938950940901,0.2017863811645102,0.21898577239148764,0.46820845693459306
0.12215687692241615,0.21109105842469308,0.5563754755108655,0.11037658914202512
0.19152293243443158,0.27448998854939877,0.32508390690904604,0.20890317210712353
0.030086889317451366,0.21542605128519068,0.5073394398567757,0.24714761954058226
0.21398132604663656,0.26255574305798357,0.2279897333106995,0.2954731975846803
0.010027544348181802,0.6391220006190876,0.09135766854402273,0.2594927864887079
0.05596290212804202,0.7220421870752867,0.02260395562237736,0.1993909551742939
0.15467602864782498,0.48351574530184643,0.2922616119344808,0.0695466141158479
0.07352376551154265,0.6393441460283331,0.10093783780131574,0.1861942506588085
0.25168768861984964,0.20314288493775495,0.12162000595246442,0.42354942048993094
0.14224582704778646,0.3337905485494181,0.41580245038749514,0.10816117401530022
0.07938946982559898,0.32190834544769875,0.16634401990179698,0.4323581648249053
0.1124789105549307,0.7388806129944553,0.11094597206961705,0.03769450438099676
0.09443904945232061,0.41105249375851693,0.026569705353508728,0.46793875143565383
0.17962159266878144,0.008756385812916784,0.7820839788587324,0.02953804265956955
0.7793380805850966,0.09034208121502482,0.011186370182575438,0.11913346801730325
0.1583768090769859,0.6392686323142008,0.14717403747008173,0.055180521138731536
0.29273738484355133,0.17637687356998868,0.5304538420260078,0.00043189956045209567
0.05869641494257398,0.3174941621408051,0.2953722831113914,0.32843713980522965
0.12381266391598234,0.16350349171207762,0.1747292499849428,0.5379545943869973
0.02256860183290127,0.5026916714804606,0.057653608467780774,0.4170861182188575
0.026903609233369846,0.5129889710252354,0.08109828268402343,0.37900913705737127
0.26505998961823357,0.18359782974685337,0.05532421932227637,0.4960179613126365
0.4252266555640213,0.03756100780143124,0.30996039866466596,0.22725193796988155
0.2718877934275456,0.43437095925408686,0.23152432027568384,0.06221692704268376
0.05415579064248165,0.7414537736110651,0.19857073509671072,0.005819700649742539
0.13317143356327815,0.09633095810060816,0.435024270497415,0.33547333783869865
0.13968364657617816,0.10237276292156329,0.30531884191846953,0.452624748583789
0.13259734403560686,0.11108070737203768,0.028834374767022095,0.7274875738253335
0.28347339424959067,0.14780796151623773,0.5012739187741143,0.06744472546005735
0.13718590709923018,0.2629448554235956,0.31455015136339215,0.2853190861137822
0.013302101262421692,0.27696578488981877,0.3776557747440575,0.33207633910370205
0.16092256310495973,0.14926519327796367,0.5740799186764503,0.11573232494062635
0.03005651907387298,0.35111700049054534,0.03301200975018694,0.5858144706853948
0.011244947076183967,0.5754027721479372,0.2816442647315446,0.1317080160443345
0.5197800915373578,0.03180148262109574,0.3699471078657995,0.07847131797574672
0.17107868736052007,0.4368443592373555,0.29039941958586263,0.10167753381626167
0.033789832528186695,0.8078762873514095,0.011046499592434972,0.14728738052796878
0.21212357610169663,0.14688216372632437,0.3376859972933558,0.30330826287862317
0.22318379472126018,0.0826686934474172,0.44404297474890786,0.250104537082415
0.0523859304914077,0.3330415880703849,0.07634053213224615,0.5382319493059614
0.020569412458131008,0.3530927988482199,0.049756355690538615,0.5765814330031105
0.5732150062923569,0.0826584010107721,0.03497812993994957,0.3091484627569212
0.06240521352767342,0.5959718937739616,0.09219618464054002,0.24942670805782477
0.20204391832389967,0.2938113992049834,0.25751185439841284,0.24663282807270398
0.5810102695920235,0.07944703042574879,0.11094800950660688,0.22859469047562075
0.16336804661328028,0.08232809996046844,0.598018468766412,0.1562853846598394
0.10714966259891535,0.6335942463677899,0.1607386680376908,0.09851742299560386
0.13709360545406263,0.7438681729080338,0.0009471530578586732,0.11809106858004499
0.60258854989406,0.006400877074930755,0.13212949623623735,0.25888107679477185
0.4088139874523766,0.22352938484270646,0.35143939234615695,0.016217235358759963
0.029088909893076602,0.3650754572242201,0.4309924816956744,0.1748431511870289
0.3891469014421409,0.5096064465227568,0.05290767069136495,0.04833898134373754
0.34295645771300354,0.082851651540545,0.05863794706250076,0.5155539436839507
0.6203944124584483,0.021574375093106363,0.005438382065498729,0.3525928303829468
0.4481744815288199,0.06768725006423275,0.3475470897404136,0.13659117866653372
0.19283900286304487,0.19751678585925053,0.07787380891879364,0.531770402358911
0.16853290944814175,0.2406188504524538,0.14918158395234296,0.4416666561470615
0.019865663754323134,0.20229297595319984,0.7360124002623093,0.04182896003016768
0.22816114326073367,0.22462784815850387,0.02104960024631938,0.526161408334443
0.15969619482941172,0.19310406695639903,0.042282639248453345,0.6049170989657359
0.1393686650775151,0.22691797719635654,0.5061948499788255,0.12751850774730292
0.1748786137690716,0.04328127266702264,0.6804804109110282,0.10135970265287775
0.09521387134137317,0.01447651435469539,0.16475803479167084,0.7255515795122606
0.10589630508554557,0.03765587917827998,0.7282735364335337,0.12817427930264075
0.0800908298955954,0.023240680440355033,0.6325151114391693,0.2641533782248803
0.043256959361040945,0.4000614122085955,0.09437188797669999,0.46230974045366363
0.020230002548642365,0.2188705416245732,0.42177010661911934,0.339129349207665
0.2460794907566457,0.11357397349998413,0.24101663577837082,0.3993298999649993
0.021198469432328955,0.7620971947876903,0.05506102698057374,0.1616433087994069
0.3760588501419683,0.496359720496031,0.0062608407847392095,0.12132058857726162
0.19131143927222113,0.005422725118815775,0.43491872044293334,0.36834711516602975
0.38393983346602645,0.0718132422422835,0.388166599327857,0.15608032496383292
0.34250634240786126,0.2624933402371039,0.2978273694691382,0.09717294788589646
0.3603704684592232,0.48398186860928083,0.10751285399243392,0.048134808939062135
0.006388881064702987,0.05081523164344328,0.11948194544902598,0.8233139418428278
0.03199803910252302,0.4219581890303793,0.26631452789937454,0.2797292439677232
0.16027591487530868,0.484551447334646,0.16767516121988152,0.18749747657016377
0.030587715074858336,0.14016594823132003,0.7852757708827497,0.04397056581107186
0.08121294964476772,0.1423843410786419,0.24559517707974224,0.5308075321968483
0.14056637685632734,0.5389697624606982,0.21159563966650072,0.10886822101647393
0.15883314996178377,0.17256215051844428,0.5708397014376597,0.09776499808211224
0.30186749495685816,0.15502688875720208,0.05055248513152184,0.49255313115441784
0.08987215307901027,0.30010078294698317,0.00321920969022123,0.6068078542837853
0.20467770403102725,0.15886695536639142,0.134910010940235,0.5015453296623466
0.30302970388186745,0.39133037079280997,0.20382572210464656,0.10181420322067604
0.0068372761284538645,0.15296921858890072,0.6807999348011534,0.15939357048149197
0.710779275926078,0.0986345955401157,0.16269329307214694,0.027892835461659337
0.310435285916512,0.50799610008866,0.1747194020510538,0.006849211943774167
0.1458368494316596,0.11633730486581481,0.022349679359844558,0.7154761663426811
0.08799465664147138,0.03356625657578633,0.3749259016747306,0.5035131851080118
0.6775859557573934,0.0804261131218768,0.23909182166131082,0.0028961094594190354
0.1317692360507939,0.2894229672983686,0.2345993891652706,0.3442084074855668
0.07694025422040732,0.5836035833419663,0.2486057341077283,0.09085042832989813
0.2576304795787032,0.4150676661069892,0.2352238198501919,0.09207803446411568
0.31402411276815545,0.12916996648067194,0.00429480543979514,0.5525111153113775
0.18467544625992666,0.25512876959094805,0.016336041970835845,0.5438597421782895
0.29431756555165367,0.1861027072237158,0.27217695979115925,0.24740276743347145
0.03128025399805057,0.6672759978061132,0.2296470795526966,0.07179666864313979
0.5084809188602819,0.2944933951616586,0.14063691683148954,0.056388769146569866
0.31364303539270183,0.05769429468311196,0.4701271925970377,0.15853547732714843
0.0194299411597729,0.43568426759274365,0.12660839033594934,0.4182774009115341
0.13132468621045384,0.6652170590106172,0.16501285616215797,0.03844539861677103
0.08692648348017729,0.7144028329624694,0.1293686571536406,0.0693020264037125
0.04901389408320284,0.5375656654852022,0.10841458485863538,0.3050058555729595
0.08915607571464533,0.025785799747266497,0.23229643313068593,0.6527616914074021
0.13806273182943177,0.2783925716576955,0.31328588736916124,0.2702588091437116
0.11204926555298449,0.2183222573525125,0.11932969689183612,0.550298780202667
0.3928229294666738,0.3144371603778824,0.25143972049778107,0.041300189657662724
0.24735900127365992,0.3317422629050687,0.3669952496525777,0.053903486168693726
0.7004248936003097,0.058685135216030485,0.2151355843914983,0.025754386792161636
0.18226292042876677,0.6381259098060944,0.02905913535023811,0.15055203441490062
0.1971491650629161,0.1370479209572449,0.10368367825852519,0.5621192357213138
0.22868451529704018,0.24290406009253382,0.165632044636316,0.36277937997411
0.8010072760230641,0.10438284600129605,0.06009949357017432,0.034510384405465624
0.37989361384665404,0.033258452015064124,0.3597384133945346,0.22710952074374735
0.09586393417344133,0.5828979281264806,0.2981384410947809,0.023099696605297215
0.26862867922556827,0.15220028064612792,0.2756586017022578,0.3035124384260459
0.31525839193727767,0.057922972592537564,0.5920876579574165,0.03473097751276839
0.6789376421654083,0.24356647725993266,0.023064749894847286,0.05443113067981175
0.22977852363808107,0.38597867123674484,0.07530150383097085,0.30894130129420316
0.05619680622539876,0.05428796629057016,0.37563693687019456,0.5138782906138365
0.20544398834006133,0.25625455965796284,0.2781418340168488,0.260159617985127
0.5935119811095927,0.10727624144590067,0.27307809415132017,0.026133683293186567
0.11927929997367763,0.1964272914670867,0.31567956800323016,0.36861384055600543
0.042770613120175716,0.16579213605032123,0.5624425754566407,0.22899467537286244
0.037004910449887185,0.2666455758758271,0.06194662922162055,0.6344028844526652
0.02071384875738834,0.5909962318667087,0.13497179425615438,0.2533181251197486
0.34854687508427706,0.3209477756406718,0.165318232573134,0.1651871167019172
0.07939243271851128,0.1988648974080099,0.07140277894207783,0.6503398909314011
0.04538044854534558,0.3225083161252502,0.3338000976818929,0.29831113764751127
0.1327373721529659,0.3821102508739389,0.0806095917479512,0.404542785225144
0.07572852190157722,0.04391318241936902,0.08824422793771436,0.7921140677413395
0.4637306663764302,0.28496893018185276,0.0382691143481809,0.21303128909353594
0.14449513968399538,0.08982259577824377,0.32784368065268404,0.43783858388507696
0.07584191588203133,0.4004510407966473,0.276825572352154,0.24688147096916732
0.8674525119755837,0.12207477321925424,0.003717139782878715,0.006755575022283369
0.6471675527932453,0.10500157454119,0.16096578409297296,0.08686508857259154
0.03098784122866037,0.016744931397382156,0.9146951445912619,0.0375720827826954
0.19283563035747872,0.018170016867161964,0.5006262844794035,0.2883680682959558
0.31191802123021356,0.45618434730945806,0.07960267971209789,0.1522949517482304
0.13172616386250685,0.3656232102071656,0.250988997190235,0.2516616287400926
0.8271421486498489,0.006270521407203264,0.08362365689428986,0.08296367304865808
0.09561765571398784,0.24285571507352394,0.16851510571590622,0.49301152349658184
0.11975756333283706,0.06890851652225423,0.5714522049512217,0.23988171519368687
0.3853779378753476,0.10953967740098754,0.177949556343075,0.3271328283805899
0.10604989023695939,0.6588099419981592,0.22332584374406367,0.011814324020817701
0.18886992272752706,0.027061877305628992,0.06581650561600634,0.7182516943508375
0.8714450017678682,0.07133750345679025,0.04058195800606937,0.016635536769272354
0.6207499744130254,0.1083879637717178,0.16500396354770602,0.10585809826755072
0.026301739617065032,0.11781667479128656,0.5964166096046323,0.2594649759870161
0.3248107316307596,0.2853611826134715,0.1832892258570752,0.2065388598986938
0.25620241474797334,0.1793289623196673,0.23571285977170278,0.32875576316065663
0.4075668230801601,0.22298636038261108,0.20715631224899084,0.16229050428823794
0.1154109377874223,0.013228483484899826,0.538736147898181,0.3326244308294969
0.012021544192129325,0.12486678362419648,0.14268174344600437,0.7204299287376698
0.11223089972706136,0.326751216565483,0.42463458909283724,0.1363832946146186
0.24785685987503545,0.2795207224340324,0.37325935866553245,0.09936305902539946
0.8290122068626241,0.08018082753665198,0.037021639497847675,0.053785326102876396
0.7607455811819007,0.1310549034651127,0.030159235927347216,0.07804027942563947
0.028631418145555018,0.5684415049077457,0.2768180712886929,0.12610900565800634
0.11174437628158247,0.045254029290327395,0.5788468087792348,0.26415478564885536
0.04062332165291137,0.4070396115691941,0.5275387342261096,0.024798332551784864
0.3668280643006448,0.051431077670952834,0.32595971960486503,0.25578113842353734
0.5671826089870174,0.03940040120894417,0.0596229104056291,0.33379407939840927
0.2702259497409783,0.17314792536822796,0.20319197806695535,0.35343414682383817
0.5729994593762086,0.2659776050723861,0.00920212667793578,0.15182080887346952
0.3460475404483167,0.3291273439877652,0.1772919478706412,0.14753316769327685
0.027780361956867505,0.21837471355301488,0.6126655378461785,0.1411793866439392
0.18167579485988655,0.554912752792635,0.2506420013191558,0.012769451028322542
0.3060489182229628,0.12686917070648784,0.23427886904503642,0.332803042025513
0.015597683869099106,0.45453455193491915,0.46079780655172514,0.0690699576442567
0.17479671900020552,0.10142635043849739,0.13112291822928898,0.5926540123320081
0.09796247430196561,0.06629307670943668,0.6631033040680195,0.17264114492057817
0.2676094388300443,0.40864644441346765,0.2967046380240774,0.02703947873241065
0.3723218097859208,0.08507262627308933,0.4094628087937822,0.13314275514720775
0.8426395031352506,0.09336268215628087,0.03375345042804398,0.030244364280424683
0.2041555744375443,0.10641653917197695,0.3134586444488206,0.37596924194165804
0.3573733727219894,0.09822920265237996,0.03901176901215004,0.5053856556134806
0.12227971830653674,0.4753386273387083,0.18655201155755846,0.2158296427971965
0.11207009822495001,0.2873991539135669,0.3244779422427558,0.2760528056187273
0.19797555151159002,0.4010054990485822,0.09480606310626156,0.30621288633356614
0.09615570559305085,0.5514856472193997,0.1182657344335445,0.2340929127540048
0.15735979456800273,0.5746018585341276,0.198030365060248,0.07000798183762175
0.475221941453708,0.05960920232280416,0.22371682058989875,0.2414520356335891
0.5323278317042218,0.23394334642579967,0.11401490634567717,0.11971391552430158
0.28888448895271773,0.4683648216062873,0.23398839748403735,0.008762291956957612
0.4740024772200662,0.01445379812589797,0.019580298866604777,0.49196342578743113
0.2978583118655464,0.06242640213900108,0.24194079616953654,0.397774489825916
0.388773432836348,0.31851927152259496,0.22875306123395509,0.06395423440710202
0.009988360557524677,0.24496627674111132,0.7314083381181339,0.013637024583230161
0.549622474186069,0.02106314752421716,0.3526779113346418,0.07663646695507206
0.3785894975622119,0.10105124035885245,0.21676291209295,0.3035963499859857
0.01879992749876415,0.40302789504265796,0.5003905884961551,0.0777815889624228
0.38320641290941726,0.09669404670931016,0.48658207163779665,0.03351746874347587
0.4595050078418978,0.02492358865703606,0.18814587030094268,0.3274255332001235
0.28540844859592096,0.5234161982967974,0.04461807508248338,0.14655727802479812
0.40480529372312,0.16133429736841776,0.1485478753162413,0.28531253359222086
0.5732735998728967,0.06136988838429383,0.15561910727594505,0.2097374044668645
0.06094595999257868,0.15150572096885484,0.25930895046355773,0.5282393685750086
0.28374090866875756,0.15839362955151118,0.4670146119301889,0.09085084984954238
0.412634674029495,0.015328981888676861,0.21069715022456773,0.3613391938572604
0.009686780287984266,0.22407341781888723,0.2996021728818661,0.4666376290112623
0.30634547906218523,0.31061979980900434,0.2047546541845563,0.17828006694425425
0.23414834434676715,0.07009948158146388,0.14055613465817737,0.5551960394135915
0.1248590352095694,0.1584639685369344,0.30147170493197567,0.41520529132152034
0.07269981920205003,0.02588625273154884,0.5850492141936027,0.31636471387279846
0.6028094217563172,0.1700300676054909,0.16133564421156707,0.06582486642662475
0.27945178252850833,0.4892893868539209,0.05029258080584786,0.1809662498117227
0.3605281142434385,0.044019231513632275,0.42539127242356795,0.17006138181936134
0.7050358511047189,0.023054461745881386,0.1281451623374496,0.14376452481195012
0.050685679053295185,0.1562659738280144,0.6000832480255941,0.1929650990930964
0.513239955412439,0.033249824106256,0.2569617735974014,0.19654844688390358
0.1667244943119419,0.07537346242531252,0.02626688077923809,0.7316351624835075
0.106014976675719,0.015845230093770053,0.8771629338754938,0.0009768593550171358
0.3072101332550855,0.3333188151927906,0.3367521987742251,0.02271885277789889
0.9218035040224278,0.016147094024184655,0.009659687381229458,0.05238971457215806
0.30769965157651313,0.4003927007821454,0.12542445465098348,0.16648319299035805
0.009040407223541578,0.10119200659087296,0.3776044142710092,0.5121631719145764
0.3067971947193413,0.31251577161562066,0.2163280276695113,0.16435900599552683
0.03343024625650536,0.019332551998837454,0.4908949096774885,0.45634229206716875
0.4127532365309583,0.3813372882831238,0.007155484118865628,0.19875399106705224
0.5334708259759529,0.44049449788309974,0.009568195570070784,0.016466480570876515
0.024896920758082215,0.2250960374288615,0.3530182781379768,0.39698876367507946
0.044629462594485116,0.5993178751701734,0.20161796611780902,0.1544346961175324
0.16594978201673277,0.11865037351887571,0.0486376302914337,0.6667622141729579
0.11536796190733244,0.271247463290542,0.4667316567424016,0.1466529180597242
0.12191730912204791,0.569887161636268,0.055598725278728646,0.2525968039629555
0.6869877585930988,0.04337596913072889,0.21351131058628006,0.05612496168989224
0.02978053965491283,0.06817792174241984,0.8273436530087289,0.07469788559393842
0.4327288644796191,0.22049168554992,0.06091698915911242,0.2858624608113483
0.1528241727699636,0.2700722261282545,0.07310367138283588,0.503999929718946
0.19381089054802525,0.22804224389291236,0.2608640515342786,0.3172828140247839
0.3059127234425822,0.32800168087373943,0.15498096683518905,0.2111046288484894
0.10631785813465083,0.29359152761505886,0.1293438066105783,0.47074680763971205
0.16138972658540784,0.6601984513036381,0.05561409110045469,0.12279773101049947
0.4479767697229458,0.22447553365374992,0.05228168624044066,0.27526601038286364
0.014125176602794274,0.06402405142652853,0.34239635997468365,0.5794544119959935
0.030363664352042737,0.6068789059382362,0.12477141835189459,0.23798601135782632
0.3966508011147711,0.3107974642009212,0.25392710492968873,0.03862462975461907
0.011327548695872366,0.2754853302084634,0.5110400100871082,0.20214711100855612
0.1768663031208659,0.2805393869493166,0.21433099612573575,0.3282633138040818
0.03749111070703397,0.27422152990404663,0.5760029690202875,0.11228439036863191
0.13675688426021212,0.32222402165064595,0.16417502632775027,0.3768440677613917
0.08288842232319123,0.233619686607431,0.20348312658869108,0.48000876448068686
0.36867842630149567,0.09081283569825296,0.28439071131970023,0.2561180266805512
0.36440103081543446,0.3370383820848997,0.020204146059524357,0.2783564410401417
0.012160323503229133,0.27362411520397606,0.39188300710475105,0.3223325541880438
0.32462293865681296,0.3788840371619801,0.040353638101227114,0.2561393860799799
0.05974019019615358,0.3014234343052711,0.15512521921785943,0.483711156280716
0.022429023661228925,0.459277249048205,0.5162628867101855,0.0020308405803805512
0.007910924753795847,0.34203721604020165,0.6298847362025641,0.02016712300343832
0.2403128300281288,0.15933624352078335,0.28012262113980135,0.32022830531128654
0.8955537199610175,0.008265445893007914,0.029512331021666054,0.06666850312430841
0.2879706512693989,0.3858259417773962,0.2507460300900299,0.07545737686317493
0.3844679702714203,0.13865232222899407,0.003895027995647683,0.472984679503938
0.20996435123807627,0.49728969139527845,0.027382699284008452,0.26536325808263667
0.0651986756124492,0.4068265494539336,0.21230801014112843,0.3156667647924889
0.279719897700195,0.16617057861859894,0.17192408059244507,0.38218544308876096
0.02304346000878643,0.058827813601665696,0.8793779833324692,0.03875074305707861
0.013308820379474427,0.11712527116347846,0.24647000169013042,0.6230959067669167
0.10167302640867484,0.4878658701018075,0.23636213439389075,0.17409896909562692
0.0010259646385405172,0.4278665225850763,0.05527350223398745,0.5158340105423957
0.175269421597701,0.2717026282906847,0.25215279511942706,0.30087515499218714
0.0962558851099228,0.13717861388004882,0.5952836366757123,0.17128186433431622
0.6425453385182022,0.1247933653785362,0.2109335274049435,0.021727768698318124
0.26647362717373,0.2636862164874802,0.358670743907073,0.11116941243171687
0.18489980561423203,0.07574755963064607,0.21700517648136375,0.5223474582737582
0.22597420791963838,0.04939374477661322,0.2734019760323005,0.451230071271448
0.8045668483038736,0.10497115865921305,0.06184741099435673,0.028614582042556572
0.6680508912687966,0.1483804937501743,0.03855287602624072,0.14501573895478853
0.10520756052114581,0.3686274474634869,0.15596180234766446,0.3702031896677028
0.09288621149665861,0.2647414356355049,0.250735260381333,0.3916370924865036
0.39169829289553637,0.07369151670273792,0.4067311002544577,0.12787909014726803
0.027660275110896828,0.44626728096838053,0.452583446592847,0.07348899732787555
0.3070882550876849,0.05662892080577938,0.22591983740728,0.4103629866992558
0.09615746371486909,0.1289556493018864,0.325585175094955,0.44930171188828955
0.10598127403120457,0.5918874094981279,0.19904000706163164,0.1030913094090358
0.2358852636066225,0.06440214769521051,0.651199827882043,0.048512760816124004
0.08197411219332972,0.6063739163841408,0.21586820932523731,0.09578376209729214
0.15420628643481626,0.35557310628118094,0.058450783144242645,0.43176982413976006
0.12359699952709143,0.2950444087714204,0.1253723433018236,0.4559862483996646
0.6403908784731106,0.08079864672891246,0.13022324650934805,0.14858722828862897
0.08819059784148216,0.1885586627347639,0.04599194094254863,0.6772587984812053
0.34367461426979873,0.46919097794145503,0.10616429533165057,0.08097011245709569
0.43265162456285133,0.12123876476331918,0.14222557579472647,0.3038840348791031
0.3298609384428568,0.44388447966442335,0.011737052357233478,0.21451752953548642
0.34027027066573007,0.004295108760491491,0.2649918920916614,0.39044272848211703
0.17166142143158797,0.38454459391916895,0.27603538326956456,0.1677586013796785
0.13038515374817852,0.3746008069075872,0.1854042452287414,0.3096097941154929
0.27988671060087833,0.07364037974668894,0.16404519857065947,0.4824277110817732
0.2935098239296913,0.06722407501806665,0.4991157428620119,0.14015035819023014
0.4994588918431204,0.34909948574944244,0.12530881129112478,0.026132811116312285
0.5149080739446795,0.01781185527421687,0.40998166135986946,0.05729840942123423
0.14284133395512694,0.7297069619539266,0.06478976434322237,0.06266193974772406
0.35089942806146457,0.1870896115379216,0.05683877513534487,0.4051721852652688
0.0020636794047899578,0.6308459771809429,0.1988533582119892,0.16823698520227798
0.046292128364805035,0.3011385132261546,0.5913334046022766,0.061235953806763846
0.32105270051787976,0.18725571419634066,0.4267891437312843,0.06490244155449532
0.03240520743945373,0.023145676417436457,0.28875934095901146,0.6556897751840984
0.16146722204485914,0.0172582247244069,0.6148996837958166,0.20637486943491745
0.27769424412059673,0.5495072687313334,0.1161302741632889,0.056668212984780926
0.1153266386144525,0.8016113641703575,0.01908781546586217,0.06397418174932776
0.2144325841356134,0.1692018121632769,0.12520136382364438,0.4911642398774653
0.23148953178286813,0.05686022036472896,0.5536879067066425,0.15796234114576047
0.08423300607617974,0.6235311225234703,0.2781494173881076,0.014086454012242433
0.4263468983665023,0.22120386134206046,0.24835493218297508,0.10409430810846214
0.007948452416239529,0.023887204794444828,0.01765320588599689,0.9505111369033188
0.42306455583558394,0.18058457762533908,0.19193494095872488,0.20441592558035193
0.551544893914753,0.2271028216300207,0.09291185273279766,0.12844043172242867
0.10790702923294321,0.13785662408163915,0.3665554847358145,0.3876808619496032
0.26759029391953437,0.14062114583148025,0.32402750625276006,0.26776105399622535
0.381186808548931,0.009584752343953045,0.29947185441693097,0.309756584690185
0.402569439392308,0.14235901455231262,0.1191502323847169,0.3359213136706625
0.219578690412577,0.28217057902752,0.3073941447396699,0.19085658582023315
0.7277583843618142,0.13090856602979192,0.047323797716521766,0.0940092518918722
0.009990943874284754,0.31436468114696337,0.3663063388367189,0.30933803614203303
0.13255962836776986,0.4160050297043017,0.40161535930123593,0.049819982626692405
0.24458298643281617,0.1656038118949267,0.2944154935626169,0.29539770810964017
0.1155483852445466,0.6253100475920252,0.14877680882074729,0.11036475834268106
0.08388599509590682,0.04310063488483195,0.6711132167478084,0.20190015327145275
0.4953746490292658,0.06808094229047408,0.4155599584284002,0.020984450251859785
0.1099625184998286,0.6599992607811955,0.09141576177323171,0.1386224589457441
0.45310270114463846,0.037853131119168576,0.10834528494625942,0.4006988827899335
0.19911290571143722,0.38537954269825203,0.3226092420329694,0.09289830955734138
0.6255705488808176,0.2888484708576692,0.05497116707794858,0.03060981318356449
0.12090554403167698,0.104674893801619,0.11731147982280533,0.6571080823438987
0.15021717288178435,0.19146926985705595,0.06585176150872359,0.592461795752436
0.12611990770722792,0.15549351438618744,0.40053214962289113,0.31785442828369354
0.23386173440632807,0.2996248639182457,0.23403970202034383,0.23247369965508255
0.1275511287240506,0.03880172909991286,0.34177152064113986,0.4918756215348968
0.29306796966897863,0.041346708621970894,0.3411619548320096,0.32442336687704076
0.15134660510745376,0.043579549399982084,0.2106443875746728,0.5944294579178914
0.2227100454006199,0.16917808261719505,0.47576629993515135,0.13234557204703368
0.032198082607772,0.12958589559276207,0.31239190154478946,0.5258241202546765
0.2778022060907071,0.6314246020789016,0.03249443279362148,0.05827875903676986
0.23833934988360922,0.2583002607981503,0.011422589726722752,0.4919377995915178
0.25073155439920175,0.380288938196023,0.06165540346669522,0.30732410393807996
0.24174735416777307,0.19586118782602863,0.475446040506298,0.08694541749990022
0.18897804805370585,0.5979592804099626,0.02413360231519507,0.1889290692211364
0.4291150672742949,0.0029502426265295614,0.4615509894676993,0.1063837006314762
0.17659286160961962,0.341757303723898,0.4045571442087569,0.07709269045772557
0.2107716255116916,0.5000700151525413,0.1511197236153379,0.1380386357204293
0.7006466959757148,0.04668656954284227,0.24456752118854996,0.008099213292892725
0.2203296455961154,0.17760752461495757,0.06340268869720612,0.5386601410917208
0.07640631428735767,0.169267778823083,0.35884345281163005,0.3954824540779292
0.019292500221774863,0.17129223428400592,0.5043157072352027,0.3050995582590166
0.008734298798009145,0.04860957140249426,0.08834898190980443,0.8543071478896922
0.333125920390209,0.16770713342535898,0.07961447546708436,0.41955247071734747
0.07072942730678884,0.2013596914380277,0.020090520759128164,0.7078203604960552
0.019403601878229003,0.10643124462890136,0.7501342594744879,0.12403089401838172
0.511418574780008,0.09851359662716576,0.2818762043014282,0.10819162429139795
0.44092157632436485,0.13730541847441124,0.1480659956940084,0.27370700950721544
0.2492044492446355,0.18460657624808605,0.20376176986674702,0.3624272046405313
0.01395951588380477,0.05649566624519092,0.8002645918319682,0.1292802260390362
0.24776052673218443,0.46455518680676233,0.20183291561474975,0.08585137084630341
0.1529833573180707,0.07569743326009348,0.5832632648819898,0.18805594453984606
0.04471409454937916,0.2740820782625477,0.14737742867834683,0.5338263985097264
0.6166670063834064,0.07134323456545848,0.06491205285435334,0.24707770619678157
0.20079482829372328,0.3733699626928244,0.15913217563843357,0.2667030333750187
0.1810630701190556,0.4627010031723447,0.04318944028133131,0.3130464864272684
0.23595119375334395,0.317451153069818,0.33823849301177067,0.1083591601650675
0.13618404696912875,0.3522578527710442,0.3926425090516236,0.11891559120820343
0.16537386043972108,0.5918709887573103,0.20494802840395343,0.037807122399015076
0.18857845915457455,0.5128403719551895,0.07687002722123107,0.221711141669005
0.16904067220188726,0.30814756621494926,0.07754342347336278,0.44526833810980077
0.1381203139797561,0.49999271444888854,0.2944785713462344,0.06740840022512092
0.11589422427197969,0.0346650996047099,0.4902615897770674,0.35917908634624307
0.07572357383621396,0.3345654149654838,0.311801374838435,0.27790963635986726
0.13275045385907133,0.12570948945873872,0.2904478476517335,0.45109220903045627
0.45337083693552216,0.015965007986475505,0.1733368415981618,0.35732731347984054
0.40948292313268414,0.3021633053023766,0.08338956336671331,0.20496420819822594
0.05443877876919404,0.01985184564557754,0.4490670968585392,0.47664227872668924
0.23866253998909076,0.07123994434375361,0.014216730325951906,0.6758807853412037
0.17401206886979378,0.30790273232242066,0.2739324264397198,0.24415277236806565
0.07794030889346909,0.02275853286427096,0.8058339017428119,0.09346725649944801
0.4548327147274764,0.09284284052050609,0.3202780171720729,0.1320464275799446
0.026354520023299268,0.44033980724459754,0.4814745530980686,0.05183111963403467
0.3222636511700041,0.06171712211764784,0.3585440443151182,0.25747518239722983
0.1763111716709185,0.24873709051676585,0.20455374660395706,0.3703979912083586
0.10917834209645105,0.375817605537197,0.409756416843392,0.10524763552295999
0.4604829427110775,0.07828443510596297,0.2058587679490995,0.25537385423386
0.026856878307471296,0.09193214458859435,0.7045966519005216,0.1766143252034129
0.1007059970675331,0.4258082832569603,0.27346101068335554,0.2000247089921509
0.16057479012585382,0.11430816308880894,0.3734485499853468,0.35166849679999046
0.03045577728073729,0.15248968853099723,0.26024905973328727,0.5568054744549782
0.023541567935232814,0.19102400112252096,0.2672418757824201,0.5181925551598261
0.4027281954200555,0.2498381142339655,0.31951122322556813,0.027922467120410747
0.02848394105335237,0.21107197638094802,0.7109711012040419,0.04947298136165754
0.24870867906391514,0.039877022535573646,0.28750316588995284,0.42391113251055834
0.13461326052671002,0.2504052832068382,0.029089262966145828,0.5858921933003058
0.3022005928974349,0.1278330378653667,0.10813647881210006,0.4618298904250982
0.045015362416488514,0.4796862919099249,0.05189938952643339,0.4233989561471533
0.09977140856094141,0.07867591354856059,0.7391310922919285,0.0824215855985694
0.4005365383727004,0.4033145199766188,0.1602890464551792,0.03585989519550158
0.19153887126799385,0.24665617779499172,0.019206969636693626,0.5425979813003208
0.04051902101230075,0.2566167636151972,0.5863410945035405,0.11652312086896145
0.14738290637803567,0.38450358860082506,0.27561214721633637,0.19250135780480293
0.24221094648067554,0.2071750716020629,0.009008449542985075,0.5416055323742764
0.8144623013496591,0.05104437900451854,0.09651982430775105,0.037973495338071275
0.44779607460549165,0.1547545480455772,0.1856147914688567,0.21183458588007462
0.32915210552489854,0.3350554068720771,0.3063948929695261,0.029397594633498215
0.7963635422160283,0.11968291335597056,0.004716971665812312,0.07923657276218893
0.4864544765112896,0.207529272096104,0.0266735634428835,0.27934268794972295
0.2648042994559228,0.0848791194912464,0.6260592051307446,0.024257375922086172
0.05788176499299519,0.08241643456517413,0.0497733067431913,0.8099284936986393
0.019772189661746247,0.32925704000899225,0.2677328159709164,0.3832379543583453
0.23184178726547647,0.12532893786907648,0.03207861117929283,0.6107506636861543
0.6099039764466516,0.16268788508855123,0.1616530253018044,0.06575511316299275
0.3980204886663607,0.1309746120204808,0.20310359279977866,0.26790130651337984
0.35148421168544647,0.05024926308163705,0.03538468542293809,0.5628818398099783
0.10466029401499258,0.03857231166003446,0.08665048585911153,0.7701169084658614
0.5257341658008673,0.32710287961129114,0.06142193677916425,0.08574101780867739
0.1256975216376947,0.6588886467979269,0.11341666075229483,0.10199717081208347
0.18959208958882057,0.3965987252713522,0.3625295577891553,0.05127962735067183
0.2319707885442428,0.2323576096753687,0.05395821530936218,0.48171338647102646
0.04561039103333566,0.008329668823690411,0.23973848961178904,0.706321450531185
0.4478461676287988,0.041574071236324665,0.4925835816023696,0.01799617953250707
0.06396973062359222,0.1369544350851584,0.5864039015540287,0.2126719327372207
0.433885539228032,0.0157975287114009,0.3359054311109251,0.2144115009496421
0.41754045408696466,0.12926563064380786,0.10483990510337204,0.34835401016585543
0.23067094041836445,0.42496872247880274,0.0885777215309046,0.2557826155719281
0.013792253653190565,0.45386325699200175,0.242353150323987,0.2899913390308207
0.6999504457144547,0.02510036614783244,0.17942512372428251,0.09552406441343027
0.6056527391239831,0.0955625075562751,0.19098860832793213,0.10779614499180974
0.042370505485045534,0.7744624477363451,0.032668773529001556,0.15049827324960793
0.2931667895183536,0.014669529077817352,0.13897671134041079,0.5531869700634184
0.23060928960036933,0.1240915602049841,0.06424028133666629,0.5810588688579804
0.5904931747711387,0.14280295427696063,0.09541368433095056,0.1712901866209501
0.29703872866705844,0.5838935000954365,0.05445313915807403,0.06461463207943116
0.24170682257319973,0.12118286845062856,0.5070428455113076,0.13006746346486406
0.254640290205678,0.5904923445180716,0.06745533929019908,0.08741202598605138
0.7818811338830525,0.03352731340743807,0.016644015413957776,0.16794753729555167
0.31817834776879367,0.2712785353977795,0.12938636740273526,0.28115674943069163
0.22577275208305442,0.26906495277415754,0.2651146375674176,0.24004765757537053
0.4103802662583164,0.10890265643018544,0.1750166648512688,0.3057004124602293
0.19300857493837523,0.23383555055054991,0.13477781017664592,0.4383780643344289
0.14994659758821793,0.6503450282754332,0.08659809692903885,0.11311027720731023
0.04937253964691479,0.43925385334676875,0.15542228983967382,0.3559513171666427
0.36312647574544005,0.5137589513554619,0.06549628912534226,0.05761828377375578
0.025900163936010485,0.059305673416420575,0.24359047248528728,0.6712036901622817
0.5309673609829839,0.12671297385084093,0.1636531765457405,0.17866648862043463
0.0833585548390231,0.08286438989604811,0.4896355984475063,0.34414145681742253
0.059191929463813776,0.6812407507165646,0.11992440299371648,0.13964291682590527
0.5087836958806942,0.22258725560160983,0.23143773732498296,0.037191311192712934
0.01824668915504215,0.02405388218856162,0.9572060435036187,0.0004933851527775324
0.13497605280152764,0.19029105764183893,0.00816237393220687,0.6665705156244267
0.044595772126815855,0.18323005116367563,0.47695610140286426,0.2952180753066441
0.3775675642603635,0.2441627911100628,0.04188068340317147,0.33638896122640227
0.05929842855613603,0.32994226673452565,0.37318589528831414,0.23757340942102426
0.13386429857998597,0.6490107998663684,0.13300173306600155,0.08412316848764402
0.20957106805081072,0.06733418739961936,0.16307657731250969,0.5600181672370601
0.14299488515724537,0.023882823722902485,0.7129392173010194,0.12018307381883271
0.3919639769236321,0.16226033986919397,0.2709920582366273,0.17478362497054648
0.30440539071207523,0.04024648784502302,0.10460435986944187,0.5507437615734598
0.14028103361912178,0.3825724120589615,0.16919777563545588,0.3079487786864609
0.30799871316754346,0.20706784827912378,0.35421154134243904,0.13072189721089358
0.1168527558245626,0.16277337475517656,0.6650141460359558,0.055359723384305205
0.08777637600177339,0.1645372179141845,0.6617109215959974,0.08597548448804472
0.17633606332346813,0.14515444947453718,0.48832944648237603,0.19018004071961864
0.3994735945830458,0.17119816000560187,0.41495335842644226,0.014374886984910233
0.008811778780853482,0.05186998374864639,0.8305862140840372,0.108732023386463
0.23995394131530676,0.3512463933945732,0.2885023027332679,0.12029736255685228
0.021716140994454472,0.14472269559921302,0.23321030947308646,0.600350853933246
0.026385226440341466,0.1651025382604703,0.06243347598513607,0.7460787593140522
0.26461536854100237,0.01383880392159106,0.6613369977310232,0.06020882980638345
0.1006608434926546,0.05723760519973344,0.8332406958353122,0.008860855472299665
0.1316675333808965,0.45141018500233154,0.2722975031675696,0.14462477844920232
0.07745523209602641,0.2738504803559212,0.5513220678839462,0.0973722196641062
0.07273287249050554,0.4723694818273981,0.03412323353795889,0.42077441214413763
0.16625300493746664,0.31222716492984387,0.09258686712723865,0.42893296300545075
0.371394281544456,0.13048634943486698,0.17218559781440423,0.325933771206273
0.07982905903683242,0.4174904277470943,0.14629210462248962,0.35638840859358356
0.25478074786902055,0.5615112061551792,0.05436576356917271,0.12934228240662735
0.4114240340439388,0.25183416173454265,0.049065462835232596,0.28767634138628595
0.27430891205633595,0.2062210270541448,0.4065332237775983,0.11293683711192098
0.3822900623445485,0.020123579192804993,0.40711878274946806,0.19046757571317838
0.34947641046933453,0.2773495665588056,0.12905927853868923,0.24411474443317072
0.05862686028885433,0.7069719793484893,0.15177528076084618,0.0826258796018101
0.4780562545552154,0.020168794833008014,0.4799966364292972,0.02177831418247936
0.13624637927240718,0.2006969925522416,0.14664477498771528,0.5164118531876359
0.48421459869649697,0.045335931153235934,0.09682542551177518,0.3736240446384918
0.04288370554991972,0.3404906217435604,0.3480527941913382,0.26857287851518163
0.7455460511969171,0.030797484940264377,0.1847224205111478,0.03893404335167074
0.08875831722117947,0.46815904806792724,0.20874474732236556,0.23433788738852773
0.16554410312007425,0.07672514821106274,0.026517270258672343,0.7312134784101905
0.11374364753119404,0.25944924330540636,0.6182829746547654,0.008524134508634209
0.31934890778055064,0.013131936747407882,0.11146595340585444,0.556053202066187
0.08811268871003632,0.3327634491605156,0.5136772355016729,0.06544662662777496
0.04137528357572409,0.6935071968374126,0.13399796807376207,0.1311195515131013
0.14918283418385703,0.04611275442707308,0.7318998867541565,0.0728045246349133
0.06932563153951567,0.14774362915816774,0.0360483137683658,0.7468824255339508
0.07393201814563602,0.3806957547333456,0.05339489007585763,0.4919773370451607
0.27467226840511016,0.2677655658695721,0.30983361279066973,0.14772855293464782
0.09262582937430633,0.029652180946037332,0.8086082431031903,0.06911374657646613
0.1604303076149772,0.47965754631593005,0.15677072190688796,0.2031414241622048
0.055479940522293984,0.44175665221067667,0.43263953925471055,0.07012386801231885
0.017674639875454225,0.41036851073404795,0.4138048435392305,0.15815200585126746
0.14233795568459545,0.5514714339237118,0.2215261292918456,0.08466448109984713
0.0873358857960649,0.24313904007343343,0.6296016076210751,0.039923466509426624
0.21211869720793022,0.39517884855957386,0.03348088949855466,0.35922156473394123
0.712957840902104,0.21583990841767994,0.07028129151378733,0.0009209591664288648
0.4643191102151237,0.13190698296073206,0.29541411249724886,0.10835979432689548
0.36023392123988995,0.45991776506108784,0.12337505160172546,0.05647326209729674
0.24794459684792186,0.0762361089666251,0.08827065995762523,0.5875486342278279
0.28642715655965445,0.531772330038857,0.010003239859065703,0.1717972735424227
0.5272300378052484,0.2835196779226603,0.010513990857356647,0.1787362934147348
0.3151654990599315,0.22407672576934828,0.4481383837250996,0.012619391445620357
0.7795079817586911,0.16076336821506046,0.018578069194627914,0.0411505808316207
0.7150152088966866,0.1216100326913377,0.0036975001942073787,0.15967725821776832
0.3059230306954645,0.12034609894346752,0.35365183097791025,0.22007903938315782
0.33023453766774674,0.5606043641509998,0.022116648090649785,0.08704445009060359
0.3283778573546321,0.6103254585306764,0.04304413811522575,0.018252545999465745
0.3744559097641014,0.33346528470716336,0.14117793551664343,0.15090087001209168
0.38220576996238065,0.14757759978336396,0.16155493213243627,0.30866169812181915
0.31266933583963963,0.39188577919399614,0.2141768346874163,0.08126805027894791
0.10208380195519681,0.030511981485645014,0.7016889001019019,0.1657153164572562
0.24005322918071584,0.10933955444409138,0.22107225739681777,0.42953495897837496
0.3189173740638007,0.36580713333051096,0.23490410466658407,0.08037138793910417
0.34333111473859174,0.01560399987915299,0.5742353477868385,0.0668295375954168
0.1867173370066847,0.22404501260375306,0.11783082173706826,0.47140682865249406
0.1683312155139954,0.14806281282655007,0.05410359791862654,0.629502373740828
0.3001661059721083,0.2542577953483826,0.22451647064686323,0.22105962803264595
0.16428639173888065,0.4072998056543042,0.1863718762445461,0.24204192636226918
0.013872912877521919,0.1281932073529784,0.6427694656750979,0.2151644140944019
0.0032252819834192575,0.7610208655114781,0.0683924751793047,0.16736137732579776
0.23941372101688518,0.18051891786071872,0.11879942118383555,0.4612679399385605
0.2967370819549766,0.15240887691255528,0.1269543014694933,0.42389973966297473
0.123150993071358,0.03752142801114312,0.5410861540421128,0.29824142487538624
0.4184947720358099,0.19018013946178958,0.20014247634407817,0.19118261215832227
0.6447631535112314,0.013455455037793917,0.07954972043204417,0.2622316710189305
0.35296800754605,0.20464040240540843,0.19241158176012804,0.24998000828841366
0.35091493501842347,0.02340181372101024,0.2826149771777136,0.3430682740828526
0.08131936142610212,0.8276147498949645,0.08726160303983609,0.0038042856390971794
0.1573460432750242,0.31024987785378055,0.021613564415935253,0.5107905144552601
0.6359502415669758,0.09508253097306171,0.10882551750615584,0.16014170995380675
0.04910139322632233,0.024516752869399548,0.24846079760531295,0.6779210562989652
0.07629489150408145,0.41945670141986446,0.37380991483027637,0.13043849224577778
0.3107118313477026,0.4951283197347126,0.14685327751927407,0.04730657139831064
0.48006772862721725,0.3624149910653309,0.15242701615289006,0.00509026415456178
0.2153611614475565,0.279523630291509,0.12838110824679175,0.3767341000141427
0.1538652282737382,0.12971543788222217,0.5322868988867064,0.18413243495733336
0.11552227900244602,0.4034868739882958,0.34116781696982196,0.1398230300394362
0.10740530914364746,0.6226617403636987,0.07172924500460127,0.19820370548805252
0.11765694957253645,0.16479906339487949,0.07376532352583995,0.6437786635067442
0.11725274647557656,0.7243464113551369,0.13252320096912545,0.025877641200160992
0.4130295186812702,0.12343597087766837,0.2579841085508875,0.20555040189017384
0.8115103796839639,0.019605169150656066,0.1608142848454458,0.008070166319934237
0.1256467594400781,0.010534622096243947,0.8326951700301345,0.031123448433543435
0.211594376863937,0.23413359865600372,0.2637395654360232,0.2905324590440361
0.12041863840646103,0.05362231070291339,0.14897983454262295,0.6769792163480027
0.3824968114876535,0.355393996415747,0.20969813150287014,0.05241106059372932
0.34394488717264554,0.1600097004689423,0.3871289158425442,0.10891649651586795
7.535994435491769e-05,0.10809267662764839,0.783628833277373,0.10820313015062388
0.022197731480926235,0.7805696579394936,0.04297757422302157,0.15425503635655863
0.10005384589596893,0.07261842452288715,0.5198393165347913,0.3074884130463525
0.5290965703658136,0.13530467763795997,0.3281260702039603,0.007472681792266118
0.47999669421439545,0.05499749462155386,0.33279528518271656,0.13221052598133415
0.18332372592925839,0.26549208583358236,0.515629734510917,0.03555445372624229
0.2651723812757799,0.6029498677423697,0.08182509728874836,0.050052653693102286
0.34956166272936523,0.1767295597213369,0.3261381392200156,0.14757063832928216
0.05912164627268525,0.20348820142167084,0.23576796560609184,0.5016221866995522
0.40506497258283314,0.08936680774737359,0.36410233132754394,0.14146588834224927
0.3796510956325961,0.4152071077557259,0.1007323707605889,0.10440942585108914
0.10230004510853986,0.338416584967014,0.253738052796783,0.30554531712766314
0.35094130872326385,0.5269018710757194,0.10199116711884826,0.020165653082168545
0.026455540263904283,0.11869490289827977,0.3873899336413185,0.4674596231964974
0.013357148340804256,0.11734719812431796,0.35738968767581303,0.5119059658590647
0.24604793601296354,0.09957574570475265,0.14695160428338433,0.5074247139988995
0.4541775241792491,0.23583482907161413,0.21367784085358363,0.09630980589555328
0.23054551447709382,0.39115947228499204,0.012549398922204337,0.36574561431570973
0.1614545722184485,0.06949802830590565,0.3443920562193136,0.4246553432563322
0.43197854138187464,0.19801067074489384,0.35414370475684315,0.015867083116388424
0.4563932769506489,0.3523779450681725,0.11189392417626268,0.07933485380491602
0.11871890925977341,0.22323301744375224,0.07818933554532245,0.5798587377511519
0.3261302360032421,0.3201249329247084,0.2520341466995693,0.10171068437248043
0.10772001980009897,0.020383238700625535,0.13913050780093514,0.7327662336983404
0.12962233028254325,0.605140082827148,0.23506921120077,0.030168375689538635
0.16211129782532774,0.22784056065179464,0.45860204704079527,0.1514460944820823
0.5743057996564291,0.029884623008786818,0.052029921418211285,0.34377965591657256
0.1987074046997167,0.13746781196596852,0.4075908150983281,0.25623396823598654
0.30208669675350835,0.023070347298372044,0.13962114999494082,0.5352218059531787
0.033699595199079405,0.14478641151745766,0.7232128678005915,0.09830112548287143
0.2509560366297365,0.48587277986134636,0.11869137797914488,0.14447980552977224
0.01728663707322583,0.781942263976885,0.19059428017098967,0.010176818778899397
0.1656000525261288,0.7391665728586673,0.034814034062656866,0.06041934055254701
0.05325722327584763,0.22120742413976563,0.5222956260059113,0.2032397265784756
0.009060866751545599,0.06799933551107248,0.3491958265961187,0.5737439711412632
0.6585586230154893,0.04662650266754488,0.23419327252432293,0.06062160179264301
0.2929992581459476,0.11404788958898128,0.41599369044083484,0.17695916182423616
0.14055244405094888,0.36313302850132895,0.20107812909386677,0.2952363983538555
0.4188481726265936,0.18583047481638865,0.20710175649024584,0.18821959606677197
0.2802393077633229,0.4554311054565542,0.11062294300159939,0.15370664377852347
0.06469717917312827,0.5224608599021471,0.09224100575619414,0.3206009551685303
0.610512618259197,0.04829719380845111,0.11306880687937931,0.22812138105297264
0.09836543641126673,0.44050838413512483,0.07935378097346046,0.381772398480148
0.17701640374101707,0.46661710902476694,0.07914959783499007,0.2772168893992259
0.12234378075519745,0.06958137140622384,0.05596980958415427,0.7521050382544243
0.23653474296776875,0.053897356693737686,0.5260630490942554,0.1835048512442381
0.20753230766446723,0.035559572976098484,0.667498851827109,0.08940926753232534
0.057696260800934714,0.14314368370837424,0.07776850903404128,0.7213915464566497
0.19613191353854476,0.4086639824623097,0.23465401310160725,0.16055009089753827
0.1310845449737535,0.1010763580063138,0.5967908748630856,0.1710482221568472
0.8161254055124147,0.10963640012692057,0.057929420561266,0.016308773799398754
0.34724525851731575,0.47996686949855605,0.07015485694513121,0.10263301503899726
0.35520588892108795,0.015414639929709924,0.10476590605017899,0.5246135650990231
0.016234841934610614,0.07610485215078906,0.2694321519578488,0.6382281539567515
0.3419043543539296,0.07310299120388042,0.11926899445717379,0.4657236599850162
0.21918936827525812,0.22323680211707364,0.47211542287296654,0.08545840673470176
0.352790939279831,0.31954586517362565,0.13093675841525795,0.19672643713128546
0.4313824141417406,0.037440026946625383,0.1826611760258187,0.3485163828858154
0.09713361877715017,0.7039627316547775,0.16638058805006098,0.032523061518011355
0.15294946500897502,0.2352824115977603,0.5611873685745696,0.050580754818695145
0.24389626909334838,0.45656472123509173,0.1908078690763832,0.10873114059517666
0.05707846967628429,0.24326060965088878,0.24431885863382366,0.4553420620390032
0.22575604825624188,0.5257458130599879,0.08054439909190915,0.16795373959186097
0.33863687563761485,0.13014028962455845,0.0913768801821132,0.4398459545557134
0.008079980469393778,0.030902098850036436,0.29210930209720354,0.6689086185833663
0.3793376332061352,0.0096820415378117,0.14379224252978182,0.46718808272627116
0.4096038065206971,0.4014152209597946,0.034335701734187415,0.1546452707853209
0.08229239198849411,0.05497833952736294,0.47591623625573104,0.38681303222841196
0.22796979766677053,0.15639142687248783,0.2374954199746077,0.378143355486134
0.008352494579987695,0.14285334879772085,0.8046465690000676,0.044147587622223816
0.09150631956592836,0.09167563452270301,0.08661462220889576,0.7302034237024727
0.07518515432001503,0.3396768957964362,0.2545163026525396,0.33062164723100923
0.316712105151101,0.2740122459180477,0.27740861037195363,0.13186703855889764
0.017053325277498785,0.09159555070860602,0.6529639372172897,0.23838718679660556
0.10831182189346845,0.05840712913941642,0.3276336276493396,0.5056474213177754
0.3784268306354706,0.17762489099365883,0.2234990156542057,0.2204492627166649
0.49803080061107047,0.27299959167402954,0.05643186275297086,0.1725377449619291
0.03624104777530227,0.14182236622619054,0.5430670999373067,0.27886948606120043
0.036175510091092274,0.22066306896429957,0.22448120066794847,0.5186802202766597
0.2557092983033841,0.44120419521689286,0.1484727125468019,0.154613793932921
0.040130924021260395,0.22890482135411908,0.0039979681096495015,0.7269662865149711
0.7176437170031966,0.0699621661600876,0.025187004914547305,0.18720711192216843
0.16849227428403665,0.03743529470038659,0.7080622780052737,0.08601015301030288
0.20323632514165932,0.05880221350943358,0.5328162616297869,0.20514519971912032
0.05789339759390659,0.25937973351149907,0.12087030665804212,0.5618565622365521
0.30619827018072593,0.540727818054362,0.10179092957761895,0.05128298218729303
0.12142309448840567,0.4999694268629245,0.06080374029047994,0.31780373835819
0.12268489347549466,0.6084068997994874,0.11754459493733146,0.15136361178768656
0.05809143377356386,0.27511839505476515,0.39908798834199266,0.2677021828296782
0.5336934633299718,0.07883982700450118,0.27852824325984393,0.10893846640568298
0.1942342836450485,0.29121006756645856,0.3759488373853842,0.13860681140310885
0.13963469664499376,0.15196201792603073,0.5735597154616852,0.13484356996729052
0.22672985118487143,0.5763073657259852,0.07421813896596291,0.12274464412318056
0.23917623439175503,0.1350385594066731,0.06975605897367636,0.5560291472278955
0.4827448696704568,0.008295213758322028,0.19428925361487515,0.31467066295634605
0.13459970572646174,0.25829376973880785,0.16921895092756273,0.43788757360716785
0.41592202041008575,0.23554601990246898,0.0022082485182369576,0.34632371116920835
0.18048480391495086,0.2557393228177407,0.29389155616415136,0.26988431710315713
0.3417044963798014,0.18283204546054224,0.2982927617466738,0.1771706964129826
0.48911516322245213,0.21244724225409703,0.2563188761747963,0.04211871834865451
0.43331925584755765,0.3373362744855028,0.023347201757064045,0.20599726790987566
0.028726055305665597,0.12027806265378055,0.41368565515866135,0.4373102268818924
0.20254248297032504,0.5627589724235199,0.18006598983684705,0.05463255476930809
0.16306143239548926,0.16446001844638344,0.40380246601116987,0.26867608314695746
0.5985351523299975,0.07928171003155161,0.2616591527181563,0.060523984920294475
0.6898548424573344,0.0007317151632729932,0.09309168328027258,0.21632175909912008
0.10242215520218056,0.05648414886081141,0.8144432864994275,0.026650409437580572
0.23786033900126222,0.12948737084358664,0.023565228144072775,0.6090870620110784
0.011241779084759524,0.45013433022469446,0.43588731456184315,0.10273657612870303
0.2968022879755993,0.21928678806194776,0.17550644841466548,0.30840447554778744
0.5181160556892054,0.037633608647981286,0.12176249715807579,0.3224878385047375
0.7117787359623042,0.07014498805853314,0.08505170236264421,0.13302457361651848
0.4883364577143105,0.1910585517235631,0.1417234412037815,0.1788815493583449
0.01581192117974654,0.28942374662844944,0.5615745883758989,0.13318974381590515
0.5024496938307856,0.2185293810096043,0.27288082686464193,0.006140098294968153
0.2370035527652824,0.1993948769773528,0.34532147523317996,0.21828009502418483
0.3251426847412564,0.31958046058360384,0.14325379521335946,0.21202305946178007
0.21967729249153906,0.07960092014879744,0.3381891321152673,0.36253265524439615
0.5126028945735971,0.01083272039735022,0.2952207857195191,0.18134359930953364
0.6864811558860947,0.12225061682628909,0.013072510048619979,0.17819571723899616
0.13017509767700125,0.09070971999192237,0.2695118958080122,0.5096032865230641
0.4105846518396844,0.5233743059330986,0.03213681737532561,0.033904224851891394
0.03160146021288713,0.2577149619444399,0.23523453343313086,0.4754490444095421
0.7285846396295421,0.12250631162364943,0.04930792708533802,0.09960112166147056
0.254359789124377,0.22345598589777668,0.2140387793235771,0.30814544565426916
0.2890042332130739,0.19958415895243592,0.4020511760737415,0.10936043176074861
0.25501270048010355,0.07729252971745085,0.17281376653814146,0.49488100326430406
0.14332809840472174,0.29891847585564235,0.19042777395161042,0.3673256517880256
0.16041366900778078,0.5298491733220965,0.22038698816795368,0.08935016950216917
0.24972602575764893,0.2524195596675921,0.004007425344824867,0.49384698922993403
0.684283217523355,0.011926946184448497,0.22989709148067214,0.07389274481152447
0.11275453634555861,0.030115150943626514,0.6595542967723895,0.1975760159384253
0.6442900264561469,0.2211116790021396,0.11103103202642764,0.023567262515285906
0.08204874222473285,0.029976758797649442,0.2784288540270965,0.6095456449505213
0.21213054360842992,0.24723811654541009,0.22901752816475335,0.31161381168140667
0.633683105016276,0.19604284994695004,0.10342304006224728,0.0668510049745266
0.26151618196732945,0.20047031843174445,0.42920117325407403,0.1088123263468522
0.027518522193799508,0.0011678765783487634,0.5562033607932668,0.4151102404345851
0.7218417773684929,0.11989601743165018,0.11819508883863679,0.04006711636122023
0.6485780367771363,0.009937625224534521,0.003810988527782365,0.3376733494705468
0.11891855007402989,0.31770533571202714,0.5006429091492464,0.06273320506469666
0.16691865244209067,0.11224613596249523,0.7050034613907032,0.015831750204710872
0.1729131866455701,0.3148131270442514,0.2838507913016507,0.22842289500852783
0.1242495496368786,0.5234784120104072,0.0503462883392891,0.3019257500134252
0.04484213090647879,0.2861751036296591,0.12736985569296072,0.5416129097709014
0.09656159342296843,0.6576600152653759,0.006670926171628147,0.23910746514002756
0.3979072078878807,0.08051538760803187,0.033942144299482335,0.4876352602046052
0.3620035748808659,0.1151780455381616,0.04244013402625054,0.4803782455547221
0.5156707939800977,0.14909590863768435,0.31524637190654126,0.019986925475676907
0.05697944243975713,0.8130991504215298,0.017920615724566085,0.11200079141414689
0.48154409621617167,0.4190795405994444,0.06426742851805625,0.03510893466632756
0.0015934728710626108,0.11847570994411086,0.43346196180365754,0.44646885538116915
0.4818855893697314,0.36735414059724314,0.040361851752840065,0.11039841828018533
0.23428590240753647,0.2882266214671011,0.2539341646627955,0.22355331146256693
0.3389151006054026,0.03771952485613002,0.05502132746372888,0.5683440470747384
0.42114372501914865,0.09117194711233753,0.4747987642107501,0.012885563657763718
0.3126716913784049,0.3156244448886275,0.23086405639700908,0.14083980733595866
0.08841059560489523,0.17928647584277627,0.11811307240146293,0.6141898561508655
0.11329232718958124,0.2278302884775839,0.5854193628379087,0.07345802149492621
0.38783567778640154,0.04420922380174814,0.3381022251952134,0.2298528732166369
0.3996501362078594,0.05417860916911015,0.3503948052026743,0.19577644942035616
0.03903010575233139,0.12742724113660203,0.7744488100221104,0.0590938430889562
0.12142901484612895,0.3324094100653764,0.07725511837984798,0.4689064567086467
0.5462906271180699,0.24170629778862218,0.19206870222758615,0.019934372865721688
0.16386721908778767,0.2337578686782994,0.5574878867651469,0.04488702546876585
0.5831870463541857,0.2750249972338374,0.020507206941030587,0.12128074947094647
0.37213336183352624,0.30265826887706965,0.11777001237324587,0.20743835691615828
0.1878298033806107,0.34111931327006667,0.27400318183699884,0.19704770151232365
0.3606143385712878,0.1890046964394281,0.2389002999200638,0.21148066506922028
0.06327596472544703,0.015308267532683694,0.6441066997243875,0.2773090680174817
0.1777270202516361,0.2890960393480502,0.3875800497081259,0.14559689069218784
0.07936589886708253,0.22263721044560186,0.1719064753591995,0.5260904153281161
0.07177456449328126,0.3403484665155695,0.019656145071544603,0.5682208239196047
0.30926821385162057,0.14358818451631017,0.13190655040275714,0.41523705122931215
0.07858297141432455,0.21003752101386633,0.20842919825808362,0.5029503093137254
0.7010396589805518,0.04648704267266408,0.1922785315667477,0.060194766780036525
0.1361023768868112,0.31760933512088074,0.39358949368503215,0.1526987943072758
0.07654096780285108,0.06278719543322969,0.6695744004131156,0.19109743635080373
0.20414817304947894,0.11084466843288228,0.019615020773300403,0.6653921377443385
0.3469207431713278,0.00790449492927006,0.42792963970129844,0.21724512219810363
0.001800677938347058,0.35527107234803396,0.31971011428378665,0.32321813542983235
0.6526081059787084,0.012823611325269983,0.06321080842178937,0.2713574742742321
0.17643119864507942,0.0337366567957331,0.6112883512919433,0.17854379326724432
0.5548412779146062,0.04982531239386534,0.25824303111537245,0.1370903785761562
0.22757865196814187,0.665295767792414,0.058481738758241225,0.04864384148120286
0.08858177939701181,0.13567101786389368,0.1519941688679311,0.6237530338711634
0.7026974977196643,0.1750870109832451,0.007248830438666446,0.11496666085842411
0.2818579834601492,0.066809525429272,0.42823961931631543,0.2230928717942635
0.25162033292777675,0.1753472689460063,0.018596646964383404,0.5544357511618334
0.36213874368332377,0.3508790438715733,0.2591554833881649,0.02782672905693783
0.4398050169391742,0.4161604233615275,0.03145128791362476,0.11258327178567354
0.24447967857249572,0.1653727623845356,0.16049056931462521,0.42965698972834354
0.2764871407358145,0.3350870745004588,0.11583684708273718,0.2725889376809894
0.2935482689447301,0.07480176980227368,0.3157315214453258,0.31591843980767037
0.0828653338255663,0.6894636824901142,0.15460334013883378,0.07306764354548571
0.5405745170673959,0.09657851892736088,0.014066504252565733,0.34878045975267746
0.27279200129074904,0.04226473021153759,0.14434423427741794,0.5405990342202953
0.33654113707961586,0.1602006471010758,0.23286827294110138,0.270389942878207
0.1641270873424636,0.1812611420441018,0.15467286340544095,0.4999389072079938
0.2720531858597662,0.36534311161573557,0.009496351429983393,0.3531073510945149
0.03662094328491665,0.4030688458067522,0.13138836451137928,0.42892184639695174
0.4448119376734176,0.0603781045124852,0.4227517945363985,0.07205816327769889
0.12522824657454518,0.55238805104216,0.2790429775635052,0.04334072481978964
0.5651357135626153,0.14437900356173852,0.2062639268539886,0.08422135602165755
0.24332537195144646,0.30776432827143085,0.12260288420144418,0.3263074155756785
0.27399716535617624,0.045565144448522575,0.5587394991486847,0.12169819104661644
0.18379734973606104,0.142273008520988,0.5687733477615555,0.10515629398139563
0.05256190609387595,0.18564323195538185,0.043421938516418936,0.7183729234343234
0.4255717460131576,0.032022342262489276,0.4545756321173592,0.08783027960699391
0.25261848129061776,0.2733052927368031,0.08323054710976084,0.3908456788628183
0.19177908426081414,0.09937808284013978,0.6351767089925754,0.07366612390647072
0.4427175700536348,0.2047474892231658,0.26317570451890326,0.08935923620429594
0.03350532974128389,0.05938219140974657,0.7091227393787908,0.19798973947017867
0.8048362396914066,0.05438370257671224,0.0002602885361352061,0.14051976919574588
0.415079013036857,0.054275639713378725,0.11801416826068586,0.4126311789890785
0.09966391839285753,0.45481215943318104,0.24347338030304783,0.20205054187091362
0.40607322136937124,0.15781288867033985,0.040171188107559014,0.3959427018527299
0.26026791931116333,0.4136561163952036,0.3035688124068313,0.022507151886801767
0.12198247050043896,0.46294375350119066,0.12551146178700034,0.2895623142113701
0.09479356141393609,0.13469354473239323,0.3301880366199831,0.44032485723368747
0.14061122230872258,0.2746779884688884,0.23737767612402122,0.3473331130983679
0.6770141468323625,0.25653896178782043,0.059971482389863176,0.006475408989953906
0.006320572252896968,0.04386033329534737,0.6319563923791599,0.31786270207259587
0.29166140253566875,0.41130932907672774,0.04548839944402409,0.2515408689435794
0.33189526876957237,0.011927234851149,0.31704583662481,0.3391316597544687
0.18603655886096193,0.6366925521578085,0.04271926018815534,0.13455162879307414
0.47441967091634574,0.04757434292755643,0.05212581892952916,0.42588016722656874
0.06310497796324807,0.1079259489764268,0.19643385022403273,0.6325352228362924
0.37884177602799335,0.16654160824160702,0.18737481584389842,0.2672417998865011
0.04584080555036633,0.3375213665020459,0.2801138249328608,0.3365240030147269
0.1850718575036615,0.6467365672569314,0.023776620972418023,0.14441495426698914
0.4089320033905054,0.0609559917456896,0.515454481834823,0.014657523028981935
0.5621509987010606,0.21825898979747246,0.1485161532507096,0.07107385825075724
0.8156009557358985,0.0711067949683565,0.061092465987829775,0.05219978330791518
0.09958768209198657,0.4003844993849937,0.470110889782234,0.02991692874078561
0.04838367860919582,0.23344998986604892,0.2368828999098843,0.481283431614871
0.07896402117702316,0.645814108848448,0.014405252508172841,0.26081661746635587
0.20413405670393345,0.0070428114611920225,0.3609183768341985,0.427904755000676
0.0829217219133193,0.07862575259389931,0.3057404964847246,0.5327120290080567
0.09455640724224,0.4674964120133428,0.11403898208077576,0.32390819866364146
0.7393776430206033,0.02760743753675261,0.23004069892901977,0.002974220513624358
0.33482209941174673,0.23301468834563546,0.10596406760613812,0.3261991446364797
0.029476749664606686,0.09026744928593518,0.8642579279451141,0.01599787310434395
0.3333651832814546,0.17928315332487935,0.3254766439034131,0.161875019490253
0.24061921464934644,0.20440166115719435,0.368009321460905,0.18696980273255429
0.23373419401611503,0.15161361539345317,0.5364234652325867,0.07822872535784517
0.0987996624462212,0.502182614039574,0.19071681887606912,0.2083009046381355
0.3798792534379505,0.2685424849039649,0.216204895831251,0.1353733658268337
0.25141643314026374,0.40501902579734284,0.07505246954837447,0.26851207151401885
0.26026423049106884,0.34270300740656345,0.2666004418984142,0.13043232020395365
0.058735970782387695,0.6931302082986018,0.11270576931759048,0.13542805160142002
0.00819235196388231,0.5471712193951606,0.3110320534419597,0.13360437519899737
0.02890698306058483,0.16083719131916385,0.5557871496057906,0.25446867601446066
0.31439464028720787,0.1349117514415194,0.3384829496167478,0.2122106586545249
0.17056616021260257,0.07379331571985985,0.43302119523134047,0.32261932883619693
0.026067590571400994,0.2881077273873392,0.06939933292085906,0.6164253491204009
0.7937519802932492,0.11671711169731415,0.044490265853591726,0.04504064215584488
0.1554001053611632,0.05017781445774336,0.39019282216288725,0.40422925801820625
0.3206959326234357,0.02008670506275234,0.24180297728741001,0.41741438502640205
0.3856073375744517,0.22840018906220938,0.11896987484012407,0.26702259852321475
0.5808413223404302,0.016328013583241544,0.235258166446601,0.16757249762972729
0.07248942017587835,0.05811855166369764,0.1763336320301196,0.6930583961303045
0.29625520001218825,0.34053811828908526,0.2336894106689214,0.12951727102980515
0.6097930266281778,0.08109903000224396,0.2708192830856599,0.0382886602839185
0.7867538604368153,0.01937351677982261,0.029777400100423724,0.1640952226829383
0.01720095323782434,0.27060315145621494,0.46965263043419364,0.242543264871767
0.02894719102761351,0.36224648189481284,0.39360476357481056,0.21520156350276323
0.25550204498268847,0.3905146768703396,0.14744727210595446,0.2065360060410177
0.25375926015112454,0.5340750423141771,0.04450742442094235,0.16765827311375597
0.24724268978636518,0.06694157983863347,0.32838947887137243,0.35742625150362906
0.22868751576498172,0.06644878952212828,0.12634565198649542,0.5785180427263946
0.20847747677579434,0.5695908225869322,0.06061491701305614,0.16131678362421734
0.5559298115349356,0.053691009585299744,0.19535072864403094,0.1950284502357337
0.014527023257818955,0.18327469594443305,0.5392570823435635,0.2629411984541845
0.03887224408916916,0.5612119430842816,0.1810762775148111,0.2188395353117382
0.02624803177528205,0.3987466285824923,0.44819340214557163,0.12681193749665415
0.11767097103612625,0.15417917973467538,0.3548112204320675,0.3733386287971308
0.4431072114798601,0.4469709091769317,0.07024215152038273,0.039679727822825556
0.02456578747969246,0.0663766373098576,0.07002745322078671,0.8390301219896631
0.39228936055323477,0.12861173321226327,0.3052767387403919,0.17382216749411022
0.061594773471949395,0.3688072914689925,0.025574517622172884,0.5440234174368852
0.4198871114963125,0.09336113393382844,0.466546930785648,0.020204823784211057
0.2383526430229327,0.0005638702470297771,0.2957620310206704,0.46532145570936717
0.6474070742491107,0.07567008348028775,0.07627540802950514,0.20064743424109632
0.1223096646217829,0.42394762315992635,0.015198578155713243,0.43854413406257753
0.01606469818523859,0.019278539658014408,0.9398084347726134,0.024848327384133683
0.36763019480533576,0.008692445928118025,0.4491396223766443,0.174537736889902
0.3276164437948118,0.1320827041814175,0.29323201738396343,0.2470688346398073
0.3255270283272788,0.24716211629841064,0.34710894003291587,0.08020191534139473
0.12221538247902443,0.4159851260233665,0.09109224021088554,0.3707072512867235
0.2654801340455946,0.029774096813451615,0.2699146128114543,0.4348311563294995
0.46363175643023646,0.32045243540347773,0.014617505588043473,0.20129830257824238
0.016430595340361592,0.13875930925493785,0.3458391953720771,0.4989709000326234
0.06662088262126946,0.06928337889936047,0.365189931148058,0.49890580733131207
0.17044754024451672,0.27007913752161644,0.37088443107401364,0.1885888911598531
0.06234187450981658,0.1525301104728082,0.3525626692680461,0.4325653457493291
0.3920800767402211,0.0305943894848764,0.2702364566791244,0.30708907709577804
0.030978564836270688,0.6355426723315126,0.23552145072462075,0.0979573121075959
0.03403304683771767,0.48623074610985634,0.07688232716391599,0.4028538798885099
0.18088139275127152,0.3597007269861784,0.17482930161793825,0.28458857864461157
0.10493658013930621,0.5012474503156656,0.08036211709158295,0.3134538524534453
0.09837975605608368,0.04545465413495859,0.5719713006270234,0.2841942891819342
0.4803334416426358,0.18622930050758507,0.15916071593309883,0.17427654191668035
0.1540800961403666,0.15142232830384797,0.0654979046960786,0.6289996708597069
0.03465624370131973,0.031652526205985104,0.8032981438903768,0.13039308620231818
0.14159049088404832,0.4099504063799028,0.028914569722277236,0.4195445330137715
0.490237739400175,0.2588082577402282,0.06551253464654856,0.18544146821304827
0.10363410860977242,0.27960453064630153,0.16015365504637227,0.4566077056975536
0.21526824134519312,0.059271891902793986,0.2938310658852494,0.4316288008667636
0.4884510299858855,0.1603205455099403,0.3139197618114415,0.03730866269273261
0.6811037471883524,0.22326225458055932,0.002973794656010413,0.09266020357507758
0.03341191291814212,0.17243509211329222,0.5203241335811036,0.2738288613874619
0.2165783793969165,0.10922482433639313,0.33235949862332637,0.3418372976433639
0.33771388494010507,0.43884213533162103,0.010725932974920433,0.21271804675335354
0.4533686550513666,0.035469845070181735,0.1765345947350463,0.33462690514340543
0.3402250835438037,0.18377621746942327,0.3963350605678958,0.0796636384188774
0.35675433904917275,0.31828356338074826,0.314761919459554,0.010200178110525173
0.7756548633739004,0.07275919563175633,0.13622374985153982,0.015362191142803398
0.2035911914866578,0.34074967767569375,0.06764360928944115,0.3880155215482073
0.24613419627794736,0.4507486881263846,0.1324208787465758,0.17069623684909235
0.1935990292292887,0.23960429425751503,0.16687345693259376,0.39992321958060245
0.3086516144944963,0.5271175178118114,0.0747237169319521,0.08950715076174019
0.07534788098034924,0.6607586898161169,0.24091121824284717,0.022982210960686665
0.208178508095005,0.3802880345834824,0.24291315631277466,0.16862030100873784
0.008732574425299925,0.19890726490050215,0.49280050189376096,0.299559658780437
0.35699601494573263,0.36787647600632994,0.26643162562249356,0.008695883425443831
0.37776005181212713,0.05891198537845348,0.32062718806795754,0.24270077474146198
0.1275301105061042,0.4734978478161984,0.2901463640985337,0.10882567757916367
0.15837470789745114,0.3674438878798359,0.04578198939353895,0.428399414829174
0.23655816509871055,0.0952268501057994,0.2566726012777405,0.4115423835177493
0.21642428563816213,0.044742172445560016,0.048913831929539575,0.6899197099867383
0.24479914022122518,0.23479614492657627,0.406356823660709,0.11404789119148949
0.09263057715369034,0.1504291621192999,0.6083592947651942,0.14858096596181547
0.1146481567599611,0.30755985488408427,0.5443886958579001,0.03340329249805443
0.25471748599199845,0.4384618531628301,0.013783179558357846,0.29303748128681356
0.39487012462528476,0.29567241886107365,0.2561959756165246,0.053261480897117006
0.21821829664501777,0.16472025363774576,0.4193407388617103,0.19772071085552614
0.14104493501814094,0.23117075867566952,0.10920382031312788,0.5185804859930617
0.5712045659165322,0.2062517561996577,0.1853771368268911,0.03716654105691901
0.29650729314107965,0.04292924240627357,0.0032620404698784035,0.6573014239827683
0.5944667623045743,0.28070308947344125,0.009999179447836567,0.11483096877414804
0.48794278049633116,0.20046288665318523,0.09852348105957505,0.21307085179090843
0.7189973478109873,0.15333768861517535,0.1256718328750245,0.0019931306988126684
0.31186421357642036,0.33319470241062993,0.17950515003732906,0.17543593397562077
0.34762631677926864,0.0004875939990214961,0.00413905704274532,0.6477470321789647
0.01944410853552795,0.4914340957698699,0.46881829599572133,0.020303499698880855
0.1632178564131799,0.5328813750602243,0.08722243212854502,0.21667833639805087
0.049387850851791815,0.3388145664479651,0.24847549514389253,0.36332208755635054
0.14024827783365043,0.6289931220023104,0.2034474855053091,0.027311114658729995
0.6814618164595588,0.10800746093056028,0.02765781878932647,0.18287290382055443
0.31667812131576817,0.22340063320776762,0.3056525576702145,0.15426868780624972
0.28312067803355806,0.4383729537232059,0.0077361345897111,0.2707702336535248
0.0824950042998293,0.2882893354533659,0.5761876299070462,0.05302803033975887
0.0947794161660262,0.699238785869287,0.050868950728052774,0.155112847236634
0.3278033882887825,0.646494443487193,0.018511571021643372,0.007190597202381128
0.2611730285356321,0.4202339033504596,0.2264318695465118,0.09216119856739641
0.17508446315485682,0.5161906320185846,0.1323022693757994,0.1764226354507592
0.21572380339962507,0.22354270614355393,0.17611993759937838,0.3846135528574426
0.07935169180146305,0.31688642870511236,0.45589466797175915,0.14786721152166532
0.11411421232674997,0.06777225114378922,0.016054208827673843,0.802059327701787
0.27367846890033093,0.523778719325088,0.1876797500590798,0.014863061715501152
0.11880043988204567,0.7035905714423624,0.03905656797967087,0.1385524206959211
0.057697916543686514,0.3638288657181589,0.4488638628890708,0.12960935484908362
0.12155687087069351,0.30639246168030476,0.5327433550158557,0.03930731243314608
0.7158809165705105,0.10961843484126262,0.07757235525660315,0.09692829333162381
0.49610074007558497,0.044366602266440985,0.04894576530007579,0.41058689235789825
0.08127937993232157,0.04476450497876957,0.09414714653272876,0.7798089685561801
0.6211605451239051,0.013188085672739672,0.14269406266040868,0.22295730654294652
0.08276959340715366,0.340942092871889,0.335158076853017,0.2411302368679405
0.3379990151401665,0.07283691217755738,0.4180985319544126,0.1710655407278636
0.41121736099044115,0.11737577414106042,0.06361317224513967,0.4077936926233587
0.6776598321549551,0.11678152130923677,0.12398777579740501,0.08157087073840308
0.3675339039371099,0.12359472715552183,0.43232304547383765,0.07654832343353074
0.25432500558244414,0.22944704665738855,0.0946429399941632,0.421585007766004
0.018248758889077017,0.205421272857929,0.7351492261819936,0.04118074207100022
0.15874458190927443,0.028497958791660873,0.7729313474451477,0.039826111853916844
0.2499409907020587,0.10376525079699743,0.3369815047351907,0.3093122537657533
0.030168380318024775,0.3786462162883689,0.36707765318313645,0.2241077502104699
0.10361906700812204,0.711169637532546,0.056706684218296825,0.12850461124103515
0.1353461386260968,0.24466831372119513,0.17951844754657714,0.4404671001061311
0.3329926563264036,0.4055923281512676,0.13175003773304494,0.12966497778928385
0.562386016306745,0.06740157524716985,0.1013976866841764,0.2688147217619087
0.438634746256057,0.23376758687473512,0.21027270403929976,0.11732496282990808
0.5608023152859057,0.05988648428254242,0.2968735558337065,0.08243764459784537
0.6976643421754818,0.026381725738137116,0.14293674601121018,0.13301718607517093
0.14657560395779054,0.43519013308402893,0.08228941157134939,0.33594485138683117
0.5731348275973895,0.37829575608305277,0.007161174881092343,0.04140824143846545
0.2563411792601205,0.4396911527784921,0.01696876187777355,0.28699890608361406
0.06758541076616233,0.4315654330868473,0.41798188230742916,0.08286727383956133
0.4360161921454558,0.1370264000881931,0.38553282100473835,0.0414245867616127
0.11164924945481433,0.06720930317499714,0.7430202451908924,0.07812120217929598
0.06070888050028083,0.1640934365856357,0.7420696414985564,0.03312804141552704
0.058052256845109035,0.05424105341326634,0.7009626709043296,0.18674401883729497
0.057253256822216075,0.7435714773460341,0.08498793457854051,0.11418733125320929
0.2675930975211649,0.12717436541494884,0.0751761428003395,0.5300563942635468
0.026489825690860967,0.6931631372354724,0.2679868893434642,0.012360147730202402
0.11496770151329266,0.14004738939010933,0.5604172697189613,0.1845676393776367
0.4647158237434737,0.09839592720204808,0.3381209196755968,0.09876732937888134
0.38121811704798714,0.006093440711274453,0.29602975111363555,0.31665869112710293
0.18325057476677276,0.23227936925756595,0.42786511852110015,0.15660493745456117
0.09477344206531531,0.3040808311123246,0.17404606627901092,0.42709966054334925
0.3330404701072488,0.05339173647855796,0.21418543839323137,0.3993823550209618
0.15360640287330862,0.18624310027589577,6.527918967516324e-05,0.6600852176611204
0.0987875878012164,0.3577036621834118,0.0636501482507139,0.47985860176465794
0.23909565385886308,0.5189087108829518,0.076960662574535,0.16503497268365022
0.6324472920327493,0.10599661536810245,0.17146441994595424,0.09009167265319401
0.4215902055913685,0.2203644283089682,0.16487037337849675,0.19317499272116667
0.17307766836724542,0.31694269090471305,0.4581719290000902,0.05180771172795143
0.5062128884311733,0.0979802169842193,0.39244604992842697,0.0033608446561804966
0.1694095943314629,0.4787704225743872,0.3203380283284464,0.031481954765703514
0.1635870851249853,0.0174013655480031,0.4928176696310178,0.32619387969599395
0.04187351195800843,0.44669088231208465,0.003277940201046857,0.5081576655288601
0.3466763741839003,0.12635679489620547,0.3803723842245272,0.1465944466953671
0.1468260932805658,0.183963902605424,0.09437260098725403,0.5748374031267561
0.04416108601467594,0.11940036714988331,0.8145840531379365,0.02185449369750423
0.3908131967815017,0.09946145191586461,0.08141300916083295,0.4283123421418007
0.484726461713683,0.38470231410512523,0.07870008006595704,0.05187114411523463
0.6926192774210953,0.02515242793572609,0.19710088021718258,0.085127414425996
0.1655287323972847,0.08906336578029975,0.7180825599161964,0.027325341906219
0.19834031749694223,0.517907295139618,0.27496283824466655,0.008789549118773107
0.08641675569713389,0.19961940666920971,0.41723897591277764,0.2967248617208787
0.47580100063865016,0.13900074592372705,0.043914378263504736,0.34128387517411796
0.07885241056058628,0.21206834133622343,0.5895430688099786,0.1195361792932116
0.2296193167545283,0.28180999405830054,0.20996677699375693,0.2786039121934143
0.04974320795929817,0.10832153072281883,0.14667431836827396,0.695260942949609
0.16027369360822008,0.3029465097065426,0.4966380348317028,0.04014176185353439
0.273893186287233,0.0610027572791758,0.508228239702096,0.15687581673149528
0.20782851216200401,0.05182889020532787,0.17584586419937412,0.564496733433294
0.0604864139450159,0.22555955682926399,0.3528714189392516,0.3610826102864684
0.2179455459635459,0.11046809872135116,0.5180120896482308,0.15357426566687235
0.14939406798968413,0.40510088294223867,0.42358931454511106,0.021915734522966152
0.10046076538884331,0.3237695097189994,0.3057201110125029,0.27004961387965426
0.35422451049239034,0.35607959961084007,0.20082933557430602,0.08886655432246365
0.05302322600148967,0.09581916164567601,0.11554601010666114,0.7356116022461731
0.0005467341615943973,0.4918042099900662,0.02885113887907879,0.4787979169692607
0.33107978563804047,0.17823903926246687,0.31897330258329176,0.1717078725162007
0.708561818424862,0.08798473328939282,0.2028593203415883,0.0005941279441569384
0.3040079206616939,0.35104895989918,0.02288367971226219,0.32205943972686385
0.5752816401788932,0.14620279711540424,0.060929237877417886,0.2175863248282847
0.02636960411056428,0.0833859782581166,0.49219585282190015,0.398048564809419
0.2508524203122518,0.26285732228075953,0.47966414688192044,0.006626110525068223
0.18780104857548832,0.17748836016698874,0.46130942568439354,0.17340116557312943
0.41357182937962456,0.07377196311510749,0.08719115109887107,0.4254650564063968
0.04493431702226694,0.22968237984909112,0.5091680486286682,0.21621525449997392
0.47497962421129875,0.1789805551941487,0.103882108295956,0.2421577122985964
0.44095288860325643,0.13639820984251358,0.035930684932846096,0.3867182166213839
0.12783913914141912,0.4992582533460025,0.2219413227000457,0.15096128481253285
0.14770473006362042,0.15183209754736288,0.10343652861633085,0.5970266437726859
0.11262273923411495,0.10633739081642003,0.23260079626616104,0.5484390736833039
0.5889005324641273,0.10147717311299732,0.07386053023084438,0.235761764192031
0.16477505863488998,0.26851752454912153,0.381537056048073,0.18517036076791554
0.028581810391673547,0.8365132524940482,0.03817045318920283,0.09673448392507557
0.06689905588104637,0.5969081788009069,0.22415659889212322,0.11203616642592365
0.15800016514707962,0.24846861183026298,0.33400014303103653,0.2595310799916211
0.12464929927096767,0.04594276873899017,0.24659687162541116,0.5828110603646309
0.207606659063261,0.43435090311355296,0.21828944671829242,0.13975299110489367
0.07961899669496293,0.252996550988388,0.31556418648146717,0.35182026583518183
0.08031749034661252,0.2976168107120237,0.27127276125259286,0.3507929376887709
0.0687476999992028,0.17854713158481256,0.5912460404027003,0.16145912801328433
0.1620499722920487,0.5180415136604001,0.12907454848169808,0.19083396556585291
0.17374660102530706,0.48494386881594354,0.23807615456130563,0.10323337559744392
0.1551756494618821,0.12160343297072573,0.37892647228754295,0.3442944452798492
0.017480843666795885,0.5351399150535578,0.3734320654470058,0.07394717583264047
0.20717570574067135,0.16866335278551928,0.08304129638845326,0.5411196450853561
0.3572566039745091,0.1532576238123593,0.23909351331375006,0.2503922588993817
0.4202343956076447,0.3166033228874814,0.20342969729345733,0.05973258421141666
0.013713095100231717,0.7224655468807614,0.1798739019148174,0.08394745610418958
0.31807234656480704,0.0020560812471053106,0.0035202085559092005,0.6763513636321785
0.0569542524738441,0.6692007531383114,0.23227957308267985,0.04156542130516454
0.19573939121571177,0.22149039783761376,0.5740419151696512,0.008728295777023217
0.7999206887081932,0.06000007587933839,0.06488303302084883,0.07519620239161953
0.5106708312875663,0.1254838678108432,0.07549509117127624,0.2883502097303143
0.07991653428699966,0.5709234824977503,0.019034540376760972,0.3301254428384892
0.0007394241438574871,0.09040329490603044,0.5500914948785927,0.3587657860715195
0.542761347890307,0.17625510153147564,0.13403205967316129,0.1469514909050559
0.6196310492846784,0.13474879195024886,0.21911793519652273,0.026502223568550042
0.0008990549252943287,0.6684381069459573,0.0017789689049027117,0.3288838692238457
0.14763171085809484,0.04276337596411335,0.6075100450831561,0.20209486809463567
0.03408967153371915,0.14044626082880143,0.2378133316253782,0.5876507360121012
0.5280420661326244,0.06298015759382802,0.08107391270214638,0.3279038635714013
0.32035085658206824,0.07536326274654045,0.38879110952301826,0.215494771148373
0.0369311599015492,0.2460284956170863,0.6686675472041492,0.048372797277215156
0.10482854733343785,0.44302940246596223,0.11029400139534477,0.34184804880525516
0.13246701505058736,0.06856366330079737,0.3087100035786676,0.49025931806994755
0.12801563526805823,0.01947143530358032,0.20833026454564355,0.6441826648827178
0.256196003550954,0.08865998649908954,0.10230322747880966,0.5528407824711468
0.04020738670274085,0.8351614224232646,0.10443457441296336,0.020196616461031096
0.501719651321561,0.13854038655740344,0.30099374214747204,0.058746219973563475
0.0599976112193486,0.09937590675523772,0.820751055965168,0.01987542606024576
0.17263929085120094,0.10421896285360399,0.534153298099901,0.18898844819529395
0.5880453367451687,0.06942472979212835,0.3066340878729171,0.03589584558978593
0.3860524409490631,0.045553916290468725,0.10838848370568116,0.46000515905478706
0.022184586272665074,0.023517292780237443,0.2256504681912237,0.7286476527558738
0.27434001801783775,0.14766100325527945,0.42113226905783285,0.15686670966904995
0.5760882960243272,0.2171530481610825,0.0994760229610711,0.10728263285351919
0.10423755520105898,0.01237693624600998,0.7955573270587291,0.08782818149420209
0.021096218695839716,0.47623102437095,0.43467975120381636,0.06799300572939398
0.309536590658978,0.4375290853585365,0.17074685829673342,0.0821874656857519
0.3883811702213263,0.0009643646236021446,0.271636442121279,0.33901802303379247
0.016186130316914703,0.06999132475551775,0.29461934243502563,0.619203202492542
0.3704997624558748,0.14718741183128434,0.25426018751633717,0.2280526381965037
0.16376033048171623,0.4405418827203681,0.3595443161058531,0.03615347069206277
0.11848551280983491,0.6454962337289963,0.10202881667477685,0.13398943678639197
0.3789125611528504,0.25074597248615355,0.2925828901041218,0.07775857625687434
0.3960632950924686,0.21045230810485768,0.0627248651713625,0.3307595316313112
0.1263660959525273,0.12823763861219298,0.7388311349234924,0.006565130511787201
0.4509662584013187,0.3725677222484345,0.05022871671386543,0.12623730263638147
0.343397612342702,0.19935668628927664,0.08939816715413887,0.3678475342138824
0.10113721856729176,0.12391145915130271,0.6232380949346619,0.15171322734674375
0.6315945768036533,0.09212842942984457,0.21949095597467166,0.05678603779183049
0.6702568227495511,0.07709479867255141,0.12676107857419605,0.1258873000037014
0.3120296138748638,0.2557116371777869,0.1770150468828523,0.25524370206449704
0.25327899171421137,0.01907686223348041,0.3278823578473124,0.3997617882049958
0.03338898519912234,0.1132483804593582,0.05256409092906065,0.8007985434124588
0.13527002140617642,0.5894426608959387,0.1837902410496523,0.09149707664823258
0.136521748755087,0.048761023016779766,0.06309934599286186,0.7516178822352714
0.3629200164746721,0.012226122272115666,0.3229460689892953,0.3019077922639169
0.38511401220192754,0.3270865991118051,0.0328051280937689,0.2549942605924984
0.20807034443854683,0.4133281248489592,0.31468337505608857,0.06391815565640534
0.14142585485649364,0.33805978346486476,0.18836381586842207,0.33215054581021936
0.22455590141746432,0.020751361478421,0.2000464267331049,0.5546463103710099
0.259614775071408,0.15071821497701995,0.40644556879628124,0.18322144115529093
0.18899905284103938,0.20203236717098025,0.15528828050857796,0.4536802994794024
0.1107896343716434,0.04094702750904435,0.20912538983599954,0.6391379482833127
0.06531479208071268,0.09731740303720614,0.2740971929015004,0.5632706119805808
0.1205094526564966,0.05156337459886688,0.7564863521044349,0.0714408206402016
0.24766218521877134,0.5435123248510719,0.14690284722759284,0.06192264270256387
0.0957580525991574,0.1485370299145226,0.6556222032562101,0.10008271423010998
0.038785641625264315,0.07033424956976242,0.665489026315384,0.2253910824895893
0.12254935630107641,0.17690149615134584,0.4017039349010389,0.2988452126465388
0.7338899184988383,0.058089889391268565,0.17536549422728961,0.032654697882603494
0.21327464462690227,0.29914333140504296,0.2491743961825262,0.23840762778552854
0.431366867357777,0.39197115268700233,0.14652642663994245,0.030135553315278143
0.06596064466821062,0.2124005698412524,0.6422325898984483,0.07940619559208854
0.30558801622292614,0.1362565272244585,0.41934478167662415,0.13881067487599116
0.6524919707505058,0.04810399300198486,0.0654008081830029,0.2340032280645063
0.5995760174532291,0.23410430616153918,0.13522135251144798,0.03109832387378381
0.25487140344633225,0.11201564707254563,0.2266490494548497,0.4064639000262724
0.1148065564113558,0.3102563232637061,0.01373860016240089,0.5611985201625371
0.20848553144110332,0.12697457091226172,0.23697436900027144,0.42756552864636344
0.3174549415541178,0.20553578105717613,0.25813249986597836,0.2188767775227277
0.5442913985655131,0.22574914220184478,0.038286405138883095,0.19167305409375887
0.6332294223529096,0.03970184779163409,0.3119645737586657,0.015104156096790765
0.1839999873365484,0.09945534363434692,0.039386999640767896,0.6771576693883368
0.3621708615907416,0.01499892257195296,0.30433924888554115,0.3184909669517644
0.42276841204126697,0.08407781937623768,0.1041371184140571,0.3890166501684383
0.2574879448575411,0.5502073828396755,0.1256229366479743,0.06668173565480906
0.5602903303341037,0.03974018191509223,0.20155807992749591,0.19841140782330827
0.4466312459865653,0.037648788716798505,0.20615453571270423,0.3095654295839319
0.5198977705603673,0.18432944141584123,0.15743133640018306,0.13834145162360834
0.6317210406441044,0.06552733004296066,0.23865411835546974,0.0640975109574652
0.05873775227751676,0.3502063459250065,0.13144986531472186,0.4596060364827548
0.5964305479670772,0.06999204464733307,0.18672564624870971,0.14685176113688014
0.09365192991187159,0.06733833764923702,0.2703740968299462,0.5686356356089451
0.39363333095371855,0.15187627006947138,0.027771155817864948,0.426719243158945
0.253730079374089,0.6316719772415422,0.024327514710378847,0.09027042867398986
0.05656432054409853,0.4205480305557904,0.11249909200687219,0.4103885568932389
0.14176468102538453,0.4346341003118982,0.3170556889046441,0.10654552975807319
0.37680987539762745,0.09267526081375936,0.06676554552025896,0.46374931826835425
0.15393235902050761,0.06119196705796803,0.15998539228936787,0.6248902816321565
0.37038219333209604,0.456376109404304,0.11379528652078406,0.0594464107428159
0.20011944350866814,0.36258193209061595,0.42518959849710053,0.012109025903615426
0.21680618608646635,0.09773901066450486,0.23305015271112955,0.45240465053789924
0.00393255948095556,0.3508956125360868,0.159458000938792,0.4857138270441657
0.017339411338625557,0.19969266960538032,0.6324140418668992,0.15055387718909494
0.32707057555973346,0.14699591566478387,0.28198085625042585,0.2439526525250568
0.10521185378982632,0.09695400430305917,0.28620967387870216,0.5116244680284124
0.2576762398603952,0.1224075986977471,0.1679578836654411,0.4519582777764168
0.0942581578239073,0.5198693420646543,0.19032442272312672,0.1955480773883119
0.08858156584984225,0.0366213501939844,0.5272692450495589,0.34752783890661454
0.2097844212187085,0.17355822563698034,0.03640097332631711,0.580256379817994
0.658358635378744,0.21267111130959201,0.08555524394781573,0.0434150093638483
0.24374246681361614,0.12577050331045278,0.5091725570199562,0.12131447285597487
0.47928612409600396,0.18864930163124682,0.010113557628825034,0.3219510166439242
0.31133445880390204,0.6435499319132636,0.020829013535976663,0.02428659574685789
0.2601480575554518,0.6410118193034259,0.00686699798517646,0.09197312515594594
0.49024627327929304,0.27669787551784386,0.22265456041614518,0.010401290786718179
0.004288400949489114,0.09158550838022878,0.21585040911737438,0.6882756815529076
0.3918685411600848,0.15143216321695277,0.0715456614991195,0.3851536341238429
0.0872665982055839,0.43917197979902756,0.0413282093747025,0.43223321262068604
0.12703513554917173,0.015538143152511008,0.19523312730288397,0.6621935939954333
0.3173991079685457,0.05631184050326778,0.3095932006216374,0.3166958509065491
0.2658106046679613,0.26747000787404607,0.22122659070417106,0.24549279675382146
0.23895888672788676,0.25196321300401237,0.28761204639399396,0.22146585387410675
0.017485067973627547,0.4542698804596266,0.09055624012853332,0.4376888114382126
0.4254738921017934,0.05615614507277197,0.2088516099245219,0.3095183529009125
0.45653001871196874,0.1533702804313368,0.03161968009831274,0.3584800207583817
0.5767092796255433,0.01897040705396687,0.11395028806039104,0.290370025260099
0.4237417062519973,0.03879546315549154,0.3590507786695073,0.178412051923004
0.21965245283050458,0.5974353171682508,0.052150169312340344,0.13076206068890422
0.2544872815749197,0.5900779442588446,0.13929128241898042,0.01614349174725539
0.0735442709524204,0.12079940576612473,0.032473232495969895,0.7731830907854849
0.4473580912665475,0.050673390186059,0.07629328266340492,0.42567523588398876
0.26184449876802035,0.0481527162155639,0.23397707970332016,0.4560257053130955
0.09004466455805372,0.02075769782124121,0.12980407288023826,0.7593935647404668
0.338843716572675,0.41451984689401156,0.16031010842726415,0.08632632810604936
0.07605416455050576,0.004730359328228927,0.5239709997120954,0.39524447640916993
0.32121353123202095,0.4500615889540786,0.044586863543758105,0.18413801627014242
0.3905207709970674,0.16212103576778938,0.4080929570493889,0.039265236185754296
0.4850891486012149,0.0913517931966127,0.10275107112585494,0.3208079870763175
0.5960652775313111,0.03220596368807346,0.13324379410409035,0.238484964676525
0.1715731413762831,0.16716503212913075,0.2353867926508946,0.4258750338436916
0.02338185882790089,0.27543120341861954,0.08811103013159108,0.6130759076218885
0.10846657859105219,0.31058035953136665,0.5740269322434697,0.006926129634111746
0.042013164331421896,0.27508756938886575,0.5289420301667157,0.1539572361129966
0.06422846734702414,0.4631567613160214,0.46120887661294635,0.011405894724008313
0.11462587244156891,0.15318023353762916,0.668273814011455,0.06392008000934706
0.4899534576445452,0.008324917905487013,0.27456574802221045,0.22715587642775723
0.09066865904518229,0.4885823091669864,0.3746561171623499,0.04609291462548149
0.23259732194344504,0.018511316199528314,0.7404141070251157,0.00847725483191111
0.17210822875024354,0.6766608113452751,0.06458871738782554,0.08664224251665584
0.1268517608009718,0.1081798463837413,0.16708092869161256,0.5978874641236743
0.09362238791400603,0.2782614711328159,0.1789629366073178,0.4491532043458603
0.13057980590422588,0.27198417928185475,0.25448288123353785,0.34295313358038165
0.030478387388005963,0.5665821612090369,0.39631140161906314,0.006628049783893981
0.08981274200699113,0.1283556217794648,0.046376996419431965,0.735454639794112
0.32485447534682405,0.1663358232266285,0.004820773761835457,0.5039889276647121
0.087056534151804,0.01971173383280606,0.38906448214229855,0.5041672498730914
0.018235970801541143,0.4211704469144463,0.4766096893111354,0.08398389297287716
0.07839202336668179,0.3315424724884993,0.4996509908766533,0.09041451326816559
0.23032332051875348,0.12540694691148452,0.4015144764492465,0.24275525612051557
0.4099709755864596,0.09510310511978802,0.3207844321705468,0.17414148712320554
0.1334637306906855,0.10084245589230573,0.7309401056807128,0.03475370773629599
0.13977403013279044,0.739276080102667,0.09400705024663923,0.02694283951790329
0.004780632590452345,0.011065031961520217,0.7058675652984967,0.2782867701495308
0.5850529450575293,0.09843841702927174,0.05935953159139752,0.2571491063218015
0.08743028303624781,0.2135881453966285,0.36341536233504895,0.33556620923207475
0.16030191131392083,0.00687556115546391,0.23938743496164125,0.5934350925689741
0.18581399009207175,0.34854455666369366,0.05107306087031027,0.4145683923739243
0.06886078906037783,0.4750138234055442,0.44977982547681067,0.006345562057267262
0.10054035103143757,0.047389520916291214,0.7548462742270317,0.0972238538252396
0.5379152455202085,0.34042896744299705,0.014498194108503799,0.10715759292829051
0.020785567475986047,0.11961705206041505,0.46380201083155526,0.3957953696320436
0.2595604846733374,0.4391836366538135,0.27767282587419756,0.02358305279865167
0.16447342176779234,0.2805062970451694,0.08041954406052522,0.474600737126513
0.6111227588009713,0.05222356756914047,0.22659030339020303,0.11006337023968507
0.12880541778519472,0.10049316065497049,0.6508842737079032,0.11981714785193137
0.40437896085660135,0.15168502678445964,0.27507591000350057,0.16886010235543839
0.19182086019428937,0.1761417711760474,0.20852568150672407,0.4235116871229392
0.3104649012652967,0.4199932413945171,0.23159188485215113,0.037949972488035125
0.43665817636218024,0.40084779796866776,0.13159313996557015,0.03090088570358182
0.42411488515717377,0.08652945263258055,0.23830894890343388,0.2510467133068118
0.1997240236667661,0.3765431677953773,0.29511614942569186,0.1286166591121648
0.13257433388339118,0.42822208138050705,0.3258568270521131,0.11334675768398877
0.16702239169684266,0.5634867033494285,0.2374381238703422,0.03205278108338665
0.03120762739423945,0.08037441368276407,0.8835493405387301,0.004868618384266237
0.5675487228784158,0.08180860816388916,0.1287244034559859,0.22191826550170915
0.33066439131573827,0.06099765129382514,0.43955442839551184,0.16878352899492471
0.00646258569913684,0.8752608397214218,0.018698258143852755,0.09957831643558858
0.4419272958060861,0.3262087493445162,0.14045343204727873,0.0914105228021189
0.12462905943460892,0.2533482090164005,0.39804460420298315,0.22397812734600764
0.15572738992387014,0.09307317869805698,0.11369265216958375,0.6375067792084892
0.15402307691646303,0.025798794130505166,0.657042002667686,0.16313612628534574
0.035935239517929665,0.3598752235306252,0.15498818232819134,0.44920135462325383
0.2502939090047494,0.033019950872303805,0.08309292257991913,0.6335932175430278
0.17552309948170006,0.296605924433893,0.07262549136399844,0.45524548472040854
0.1308959704294726,0.1317591230824647,0.5667734627382683,0.17057144374979438
0.08103198037761375,0.062453849710460356,0.13956455120204697,0.7169496187098788
0.08267623155965904,0.0769854420885583,0.2638172039322282,0.5765211224195544
0.32695530648706594,0.6206038942755974,0.004410531170838871,0.04803026806649784
0.02279900180680499,0.15275449255073983,0.18881343137043982,0.6356330742720152
0.47704769055151963,0.4489870918108273,0.06284478455842557,0.011120433079227648
0.5671790863741298,0.1572662097602892,0.10141207517944616,0.17414262868613484
0.3475708503353904,0.05104348774376161,0.20885979355487475,0.3925258683659733
0.06821644466476037,0.391301784676362,0.43567993633746027,0.10480183432141726
0.09465079259545851,0.2379126313780868,0.5706892289672197,0.09674734705923493
0.07010520809452435,0.25278822638824583,0.314150753066283,0.3629558124509469
0.0488766465976934,0.23676867663890777,0.023313731723764893,0.691040945039634
0.41559056262688693,0.2799343574895797,0.05687482804764518,0.24760025183588813
0.47262793640327727,0.2388526911575849,0.19249683678794435,0.09602253565119337
0.15177097502907083,0.13455067148865643,0.4512168839363304,0.2624614695459425
0.13143376620923408,0.396546255360633,0.38165494883783246,0.09036502959230042
0.14110742832272827,0.1877452044230644,0.4291830107696648,0.2419643564845424
0.17045221945542516,0.6531738212288226,0.14683789395326963,0.029536065362482624
0.011181829333894536,0.34421412049095634,0.2343735390421019,0.4102305111330471
0.44177669426511273,0.424289031834658,0.12004079925467823,0.013893474645550973
0.15159045408865007,0.08544173733753661,0.6714915307958463,0.09147627777796702
1.4365885819997002e-05,0.15985292982674293,0.032248807585459754,0.8078838967019772
0.1728113378047556,0.18849326248446524,0.5636982531589112,0.07499714655186812
0.12602902945666236,0.6454993432645041,0.11653361302544722,0.11193801425338631
0.13258406291306854,0.13762017655741327,0.08885455531135314,0.6409412052181651
0.23140319646442187,0.12682416274460964,0.07845700847389131,0.5633156323170773
0.27307091119000215,0.4856154504781591,0.060800264011790166,0.1805133743200484
0.23343069443223383,0.5376817841303996,0.1732818891484363,0.0556056322889302
0.081473182127546,0.13943812743866055,0.043887848626770955,0.7352008418070225
0.04932595990752347,0.23296524677064107,0.4678645436511682,0.24984424967066723
0.028265561837886425,0.29839761590491026,0.4017710728573277,0.27156574939987566
0.4014887935541304,0.020590601313749145,0.033537447494388736,0.5443831576377316
0.06378172746783137,0.14260995767527276,0.3590514131376069,0.43455690171928907
0.09813838781416508,0.5573180966695281,0.17450848445265016,0.17003503106365656
0.16230589585451913,0.22675791851780638,0.2765073224803759,0.33442886314729864
0.5241553092851613,0.0949077191171409,0.08069831699605154,0.3002386546016463
0.04728632905572238,0.7276273049148615,0.07414923678009099,0.1509371292493251
0.11726056406989019,0.585700888038467,0.2692686901590732,0.027769857732569757
0.11485434537309881,0.22042325727749687,0.2987357176149519,0.3659866797344523
0.14785886794588823,0.3508409223234754,0.22964029512599055,0.27165991460464584
0.46629926886974926,0.13255408727510543,0.20096212434530653,0.20018451950983876
0.11318335684005063,0.39730259978377797,0.22969064798584396,0.25982339539032734
0.042424088353675955,0.7102619810571371,0.1897301095401953,0.0575838210489915
0.18686260015391953,0.3744422259764641,0.2152947699284087,0.22340040394120772
0.059655507401212685,0.058762256954761935,0.8351822293408792,0.046400006303146356
0.09255393289568432,0.1637555451066668,0.01383822455433569,0.7298522974433133
0.5283514174225776,0.20881570078739292,0.0650532433652092,0.19777963842482035
0.2953827239538226,0.09512831446608108,0.3611110843460111,0.24837787723408528
0.20312806488486526,0.13661338630481473,0.3407400001248258,0.3195185486854942
0.23221593445186411,0.1679647498489279,0.06410374006439533,0.5357155756348128
0.05441050087711464,0.5766700820360727,0.04417942260937327,0.32473999447743934
0.06220251701153574,0.4811192128805258,0.18534139665141147,0.27133687345652713
0.30406728362566654,0.35413056752552247,0.3160577650644098,0.02574438378440104
0.06366187025116381,0.1556004536853459,0.5618634986359474,0.21887417742754284
0.07222060431983772,0.11462154462218754,0.5967683204864589,0.216389530571516
0.5472514307765547,0.19155185987455414,0.13028639489753246,0.13091031445135867
0.4281470201656358,0.27602329149719035,0.0520367321380547,0.24379295619911925
0.3460220295829076,0.1423293086038686,0.4025347265668251,0.10911393524639863
0.29169559345935747,0.31134376885352544,0.03673632906832252,0.36022430861879445
0.5223436595008402,0.19162943068166058,0.027540852287930323,0.2584860575295687
0.503946737234569,0.37835500106128206,0.06635211021108507,0.05134615149306402
0.01853288171294966,0.6394729985172916,0.28411511588678595,0.057879003882972783
0.14616274040918587,0.07375379739716655,0.4571232622957405,0.32296019989790714
0.2051532529224827,0.004286400196870273,0.31381305513045127,0.47674729175019587
0.29646123819192827,0.051197616771569796,0.4470125239427729,0.20532862109372896
0.2526846501299747,0.10508876814149674,0.594835201493119,0.04739138023540944
0.02524096986345884,0.22871079663738608,0.13661854313897195,0.6094296903601831
0.12433574840955433,0.6112270455773504,0.2554864751450287,0.008950730868066338
0.35115289704258235,0.03789204373590099,0.18291320780745474,0.4280418514140619
0.060294038882496175,0.34393101739041976,0.3809524041223594,0.21482253960472467
0.2196494843157509,0.20350714703819883,0.5703318896953918,0.006511478950658591
0.0344764288223984,0.3084358524331209,0.49148313653724074,0.1656045822072399
0.13306497711385518,0.03120122730637537,0.6415231508479269,0.19421064473184257
0.20474843957191657,0.09382689790542985,0.6456990775958392,0.055725584926814356
0.13060693288470637,0.43597675736001457,0.04754853830302259,0.3858677714522564
0.6887871034850598,0.2387237098484447,0.019987090215198493,0.052502096451297144
0.02558414431595727,0.4976795490758613,0.1132617773634403,0.3634745292447411
0.0005020951414225262,0.2972780911181534,0.6749548597665299,0.02726495397389428
0.3956511473352749,0.4800287622972074,0.09817975145001331,0.0261403389175044
0.5014245026431647,0.19120895217055103,0.2540983107357082,0.05326823445057601
0.28927700443570753,0.009313863670190648,0.5090271616383918,0.19238197025571008
0.46440673385241965,0.18621874671215252,0.25089473032263915,0.09847978911278864
0.3550149757892404,0.017997827412044125,0.10529634610987194,0.5216908506888436
0.6765692109921059,0.15206396319670668,0.049463630344347705,0.12190319546683966
0.1579686771573434,0.4701346697994051,0.3695364196116921,0.002360233431559223
0.6108924902146698,0.003727594331599831,0.3125599275988129,0.0728199878549175
0.11845899929712161,0.07538510973268236,0.7197182444165974,0.08643764655359869
0.07095498803849831,0.44188602443931524,0.03279217088246072,0.45436681663972567
0.24608049076235375,0.26351596725594384,0.13700926179870673,0.3533942801829957
0.09189520821729662,0.4895596034218498,0.03731704585028188,0.38122814251057163
0.1493947345817841,0.24299394000547112,0.30632767145821377,0.30128365395453094
0.23891800291364645,0.17046455745018546,0.05479579190958135,0.5358216477265866
0.0705161370022327,0.5320699630657884,0.37867477692918716,0.01873912300279176
0.013902054543531512,0.0017549436746438594,0.5103863254836956,0.47395667629812915
0.35728146877009903,0.5210319179554598,0.0023594552749362234,0.1193271579995051
0.30691477776151904,0.3729553633085659,0.015410799679610322,0.30471905925030485
0.1685195346507609,0.45350217389999403,0.06618140259507936,0.3117968888541657
0.14250191640481158,0.21375728859361595,0.48464596900434154,0.15909482599723085
0.05654031633012054,0.35027718822184617,0.17654220066721515,0.41664029478081804
0.606511481054439,0.053631025699652994,0.1978219581877008,0.14203553505820726
0.07601792239225705,0.12780147080946516,0.3986155387030222,0.39756506809525544
0.3660085862760558,0.0825969649670314,0.3765630206143294,0.17483142814258348
0.13711387348834123,0.027605645516486494,0.16676617533758667,0.6685143056575856
0.20525620387939567,0.26897818204841284,0.007158288487939228,0.5186073255842524
0.3668191948838057,0.49235358793887035,0.08610076932070215,0.054726447856621764
0.16426031731152885,0.07218325765023682,0.7542714303219685,0.009284994716265652
0.36079779475836415,0.16996450745439734,0.3367596237161594,0.132478074071079
0.00915037407444858,0.04369067913918152,0.8198017388643875,0.12735720792198246
0.09698828753317666,0.6006791392104782,0.14287943930527608,0.15945313395106903
0.7975438648561908,0.002918978825369888,0.17246814648498784,0.02706900983345149
0.10316942548486804,0.45491056076667885,0.08308622276107214,0.35883379098738094
0.11644548243354835,0.43364391004588965,0.11093029908435426,0.33898030843620786
0.06775664999071775,0.22077916422047988,0.010306312500263011,0.7011578732885394
0.604869313521407,0.06779295595566348,0.23600167329325802,0.09133605722967138
0.2959391752903996,0.21193659264941986,0.43563495709138395,0.05648927496879664
0.2940776805505189,0.037553508010324636,0.3553018072169578,0.31306700422219863
0.004315076146332319,0.033318974406917064,0.011267615990935455,0.9510983334558151
0.5033241611585808,0.24779510580296507,0.12975782982364537,0.1191229032148088
0.3392663015479794,0.039671672680204204,0.576083369386065,0.044978656385751506
0.5430850930990287,0.17112664762297408,0.1407086102116929,0.1450796490663043
0.4967020384116123,0.11674507093562764,0.16200553261902967,0.22454735803373024
0.24424404265060645,0.4462074464385062,0.00045814096260934537,0.30909036994827793
0.18559863244150185,0.06844910871511449,0.6862166449384278,0.05973561390495573
0.37366185304545474,0.16156947223387608,0.2313845184691487,0.23338415625152056
0.20303550083165647,0.3291269450785735,0.04540230312779811,0.42243525096197204
0.6754970763954014,0.10868698597415244,0.056637844439485864,0.15917809319096032
0.43267200315363075,0.08372289624001159,0.38737920559092626,0.09622589501543141
0.06496218299317841,0.009959080415556317,0.2521968540269466,0.6728818825643187
0.06124833526604601,0.7067714843447507,0.137000311267362,0.09497986912184134
0.4040865685347054,0.4155650846376817,0.007492262798796152,0.17285608402881672
0.4511390869236956,0.3471700882763326,0.06090206215241558,0.14078876264755627
0.3690860795339845,0.18431731646469077,0.22492384172169336,0.2216727622796312
0.12437548213402146,0.3539811945675879,0.22367829083604776,0.2979650324623426
0.3791949556145307,0.08575637591813498,0.06679580964067283,0.46825285882666146
0.19982750759907414,0.49830645906650445,0.2646259700354772,0.03724006329894434
0.01914505034078701,0.48181085532867585,0.35489582746436865,0.14414826686616847
0.11740247935304352,0.24103827209412873,0.4142986071767265,0.22726064137610127
0.3378955370771849,0.16228451622700385,0.20696117665854455,0.2928587700372667
0.02765873482276991,0.5409429309708608,0.228941632391749,0.20245670181462033
0.12152477306434406,0.12845943274661759,0.29087740363867687,0.4591383905503614
0.34251223439857315,0.40477655455129524,0.23951792872705438,0.013193282323077152
0.020978576678882997,0.3449739381627832,0.44140070317696434,0.1926467819813695
0.13891061384909328,0.11151987727401946,0.23447839364709483,0.5150911152297923
0.24069515875373024,0.5346209400221085,0.061236278772882374,0.16344762245127892
0.4249200153828154,0.3326833410176985,0.2143125406565739,0.02808410294291212
0.590259691135884,0.09431184694217128,0.08341537293500421,0.2320130889869405
0.5603540255226699,0.050707679284588934,0.20779535744085473,0.18114293775188642
0.4332213444563144,0.3470241918967954,0.039481424583771636,0.18027303906311842
0.016797203533136962,0.34737469400074233,0.6052755868611626,0.03055251560495812
0.08897256638693107,0.17848930994011553,0.04135011355094682,0.6911880101220067
0.2934550099430601,0.022463964214305875,0.49704956324071126,0.18703146260192272
0.8714130523561784,0.05771969889444664,0.05188303189218803,0.018984216857186865
0.2253038222872633,0.527643173059263,0.14148183013222504,0.10557117452124853
0.5577461084410409,0.3432459737405219,0.022093822660627836,0.07691409515780931
0.24359166704445742,0.22691209937626322,0.2243742488715674,0.305121984707712
0.1316588628311867,0.4781497628716107,0.30016930437632117,0.0900220699208815
0.1343677203228604,0.22685448335306346,0.01567601128252698,0.623101785041549
0.006168081365508311,0.030316438959449674,0.25941900778666016,0.7040964718883819
0.10790169448174923,0.28939007449036236,0.09735820349682156,0.505350027531067
0.3745085312332022,0.21168226669972445,0.40236912899382754,0.01144007307324574
0.3743025923522058,0.3703050412603412,0.19054080458926345,0.0648515617981895
0.5235126656981626,0.02376174511547276,0.27245388295046635,0.18027170623589842
0.0507858520925592,0.12983676639708208,0.319583010277012,0.49979437123334663
0.0905530637534208,0.07635980246368493,0.7267618417710238,0.10632529201187055
0.46001069684833534,0.15056181967585536,0.2248738202395331,0.16455366323627618
0.12128817790121996,0.41631629889360544,0.30153909744336654,0.1608564257618081
0.06934979475854253,0.058565091803302945,0.34386624353271844,0.5282188699054361
0.22168771283085156,0.26523494413269993,0.15314223152350392,0.3599351115129445
0.1486132296085431,0.09030115398144709,0.13260418069555063,0.6284814357144591
0.21740022296545297,0.03980209039232584,0.05239578831957663,0.6904018983226445
0.070591012588679,0.617885915102235,0.2960074205317619,0.015515651777324132
0.26118205833731145,0.5636737171016466,0.04807180201524815,0.12707242254579393
0.7994351397662565,0.025972146546300413,0.12451708046724673,0.050075633220196446
0.24097636982053278,0.16519466752180653,0.11576107913289055,0.47806788352477003
0.2269529888791883,0.19311468564343842,0.3579071386393551,0.22202518683801808
0.20627640004756237,0.17475208430855918,0.47355655623404824,0.14541495940983018
0.38254091914599203,0.18316811165448352,0.3268216783319534,0.10746929086757101
0.002574271594701372,0.11254437092409991,0.34779501930910767,0.5370863381720912
0.45682319494855766,0.1373440978231287,0.08366881890946341,0.3221638883188502
0.19265250021399055,0.009458005206091686,0.35367581551629484,0.444213679063623
0.061529601794586455,0.004557337540877484,0.043006287858222476,0.8909067728063136
0.7869546993909289,0.04945610012870399,0.0974411913301934,0.06614800915017367
0.6541316269745963,0.03892386766338075,0.07994756428910364,0.22699694107291943
0.4425648431732651,0.12849672379959975,0.3574986924078353,0.07143974061929992
0.18300328922051268,0.18963172878760257,0.25760628836753124,0.36975869362435354
0.37603162624044606,0.006022761017551254,0.06463180564431178,0.5533138070976908
0.058545045235009405,0.3481285157075902,0.47763740932102283,0.11568902973637746
0.2941650835112799,0.26742642115385185,0.392040801959803,0.04636769337506523
0.14336718701319076,0.10550408639478756,0.15551446490234655,0.5956142616896751
0.32209140720383633,0.0776988985132809,0.03841898961847114,0.5617907046644117
0.5625854143566291,0.07262365157290383,0.20723938825321822,0.15755154581724898
0.44746033838142213,0.11619217127584369,0.3217826777392676,0.11456481260346663
0.02861290259036028,0.4752517471445516,0.3643285379298033,0.13180681233528474
0.19726422403134217,0.06323627233911834,0.6435176549409444,0.09598184868859506
0.2139450017908604,0.020713520562803234,0.557878389769517,0.20746308787681939
0.0095596851228497,0.639416774948529,0.05046150462289431,0.30056203530572706
0.6972655538251916,0.019677773600385026,0.10282180940267556,0.18023486317174792
0.03401072265296595,0.04751394399927356,0.06311954955716027,0.8553557837906002
0.35767054158157874,0.4541131437190429,0.02107134075248105,0.16714497394689734
0.019461135785322742,0.6815109944718141,0.04417284341269038,0.25485502633017276
0.04062436937667399,0.1609571766937477,0.7279557673613124,0.0704626865682659
0.050093128900854336,0.22812305825445858,0.018856756400102252,0.7029270564445848
0.03278205111395402,0.2677863657392292,0.4888342017112404,0.2105973814355763
0.12905138140135564,0.6876216457920028,0.08180540422173531,0.10152156858490635
0.0674728120671331,0.8458432335017834,0.08048080670659022,0.006203147724493214
0.10486452479037892,0.38523678854233856,0.22459238712100185,0.2853062995462806
0.20155644184484744,0.0861871917664632,0.42046466866202603,0.2917916977266633
0.6332441163328071,0.21265325169105806,0.050095955843175416,0.10400667613295937
0.13423914075121557,0.3222178547306049,0.22449748923951976,0.3190455152786598
0.10177401625402545,0.5613809304270302,0.014162868111221773,0.3226821852077225
0.27663602265107545,0.26287821554310814,0.28466109547467594,0.1758246663311405
0.1282214650288686,0.31962458668718285,0.10932560180598319,0.4428283464779654
0.05037128692233757,0.1986403112521329,0.3948941969529191,0.3560942048726105
0.10620467894728332,0.27616812848806055,0.1160446410789265,0.5015825514857297
0.28439540448445144,0.07251134911680328,0.3811257732855612,0.26196747311318413
0.014192146160987502,0.2549237155176537,0.40891475923525017,0.32196937908610856
0.16324970037613584,0.4248245817164745,0.2506961738061373,0.16122954410125234
0.17417868292019065,0.03542611463206743,0.196200014839136,0.5941951876086059
0.42955248110452077,0.09643734001528476,0.14441011123705014,0.3296000676431442
0.03336033200658867,0.12513020963061464,0.4674836192839642,0.37402583907883263
0.44339786232578243,0.14555707111341262,0.05299833942897766,0.35804672713182745
0.21490563578850988,0.31700927052784295,0.29709062184690976,0.17099447183673755
0.07324958948592618,0.5151107758324204,0.2920786679110422,0.1195609667706113
0.11753054212258672,0.10146040902836155,0.7569249092446093,0.02408413960444247
0.3557696339471734,0.22687973853334087,0.07018919050073273,0.347161437018753
0.24654367874854172,0.14595947796110917,0.3791735928541439,0.22832325043620524
0.08789479126845262,0.6939851298719972,0.08862905089891854,0.1294910279606315
0.1519668015763774,0.5517743392780495,0.06448865691602239,0.2317702022295507
0.07011546167557654,0.31086604863501616,0.14546380400056036,0.4735546856888469
0.38687617096904686,0.015381663046745264,0.46452683741998474,0.13321532856422316
0.12961974068987653,0.18200135693638828,0.5499966511075378,0.1383822512661974
0.17342861588325303,0.3511355610871922,0.09600963672555766,0.37942618630399727
0.032588366958731796,0.5355538266038067,0.11446635083237268,0.3173914556050889
0.1552452179932845,0.19041604133202644,0.3396858196631773,0.3146529210115117
0.18094494462075203,0.5059452407462919,0.0681978784446815,0.2449119361882745
0.5603501089359516,0.020199624640414134,0.0783398425726136,0.3411104238510206
0.1719247597943229,0.5757808411015954,0.1894450246347502,0.06284937446933142
0.4540909059691373,0.2894509308119941,0.034586402170105036,0.2218717610487635
0.08623569239075349,0.36609958097400763,0.4245418863951498,0.12312284024008907
0.32880452613590155,0.5090207402274282,0.06342674506018892,0.09874798857648141
0.5553898617071548,0.3246826320884304,0.10761590123569204,0.012311604968722606
0.37461891269144315,0.042251737966504596,0.5249788581279624,0.05815049121408994
0.1499458294457457,0.3484436445900012,0.2128206336757585,0.28878989228849467
0.4357369204700581,0.007182364620356625,0.4357050460012865,0.12137566890829876
0.047403151106114615,0.3221192047199959,0.46804516549275005,0.16243247868113952
0.36208102152548977,0.3189982851462137,0.07805807643694791,0.24086261689134847
0.5474670594283608,0.12198622654711132,0.19376695151697826,0.13677976250754967
0.12351482213072301,0.8001866370007441,0.07198616376389927,0.004312377104633476
0.009215551718015101,0.15272773222593633,0.08189793586968291,0.7561587801863656
0.04390490311714147,0.01809115979993262,0.13914772476249962,0.7988562123204264
0.6557479134216622,0.1029253656141497,0.16048309639243413,0.08084362457175401
0.22445906738677493,0.328942902905177,0.1274798453456255,0.3191181843624226
0.05869283965303743,0.08841340717324869,0.7570964096190047,0.09579734355470931
0.2903448675047448,0.045050833443320275,0.5908959357047899,0.07370836334714496
0.3410497300050476,0.313473667548032,0.3239879676154531,0.021488634831467183
0.07259081846734457,0.262564011718404,0.6624057037212694,0.002439466092981974
0.4008965454282602,0.017319144145348082,0.3985902603721835,0.1831940500542082
0.11808579658291325,0.24365249909233508,0.29388550829654375,0.3443761960282079
0.009359313321598919,0.19107297650731903,0.2795198561070784,0.5200478540640036
0.1484239943954156,0.2134325032256045,0.4910604366230731,0.14708306575590688
0.678169989450389,0.059500000345257736,0.24686374210494266,0.01546626809941073
0.05599332902589907,0.2785407744690902,0.08042377667531936,0.5850421198296916
0.51810948981635,0.3751802339740905,0.07724890019851115,0.029461376011048257
0.08879829045469718,0.08830495254690963,0.4347585047743864,0.3881382522240069
0.31111482061402157,0.2422653484432294,0.07136820570254383,0.3752516252402051
0.0766228752776054,0.24578368095080413,0.4390442023892495,0.23854924138234096
0.42237442442901346,0.264159953672393,0.12763281361985945,0.18583280827873422
0.02111635034611941,0.01632984676941477,0.6569091178056432,0.30564468507882264
0.060948595311871016,0.04413050877484866,0.18741704136338652,0.7075038545498938
0.5618944262014859,0.1838969566522152,0.04809743456069458,0.20611118258560437
0.6138463451749638,0.255388408464284,0.07611909368320616,0.05464615267754598
0.18962392432753114,0.5436349157518512,0.216778356100199,0.0499628038204186
0.032328327458678856,0.5565349337257194,0.2585820750884413,0.1525546637271606
0.23029420788338842,0.11139040634887205,0.1741354906818653,0.4841798950858743
0.675681713582992,0.12335666992932971,0.17188469705204432,0.029076919435633907
0.09268025311455326,0.016058620229581363,0.5699352473741016,0.32132587928176376
0.06121139254235542,0.18371379517521808,0.2700801845356344,0.48499462774679203
0.2248437151029278,0.46656484073740795,0.11814361969483374,0.19044782446483055
0.15926459675959787,0.05485065892405444,0.09241505548319576,0.693469688833152
0.11849649656639132,0.2710149556677398,0.2716961807610254,0.33879236700484344
0.16604562021145797,0.598045403231204,0.18253462758877267,0.05337434896856522
0.08633760490609264,0.6482150752738263,0.20984905223335365,0.055598267586727555
0.1015958296799662,0.18187966934298472,0.5225256717206257,0.19399882925642334
0.022537998759087866,0.06424821380686464,0.7489878349477108,0.1642259524863366
0.13090226583416706,0.3034579417011938,0.3866909804494759,0.17894881201516322
0.18247674138329026,0.07575393304831601,0.3690515536199005,0.37271777194849315
0.17998125688703007,0.3527310622247296,0.34388866554441033,0.12339901534382998
0.46391221447061626,0.00892421102780376,0.31314036887538815,0.2140232056261917
0.3736472817703614,0.09692179509364168,0.24485122174070081,0.28457970139529604
0.17933926552746648,0.40415321226388556,0.28170264484523316,0.13480487736341493
0.22523893482787555,0.19485203675487509,0.5495095188242938,0.030399509592955697
0.2877034353276045,0.1868780422765337,0.461274120465806,0.06414440193005573
0.5124810224408717,0.05199425559847328,0.42531242004732966,0.010212301913325353
0.1263204133319276,0.1304686567235132,0.3195284039143949,0.4236825260301642
0.017560741824757097,0.06310001913608401,0.16878567639194375,0.7505535626472151
0.2624893988056426,0.30456596675574277,0.1893141424007906,0.24363049203782403
0.6997810299926149,0.014768435417458687,0.20781053758793797,0.07763999700198838
0.4636408236662162,0.4689491930582895,0.0030133625733890063,0.06439662070210524
0.0002469170548959509,0.16882399860777506,0.11579359731194035,0.7151354870253888
0.4484441321186821,0.11827464110646814,0.3712524829534493,0.06202874382140039
0.10902696182058014,0.35115926726414837,0.2521694232371511,0.2876443476781204
0.2557680312923297,0.007813051253330181,0.48882998679308853,0.24758893066125165
0.27944989168120704,0.2446629250283772,0.10885524242780857,0.36703194086260726
0.1488157278702797,0.41805272799061366,0.2822221581687603,0.15090938597034628
0.6207682852279023,0.11522953180877771,0.15074384082026718,0.1132583421430527
0.5458719067868918,0.008835366302792145,0.10828429744323516,0.33700842946708087
0.5435221666371067,0.24280682777863705,0.14961978197646136,0.06405122360779496
0.05818624620254062,0.7028671521706945,0.02074434590306199,0.21820225572370283
0.15371730633956798,0.4234264364244199,0.32405842384816264,0.09879783338784949
0.10439984756363986,0.3549770533910376,0.41200792449870416,0.12861517454661842
0.13594384537835122,0.003197892426383379,0.11683407015434538,0.7440241920409201
0.37833205509858076,0.19009200245353852,0.31769339601426944,0.11388254643361144
0.17117143535354545,0.5536192301464754,0.19413385810232783,0.08107547639765138
0.09812873054303553,0.4672524936466062,0.22202768592675384,0.21259108988360437
0.33163295425396777,0.2277600168222953,0.17267684819950094,0.2679301807242358
0.1848214667516981,0.4161130942277835,0.2857880700922001,0.1132773689283185
0.048761191138341216,0.0948864125821647,0.8296468284198103,0.026705567859683733
0.1916368007551326,0.672341051242827,0.023751832614613295,0.11227031538742717
0.050554258453497994,0.06224006748302302,0.04010336218603348,0.8471023118774456
0.1487161522476947,0.2610631108483414,0.14742060054137812,0.4428001363625858
0.4783080788683326,0.2752869927108694,0.18665984582184775,0.059745082598950276
0.02275567297612281,0.11317657843890529,0.18415641706206828,0.6799113315229036
0.6178423433496663,0.30464485852746986,0.0690263839251589,0.008486414197704795
0.2895857246588698,0.10944312313121105,0.4911148389134722,0.10985631329644684
0.13287531374951592,0.5136821631818466,0.1521780472346189,0.2012644758340187
0.04372382953204535,0.0850010261383888,0.044818366369363795,0.8264567779602022
0.19911728079159569,0.1407505985523107,0.4393771830389138,0.22075493761717974
0.425261474680692,0.01783820352424717,0.4665114467091395,0.09038887508592144
0.25521518626694134,0.041072025688821526,0.26359967572392257,0.4401131123203146
0.4654319817582028,0.10851070170680893,0.28744535250498215,0.1386119640300061
0.182400759563556,0.3800095998414648,0.43476905044597053,0.0028205901490087775
0.48909727845745116,0.09043717126530049,0.19275527666393505,0.2277102736133134
0.6737997293732052,0.2861400858635595,0.0063630323774200165,0.033697152385815284
0.15095368848298418,0.2327812788583267,0.08147142557324291,0.5347936070854462
0.057277750689663134,0.14628275003897614,0.06148927200061869,0.734950227270742
0.10186217736719173,0.13438228094494334,0.299290116628914,0.46446542505895105
0.5149263307695758,0.13136717870159023,0.30516214499349226,0.04854434553534172
0.05443281570419323,0.6764889795972714,0.2629201645407175,0.006158040157817805
0.2609344363644727,0.34522004387208716,0.07860089895098142,0.3152446208124587
0.15284254707963899,0.5045159715984495,0.10319771525395216,0.23944376606795925
0.11581503559332317,0.5690364468959813,0.27497083479739093,0.040177682713304665
0.04833477644902486,0.23305047458874964,0.46811095708407285,0.2505037918781525
0.20145319207081294,0.0075013459408181426,0.6616727998867434,0.12937266210162543
0.12556953094148846,0.14860027741598641,0.6835837920260159,0.04224639961650906
0.28513922148052845,0.40042761601515076,0.0768131460184243,0.23762001648589648
0.07178097084412702,0.3991334274242149,0.4190339513197257,0.11005165041193227
0.39396025787859323,0.1362435232937529,0.2926099604142263,0.17718625841342767
0.7182320464118747,0.15209736343088462,0.1018469293177516,0.027823660839489114
0.27011161576949494,0.09597175352959914,0.5510935699372457,0.08282306076366013
0.09023582706882687,0.30448828698440583,0.20664947844403886,0.3986264075027285
0.4337474215242992,0.31755799404024176,0.13029453097177304,0.11840005346368593
0.1476136447958218,0.21594246329991573,0.20167859364360766,0.43476529826065485
0.09607782352600466,0.6063962383585783,0.0847843842924748,0.2127415538229422
0.05959446397096142,0.44259723638437104,0.3847247237287664,0.11308357591590107
0.3483021503180616,0.2927543971723858,0.009675909496091801,0.34926754301346097
0.3526861459424562,0.11372612802692637,0.2668164773745456,0.2667712486560718
0.007584951523434716,0.3494022727568176,0.32614246254329643,0.31687031317645126
0.41322811685862804,0.1355410073731112,0.2783925166922145,0.17283835907604617
0.07973453558256591,0.2590684516881429,0.5983137823958216,0.06288323033346974
0.16296410292906113,0.2875883702586543,0.5115384472980109,0.037909079514273816
0.017506291115911975,0.8911693817183989,0.06795802022911727,0.023366306936571914
0.12334948427215481,0.6497245158081647,0.22651745834386264,0.00040854157581785255
0.29178605011862485,0.6512280177817911,0.021567707023413304,0.035418225076170984
0.43548561959613213,0.09289600111935449,0.00017619533834880958,0.4714421839461645
0.4241902941689126,0.44514561281232046,0.1091618575091627,0.021502235509604315
0.6980760506320193,0.0775340260205997,0.11832381704706649,0.10606610630031463
0.06231878092339615,0.5067288616326535,0.2667937083786038,0.16415864906534644
0.2119742195871406,0.061764778581162326,0.698753656832871,0.027507344998826195
0.16614759222171058,0.3231653561613403,0.298247860359558,0.21243919125739108
0.11277620246675354,0.5717605160501024,0.20620875873854877,0.10925452274459542
0.009903626173679287,0.2667247456575605,0.21362418789792864,0.5097474402708314
0.400887826325093,0.22943909078658528,0.012679098400851798,0.3569939844874699
0.7342904658764834,0.0319644591607213,0.002105867606270277,0.2316392073565252
0.46269739700149504,0.18743295008353164,0.05467637768946052,0.2951932752255128
0.09015757843186288,0.1923816608560046,0.31412562657035464,0.4033351341417778
0.2875517011446438,0.10317031557808287,0.1629343674767683,0.446343615800505
0.2372821922721287,0.3798813102103789,0.16139065850634,0.2214458390111523
0.111785140558583,0.4088262471812905,0.1472652412479904,0.33212337101213607
0.19414483958155826,0.4117223174097376,0.3081474815907458,0.08598536141795843
0.38101283416598813,0.1314549849284782,0.17728154275875369,0.31025063814677994
0.38985420928767356,0.1537176333383609,0.28667707617155086,0.1697510812024147
0.40649536452110563,0.3686081368969783,0.04050096594106268,0.1843955326408533
0.045782820855683165,0.22830634399188737,0.6156764494134334,0.11023438573899606
0.3536015927707057,0.031416736373340165,0.4021372188289376,0.21284445202701643
0.058294998382235175,0.3334581565143429,0.4546323454765859,0.153614499626836
0.4798192248766638,0.3875178066898823,0.03205103916114636,0.10061192927230783
0.3277453122152454,0.03658805037717679,0.5657167180378411,0.0699499193697366
0.0344685164481143,0.6512070202586733,0.30360773131509877,0.010716731978113587
0.13475882284636664,0.13359523506059742,0.35001358743531924,0.38163235465771667
0.0661313895731558,0.4185787260611487,0.2629864717778665,0.25230341258782907
0.39950461845738466,0.13496012781659816,0.10253812978938463,0.3629971239366326
0.49208711802976135,0.3710122099459562,0.1254826322476987,0.011418039776583896
0.46573008043759595,0.062117855646420674,0.32681900356979643,0.14533306034618704
0.10121886583435966,0.04741954115708335,0.35807460819719034,0.4932869848113667
0.07853835832741461,0.25029729075681234,0.2663147108141056,0.4048496401016674
0.5791019652971454,0.002818817910896153,0.03732896495524747,0.38075025183671096
0.030001293903400086,0.8038930125816599,0.13035195890709184,0.035753734607848135
0.6655125028797622,0.04415901458183448,0.23831833969671473,0.052010142841688464
0.32801312287855244,0.03785321174691051,0.6194650869260212,0.014668578448515792
0.16408590725067174,0.17817604189891112,0.24539091050656375,0.41234714034385334
0.6801669746077632,0.002458170914546586,0.13616129261573426,0.18121356186195597
0.683376443473114,0.11281235250037587,0.029577703362730353,0.17423350066377985
0.35300357238142643,0.02714087419678185,0.13048689002524042,0.48936866339655133
0.6107917633664303,0.05808496313579465,0.28765427518770587,0.04346899831006922
0.33644154263284276,0.13952331844379676,0.05348464203390775,0.4705504968894526
0.06519561417892647,0.29707607826670196,0.5403559254560713,0.09737238209830042
0.2850847100360127,0.21755589657297106,0.2779173827453366,0.2194420106456796
0.10419856463330714,0.126254356545309,0.37789411015307106,0.3916529686683128
0.06420182998821355,0.3208695245625938,0.4228098695253383,0.1921187759238542
0.17123323089010137,0.5070214289202408,0.31068236565834845,0.011062974531309413
0.4535059371057757,0.1569799683057375,0.08372094732310831,0.3057931472653785
0.041908846593873075,0.32973762209727236,0.28602856679341804,0.34232496451543654
0.3917190281130167,0.44132606137965213,0.004890682986654616,0.16206422752067665
0.35946598154543175,0.39762259940551065,0.05460184398992374,0.18830957505913373
0.04143939215877841,0.20134176587714053,0.021692669709911586,0.7355261722541694
0.07869724934657964,0.6181648322855712,0.22144025273279963,0.08169766563504975
0.8749020282843029,0.04314198168469225,0.02301092285990842,0.058945067171096585
0.7904084986523008,0.021159924075230107,0.1172704389524232,0.07116113832004581
0.14409823120423448,0.1068296234013472,0.6260493479636896,0.12302279743072884
0.03451395673040186,0.4310362846699556,0.10148505274350794,0.4329647058561346
0.34471691265273313,0.25285376573919555,0.12084436441110875,0.2815849571969627
0.3861692138222965,0.4638378708599878,0.05991890019354811,0.09007401512416746
0.2912531001024667,0.2648665936866873,0.02942313001029575,0.41445717620055017
0.4311459106961497,0.13305755250577758,0.26344646615443224,0.17235007064364047
0.5355372366061621,0.12577413301580348,0.10593493829272219,0.23275369208531224
0.06523256766338383,0.10448787234166519,0.22975041608795446,0.6005291439069965
0.026840294358418556,0.5757276823799328,0.16253868890159928,0.23489333436004936
0.626207233215979,0.20199630271472035,0.08926464448010563,0.08253181958919517
0.6843338195408292,0.10095396378557923,0.019682383148301744,0.19502983352528994
0.3054277261832575,0.3926770690902818,0.2819623712110499,0.01993283351541077
0.08809725653285005,0.013495287516649168,0.09508405358780743,0.8033234023626933
0.1304217649726193,0.1541706886024749,0.295829081133755,0.4195784652911509
0.022329235824344013,0.06401294110585092,0.22225020864878509,0.69140761442102
0.021699349924913777,0.215900071305645,0.2919470380213338,0.47045354074810736
0.025597128619193173,0.4393649329476764,0.5061102091182499,0.02892772931488055
0.14322108344469514,0.7951223022608711,0.05235727574949801,0.0092993385449358
0.19058876006692677,0.08629885414450061,0.7101902063438421,0.012922179444730513
0.0773039863274816,0.014683335788347308,0.17115466525377526,0.7368580126303957
0.012907729655991922,0.506923315244969,0.4457479523172615,0.03442100278177757
0.08492331311154867,0.6533497235618179,0.03602956659617233,0.2256973967304613
0.2929020267631986,0.06650624156708074,0.5759296761252222,0.06466205554449853
0.5314626563623346,0.19691249100973304,0.14676381032890579,0.12486104229902655
0.29048259017800265,0.26020580752907535,0.09594635804022067,0.35336524425270144
0.08651230327051818,0.04824823198562825,0.17699105463202813,0.6882484101118254
0.07837554462509051,0.4747194120100133,0.40895732319157835,0.03794772017331771
0.21704738947242375,0.17075505997442153,0.028341275318364736,0.58385627523479
0.19432749940627433,0.22633200426006136,0.39658904966589426,0.18275144666776988
0.12255572067323468,0.29554885103561457,0.07587147232703394,0.5060239559641168
0.13058357448442684,0.10027038259916282,0.6860448755573911,0.0831011673590193
0.1147644131128825,0.3348405413350414,0.042985296760748214,0.5074097487913278
0.336730995944926,0.23614435631674283,0.21135832060568197,0.21576632713264918
0.4207689032139785,0.195992818436476,0.367958848580037,0.015279429769508563
0.033852403659159765,0.029743469395324316,0.7407551334566955,0.1956489934888203
0.07777241773585417,0.06069165626053581,0.046891276873641835,0.8146446491299683
0.16058776570066352,0.04755288669027873,0.1311671210628108,0.6606922265462469
0.2689490341650507,0.31005721521156576,0.29260927136948595,0.12838447925389762
0.11740065395553656,0.4383298802630961,0.3283257043513706,0.11594376142999678
0.30412818615207976,0.26934731412980406,0.13987617039633915,0.2866483293217771
0.25114975961904346,0.219239487037415,0.4045037954281287,0.125106957915413
0.21273417962315927,0.6353645402646826,0.004088517664516617,0.14781276244764155
0.8134266753969649,0.06361772349506938,0.06768880233223047,0.055266798775735294
0.18775860272617248,0.27264032813783956,0.5025742163324606,0.037026852803527376
0.48979918272285117,0.13516317343268394,0.16990248555143206,0.20513515829303264
0.41333459359222,0.08911796447958145,0.16856418444056362,0.32898325748763496
0.09461028320840857,0.08336650647786331,0.19571713742419578,0.6263060728895323
0.10732020404793413,0.26376725314978355,0.5339561638908542,0.0949563789114282
0.20216568287795658,0.1923258082239858,0.04336538036458511,0.5621431285334726
0.22738074295850455,0.19433589303360327,0.5184782145344912,0.05980514947340099
0.04405524321895865,0.004778706020855365,0.024246485814433633,0.9269195649457523
0.1591010027250759,0.6563857379568029,0.018354099230666505,0.16615916008745485
0.189184979354933,0.09959359678255351,0.5842990495871743,0.1269223742753392
0.03639736424947872,0.2353346490251717,0.15919700704903597,0.5690709796763136
0.045528303022003065,0.5892335658774992,0.3492447753245515,0.015993355775946162
0.1716305569276134,0.09657915490166713,0.5693361558133482,0.16245413235737133
0.24009674820156388,0.33587191546590156,0.013265264257045122,0.41076607207548943
0.22296226945566525,0.007320764510438139,0.18733584808822357,0.5823811179456732
0.2893802135546417,0.0658460289169195,0.37951406705605784,0.26525969047238096
0.22307816729296848,0.06344037092702755,0.40416235853890414,0.30931910324109985
0.23406902689238565,0.20863070018381472,0.5225899443336668,0.034710328590133004
0.4914239688955477,0.3259563468885343,0.123539827142725,0.05907985707319302
0.465761261153338,0.0570277569306651,0.04028242458675112,0.43692855732924596
0.017187768403620966,0.5532635580283127,0.4020062816882337,0.027542391879832744
0.01760602243922867,0.5628608330556143,0.08399243547966843,0.3355407090254888
0.6603262914026321,0.20510791878980958,0.06414123549671194,0.0704245543108465
0.282726921852627,0.3533752106332593,0.057137489626261466,0.3067603778878523
0.33526954271076975,0.16280990742184992,0.2990726038341006,0.20284794603327982
0.01832947165187514,0.4719379495812745,0.206298227079872,0.3034343516869785
0.21681081389250723,0.06099937916567858,0.2221886287522222,0.5000011781895919
0.35898531429396074,0.24666921885083418,0.13884968631038833,0.25549578054481675
0.19221623079844977,0.3852802346095596,0.1832713728054144,0.23923216178657608
0.26223083669862624,0.4380563451114907,0.16657791933999738,0.1331348988498856
0.27138995617048195,0.6381676350971051,0.053894121802514516,0.03654828692989849
0.5686124737406155,0.17338803915351533,0.18505777702457177,0.07294171008129732
0.019724791483149887,0.6478288760042894,0.21646245833280356,0.11598387417975714
0.7169370373170322,0.07348357686960004,0.042427325573974495,0.16715206023939308
0.07744175174706193,0.6757346942575686,0.09516479624382164,0.15165875775154797
0.02321310512084141,0.7078252712636426,0.2188381783499281,0.050123445265587756
0.20190844656402498,0.4655630565818091,0.12653127824946345,0.2059972186047026
0.07172296822714647,0.5082708581649267,0.1372486160918151,0.28275755751611176
0.2700942892690007,0.3030689792299589,0.08611180353161171,0.3407249279694287
0.08452025086955842,0.4189675382784374,0.2956303284247411,0.20088188242726307
0.45405523703829176,0.05172418341730961,0.24095416610757858,0.25326641343682
0.2993553979349846,0.023166936328998543,0.4617281826258419,0.215749483110175
0.012043483717305046,0.09133312917497435,0.8006573660678907,0.09596602103982996
0.2622910036479486,0.045379700631966766,0.055569553309992914,0.6367597424100916
0.6424472375947037,0.21047273921435053,0.03110685525390365,0.11597316793704228
0.006636167959682862,0.16192316406563798,0.02938612195160322,0.8020545460230759
0.24687145737315755,0.014923620594864202,0.1198663849096592,0.6183385371223189
0.1766768274435102,0.47677477835643317,0.31153364412739154,0.035014750072665
0.09524435038586636,0.03741969014921784,0.4915187519900349,0.3758172074748808
0.2437812318092966,0.19291797064175675,0.37395167026308396,0.1893491272858627
0.5921501186239564,0.17136361422736526,0.08959151509173358,0.14689475205694494
0.20836055545576895,0.04322997784899965,0.0956269766647768,0.6527824900304545
0.29923006849854245,0.11096711898232307,0.0964113086998616,0.493391503819273
0.21798415563970244,0.26357618741588396,0.21246101507689574,0.30597864186751794
0.3067686307243674,0.23129481588884276,0.029424885986231393,0.4325116674005584
0.03299330476370666,0.13602565847522508,0.5325758787189141,0.2984051580421543
0.014654635712309667,0.3120970496697181,0.16381439331909983,0.5094339212988724
0.050136939165207284,0.1963509449504673,0.36566188899653,0.3878502268877956
0.9130133807692223,0.05408814305250696,0.02312487563100554,0.009773600547265211
0.015202483812314736,0.5494556653908444,0.14415319305330035,0.29118865774354036
0.5043752893338321,0.035203573854117244,0.09738646161766225,0.3630346751943882
0.07408508679060204,0.18604646563130017,0.09001207154245998,0.6498563760356378
0.4343406597987151,0.28594273835554906,0.2553602151826131,0.024356386663122738
0.36473782908586144,0.16012927692348125,0.4637837337417754,0.011349160248881987
0.004470678790454466,0.04615736918830126,0.5923904587626917,0.35698149325855255
0.09341000946359684,0.23715944544773657,0.3511135000361811,0.3183170450524855
0.14247194152505518,0.13882527832731878,0.5624779600408062,0.15622482010681987
0.19053203546388708,0.09641472659709,0.6238955484428563,0.08915768949616665
0.24589640134568666,0.10021596683159047,0.09502201198841702,0.5588656198343059
0.5704206235868631,0.15075129819257482,0.13415929832136397,0.14466877989919807
0.008360426608045526,0.39857158225346395,0.22806925864066246,0.36499873249782805
0.1152757201843292,0.36456093404021656,0.35450056825504056,0.16566277752041356
0.6078847601014394,0.051940005403185094,0.01994399266967674,0.32023124182569873
0.23480301574223164,0.1529782167050401,0.07614650804123306,0.5360722595114953
0.1785497506215576,0.42164320364825275,0.15850327176744503,0.24130377396274463
0.18835822853889655,0.012849112246092748,0.6709897289456682,0.12780293026934247
0.14415891470190728,0.3770221474401565,0.13585659949498347,0.3429623383629528
0.6162616123137726,0.18810051608225373,0.05602703134061397,0.13961084026335976
0.006929749039349988,0.09692732589985828,0.2162491065078256,0.6798938185529662
0.2517526819890486,0.21161311895256635,0.02047296685443174,0.5161612322039533
0.0013188039652793377,0.5620902253185677,0.01084648224397452,0.4257444884721785
0.08630478974591166,0.7961205754036617,0.014772496519752081,0.10280213833067464
0.3028576302830622,0.0387325095413795,0.5037313329555463,0.15467852722001188
0.07055941831486205,0.5994070361404081,0.09885802288919492,0.23117552265553495
0.10467419324081659,0.13818937193729355,0.6620670276696962,0.09506940715219388
0.10766599443888367,0.2708749174195574,0.37810572158272365,0.24335336655883527
0.0011432607857771952,0.09781079523066093,0.3682880157800109,0.532757928203551
0.6249553222540354,0.15403673471665455,0.07036016675467183,0.15064777627463818
0.022000545532037185,0.8989420918849704,0.066371663040788,0.01268569954220445
0.5723638413195156,0.029012198435299754,0.10919700396586532,0.28942695627931947
0.1349693937861549,0.41269985321330377,0.11069468256278657,0.3416360704377546
0.21958963256504713,0.4655940820900901,0.12782708387000433,0.18698920147485826
0.16870247163696137,0.16357828296859583,0.19307974814565423,0.4746394972487885
0.14583034202158782,0.3408461490508097,0.007334278023445769,0.5059892309041568
0.371714463963755,0.27099011086364705,0.24755807204662755,0.10973735312597051
0.2578697394173414,0.6605831403954653,0.07142492924588696,0.01012219094130621
0.2624881467252251,0.49468846415510226,0.16785137626673818,0.07497201285293457
0.1564318046693255,0.1864117706479275,0.5192319551411484,0.1379244695415987
0.202260699902542,0.05805304493517934,0.48968510226888906,0.2500011528933896
0.09210245048455892,0.0749145690629278,0.4149922976330527,0.4179906828194608
0.24507127263193224,0.24410758227027107,0.2279599125945941,0.2828612325032027
0.24198138796909927,0.5284000931592852,0.17865528250500443,0.050963236366611056
0.27155785520878745,0.1389879211360733,0.42824837643322006,0.16120584722191908
0.27659530207073774,0.1693463335749864,0.08480689525023978,0.4692514691040361
0.3656239565040932,0.16520983996161526,0.13968116032558592,0.3294850432087057
0.011821659062984456,0.31991510310939475,0.2527447244626843,0.4155185133649364
0.22663646216523078,0.04433968651098274,0.11642605640543172,0.6125977949183549
0.2642400316063767,0.27931055759327234,0.34292066037532415,0.1135287504250269
0.08998126252782235,0.11011093535337246,0.4508394071414698,0.3490683949773355
0.2977686312807554,0.23950427653248166,0.3869691879764058,0.07575790421035704
0.22205064034166153,0.005881731061607113,0.7068798038330281,0.06518782476370338
0.4024586774552778,0.00937198225557922,0.0047697369320214116,0.5833996033571216
0.18074775346400854,0.46469566851248206,0.27719565406366053,0.0773609239598489
0.1955045316837038,0.2826704037949814,0.4058320001775335,0.11599306434378115
0.10959142509104053,0.2906048907078591,0.5470626648776421,0.05274101932345825
0.10504510728211605,0.8015469639950666,0.0007583499309147806,0.09264957879190264
0.04995052941596927,0.5987247158808666,0.3309952943279235,0.020329460375240537
0.3261087809600512,0.42026516272335734,0.1771399712012531,0.07648608511533826
0.06246756262397363,0.8688977459752383,0.06301068898532142,0.00562400241546674
0.3956197609942137,0.13085706491706842,0.258048635508155,0.2154745385805631
0.05944211143533203,0.06819162640115572,0.2792477218269513,0.5931185403365609
0.01567560878335611,0.41422033971738664,0.4144408908437478,0.15566316065550936
0.05803435387434286,0.3342918092126243,0.4128971098820057,0.19477672703102708
0.24139959906979247,0.17520882394860596,0.03892044568090745,0.5444711313006941
0.18330375294613865,0.048602776719369245,0.5844112994193361,0.18368217091515604
0.043861225813017074,0.44677589363676057,0.22229295541659147,0.2870699251336308
0.12841542089180893,0.008188685337589386,0.8195675652681973,0.04382832850240425
0.12816020258107108,0.5481899376585316,0.07077554580158626,0.252874313958811
0.020172174699183462,0.5130034262273331,0.4476584851802175,0.01916591389326597
0.1947205969852447,0.09147015186588398,0.24122580673575406,0.4725834444131173
0.3971785472853667,0.1758312755894836,0.30322412015629546,0.12376605696885426
0.23533469060538403,0.4570837231539825,0.052295716951967955,0.25528586928866553
0.2393758070300477,0.21967651489514184,0.27393206302644435,0.26701561504836613
0.35772332266209966,0.005304454919030755,0.06924017682212225,0.5677320455967472
0.015046620595582908,0.9074416399333943,0.00915973021168169,0.06835200925934111
0.07398011268155376,0.02829765953961181,0.46783796550291384,0.4298842622759207
0.26568875342287546,0.4328431279024462,0.22798720769312975,0.07348091098154862
0.06747986494086237,0.3440651589432843,0.42936993945114627,0.15908503666470705
0.1948645637055697,0.34200638951518714,0.3271029824964944,0.13602606428274863
0.2079517394218157,0.5948405845655386,0.15519801123920318,0.04200966477344278
0.27368969510780533,0.2607762948930277,0.13615504941449458,0.3293789605846725
0.6078743968411399,0.15827280943080152,0.07495027684835617,0.15890251687970242
0.2090707049647633,0.4810582093891165,0.1261806067418307,0.18369047890428952
0.05911837499595472,0.4707203233111729,0.14455053657854738,0.325610765114325
0.11752333953344175,0.27603327968619484,0.07291238870753682,0.5335309920728267
0.1314320876012607,0.09433064884859112,0.736068145894657,0.03816911765549117
0.3992645239664326,0.11296065477619303,0.14407680546090088,0.3436980157964735
0.09691652768044878,0.5373110418611973,0.36569939798543105,7.303247292282316e-05
0.4181504839533806,0.18788165507729562,0.21356217547118392,0.18040568549813976
0.3526964628045134,0.16916251118133654,0.18196822503723473,0.29617280097691545
0.32536776655390315,0.3065828516636435,0.2610866530594144,0.10696272872303904
0.2939692783474795,0.5467707155336663,0.1532995549929444,0.0059604511259097985
0.29250251887194123,0.025558910463729368,0.5002997460591853,0.18163882460514413
0.8631792391252613,0.030670771308205547,0.04911871090238364,0.05703127866414966
0.33764770548781714,0.3785140279659923,0.18180835504110146,0.10202991150508915
0.018202562997813587,0.45952083915480124,0.5119745352815371,0.010302062565847822
0.10843675329319227,0.245341508406086,0.6077839603243524,0.03843777797636934
0.1219686898187819,0.41170386301226963,0.27400835751238467,0.19231908965656389
0.6091460074556916,0.06101219335798656,0.010618344781361018,0.3192234544049608
0.2592427673432507,0.022278725379877705,0.342516936171385,0.3759615711054865
0.05302617596043953,0.47841502531028907,0.08808639474334845,0.3804724039859231
0.176703100485039,0.6248269999745184,0.12671507127954387,0.07175482826089852
0.06040312945743966,0.12872612240393796,0.3211114815613675,0.489759266577255
0.22604610692349353,0.1843991515630627,0.3159644076846217,0.273590333828822
0.4031370764307307,0.22828555818441607,0.1802970948871772,0.188280270497676
0.11482874106315441,0.16939597054641595,0.20914634724703077,0.5066289411433988
0.480725597842629,0.31559283157803386,0.04970917217961353,0.15397239839972346
0.13291835848583908,0.1800911769750187,0.44663492395018944,0.24035554058895284
0.018183577669659206,0.6865795032454391,0.154012546477556,0.1412243726073457
0.5795609124349612,0.06569186157892243,0.19141135835287362,0.16333586763324273
0.09332865685465075,0.05729742667947874,0.26982811588987793,0.5795458005759927
0.22799392593225998,0.42858245930100297,0.13668488221297131,0.20673873255376582
0.22002738828230967,0.2862399346148284,0.19254038393993528,0.3011922931629268
0.39740000231309147,0.4531302767811075,0.1378673850015528,0.011602335904248239
0.17212107244974223,0.5750166151087351,0.1954675590713571,0.057394753370165606
0.6426852771349686,0.3270771147834453,0.01148725279578582,0.018750355285800165
0.30261712951342273,0.07681674453337392,0.05978422968947257,0.5607818962637308
0.3580884755285057,0.10669442620340588,0.013070485085274757,0.5221466131828136
0.4248800759633011,0.03520154495189641,0.22249909436062595,0.3174192847241765
0.033534610430657134,0.5727969311804545,0.34186549057044563,0.05180296781844274
0.0563840845053112,0.3936911774154934,0.15924801793203092,0.3906767201471645
0.031775884485924354,0.061842676883014834,0.6106922519963409,0.29568918663472
0.22828554515703237,0.7031644465611908,0.054610534185556725,0.013939474096219914
0.06197118956961609,0.2150140904974595,0.13862203679039045,0.5843926831425338
0.09703420782468264,0.24063771268367137,0.6420318151927528,0.020296264298893314
0.24625226208828527,0.6176691813811613,0.12614136576158727,0.009937190768966205
0.1404059460311962,0.21752949487351939,0.30520298562593406,0.33686157346935053
0.13097324780841013,0.2561530337834817,0.07107554031944854,0.5417981780886596
0.3477385729294519,0.2425330523100772,0.2619269168631639,0.14780145789730711
0.07944092111071042,0.16135795164929853,0.5454233208698727,0.21377780637011837
0.5409034812510326,0.14295256720416985,0.2900375259806163,0.026106425564181156
0.5474722239437733,0.310707145330224,0.09155042180012826,0.0502702089258745
0.0001981349761239543,0.4462774904627954,0.5104774019545321,0.04304697260654866
0.010678979700815766,0.6703002106021718,0.023119959118381737,0.2959008505786307
0.05568288436190325,0.8294960148562169,0.06535488451274331,0.04946621626913653
0.42477846787342866,0.1322204409199595,0.31337799044195186,0.12962310076466008
0.5604426128159982,0.08262359015703982,0.26308666301409145,0.09384713401287055
0.5895338091484332,0.18248481569548125,0.2217292256242457,0.006252149531839789
0.4027633691927713,0.24476514527427184,0.29732091175781117,0.055150573775145734
0.11270114504627222,0.2351807214716557,0.04292048597134254,0.6091976475107296
0.36119931075684697,0.09876033196228487,0.5012170826913473,0.03882327458952076
0.24063990936173452,0.2982430524075596,0.3094529702434206,0.15166406798728524
0.28292991516051,0.06332805661685793,0.07301700543811786,0.5807250227845142
0.42442688502875847,0.05508785913434765,0.0963244562008415,0.4241607996360524
0.15196035169226552,0.19590313882896276,0.5606746861466851,0.09146182333208654
0.14544636799816021,0.10273164714673548,0.13781286190971506,0.6140091229453892
0.34425978382989963,0.026994335440603045,0.38277337454092447,0.24597250618857286
0.27467188374281687,0.23389462544754824,0.1164216960675619,0.3750117947420729
0.21081586366782062,0.45980351016047644,0.3184916921907049,0.010888933980997969
0.25291352027969377,0.12395280356954028,0.29318604134069765,0.3299476348100682
0.5241141714687908,0.24451459813054277,0.07890174816998853,0.15246948223067777
0.2425693776728428,0.35332711557796587,0.14035653145461,0.26374697529458124
0.28426554367161255,0.28189743484145646,0.3681376836721111,0.06569933781482007
0.19313539650264636,0.6069925968363887,0.1202095575807496,0.07966244908021536
0.4012372284335171,0.2053950915935438,0.1412053054136252,0.2521623745593139
0.19223450109094958,0.05363427623397679,0.48720882739912125,0.26692239527595235
0.24218077994834292,0.24869991962370372,0.4281449577096386,0.0809743427183147
0.571165102093545,0.1567074618305265,0.0845219174889987,0.18760551858692973
0.35806525585400223,0.48278823941783683,0.052040091985854624,0.1071064127423063
0.39211320046443254,0.2727161758405777,0.2868832554970779,0.04828736819791185
0.49647589869420206,0.2786690032152396,0.03226164262828192,0.19259345546227624
0.6070303679608257,0.07263090373536524,0.15933526389407313,0.1610034644097358
0.07925897275999821,0.11368858106784531,0.24739765794212137,0.5596547882300351
0.22031315499981585,0.23743865733255032,0.2320563259873294,0.31019186168030455
0.4862345658432655,0.3747109657242632,0.08192139032635483,0.0571330781061167
0.18998121207403434,0.7346620518781264,0.03589487798077755,0.0394618580670617
0.4464656524991183,0.37352952841147885,0.09385852871283185,0.08614629037657096
0.32750313221674493,0.03480815524702076,0.10030169472164432,0.5373870178145899
0.6818555081895733,0.11836314223802064,0.17702723053757438,0.02275411903483163
0.014093934388249055,0.2935834185419215,0.1871020174039942,0.5052206296658354
0.15340119116550355,0.40613573769527844,0.2568364933829233,0.18362657775629465
0.13617146489241738,0.5230378358887834,0.3136810288714987,0.02710967034730058
0.13819455412837006,0.3647488011184107,0.4043258454624496,0.09273079929076986
0.11815925982577956,0.1795741275691586,0.6673103413099719,0.034956271295089845
0.43372858595028924,0.2969525931023445,0.033449861358621845,0.23586895958874435
0.025622929439455683,0.07217862848306485,0.34248616745598387,0.5597122746214955
0.508911193023028,0.0897034684700753,0.10692886599725274,0.2944564725096441
0.29061241309505537,0.2600849172180884,0.3572560454455678,0.09204662424128833
0.2284516735903291,0.15721548487540313,0.07368706624838821,0.5406457752858795
0.09546779752071849,0.4787967125439401,0.15359545361457333,0.27214003632076794
0.16347761277738176,0.5711402541473712,0.01027302233762725,0.2551091107376197
0.12161082920669115,0.2734436411805713,0.4292588496362557,0.17568667997648188
0.08514912493640878,0.060084090851520396,0.28617478365060817,0.5685920005614625
0.6993386059318857,0.20976639742148362,0.03767871790227877,0.05321627874435205
0.20978515035047007,0.39634375869555605,0.26064070537467143,0.13323038557930267
0.5161429073034436,0.33371874977474864,0.11427471428128064,0.03586362864052717
0.17021448383517407,0.35356572861253627,0.2687247838908867,0.207495003661403
0.6971506004211223,0.03241409998896633,0.25370450483323587,0.01673079475667546
0.38955339837931907,0.4144576436181728,0.07240407090633598,0.1235848870961722
0.1755482937096793,0.01011471591615163,0.5411512514382583,0.2731857389359109
0.09083396395602412,0.5041772906882024,0.3618565422892831,0.04313220306649032
0.28836843025094355,0.1582676363388865,0.12497642828107698,0.42838750512909296
0.6865310736370498,0.055469721306503995,0.02028120602238722,0.237717999034059
0.23552833592963654,0.09530743149716892,0.4815379006294318,0.18762633194376274
0.32995875147731235,0.17008550558126873,0.2680967145918601,0.23185902834955885
0.3439627968788393,0.039652631715920754,0.28223349554982613,0.33415107585541387
0.0669481135383988,0.1949202429725447,0.2873471830179101,0.4507844604711463
0.1879334902140205,0.289091679696909,0.31298061418367173,0.20999421590539857
0.07059070492697438,0.28978269075213203,0.48030379004657375,0.15932281427431985
0.274481502871328,0.07210619246624034,0.3665134590744797,0.2868988455879518
0.05606289756975727,0.04901648248067479,0.8479475455804453,0.046973074369122576
0.1426741823814591,0.670026637752291,0.01700381699255127,0.17029536287369873
0.05735405850644424,0.5072849221311584,0.04277620199898356,0.39258481736341383
0.1059572315983372,0.7218505608192933,0.08019764845608572,0.09199455912628374
0.11522154843096996,0.2407996564371748,0.1216597504853367,0.5223190446465186
0.0032372440752530436,0.7417073763744837,0.12044064164554048,0.1346147379047226
0.08126869496438859,0.26935741200534274,0.40334955721520666,0.24602433581506186
0.13603518839490983,0.3188409487690155,0.5065787142076501,0.03854514862842445
0.08405596345260537,0.058479607777636146,0.5413181365005783,0.31614629226918034
0.6978445959790168,0.21297616681810067,0.011097926293007335,0.07808131090987501
0.35301327459930076,0.29026952682520313,0.108883259311604,0.24783393926389213
0.13877505077294328,0.23677569977846477,0.4237862929149014,0.20066295653369068
0.29578952951151755,0.09557135326304374,0.3976796434767294,0.21095947374870927
0.16775917276772404,0.0651341812663268,0.3030719899388852,0.4640346560270639
0.15998150331190722,0.2320984443310642,0.013744056719169437,0.5941759956378592
0.1759202166893266,0.12259747054555312,0.008847069618097588,0.6926352431470227
0.06489124682372417,0.3717294095374272,0.1480264936185359,0.4153528500203127
0.010607746119821447,0.04768477633661048,0.7747741884899075,0.16693328905366062
0.39206943137823763,0.2064781760051753,0.0401309457121515,0.3613214469044355
0.08000857964378126,0.043274479842511655,0.3330324475540808,0.5436844929596264
0.0010746231523602052,0.2739390137975615,0.6329017441912922,0.09208461885878609
0.1485515923139475,0.1047187112759367,0.5748254593078977,0.17190423710221808
0.12551831537031463,0.07098445610713212,0.468501821030647,0.3349954074919062
0.008761219434375363,0.11850045918524303,0.5984370967372679,0.2743012246431137
0.29458088214220385,0.09936079534442462,0.47822746271703703,0.12783085979633446
0.570827467651653,0.4171096820799999,0.0045515532522180015,0.007511297016129128
0.8171349329687678,0.11414940024616223,0.05297109009034071,0.015744576694729288
0.020703723298504714,0.10756436081853896,0.7086693005592684,0.16306261532368796
0.19286418829697793,0.2914143089734405,0.19986981155955486,0.31585169117002676
0.1339590363081532,0.36975144536520066,0.11746509673445622,0.37882442159218993
0.08820328367588903,0.5672775544812337,0.0006392703278688069,0.3438798915150084
0.036023304310956995,0.15041899756969382,0.3957835711844687,0.4177741269348804
0.7863891609435648,0.0172876643887966,0.17390819581197065,0.02241497885566788
0.7237225916913439,0.09021910536565293,0.0784133501125725,0.10764495283043059
0.3226363212777444,0.0273710675566662,0.42035595259483394,0.2296366585707553
0.017499614699420286,0.4287632269460695,0.29040645945018945,0.26333069890432087
0.12072181904182976,0.35921915338780785,0.12904813777619548,0.391010889794167
0.006715275782488902,0.18788828236068011,0.14397280543829735,0.6614236364185335
0.0036990205334089935,0.07622224438610281,0.6327154360215611,0.28736329905892705
0.15468153163214537,0.12972951956868292,0.5412186257997121,0.17437032299945962
0.2497170097919818,0.4149031453386898,0.15578929408369768,0.17959055078563066
0.5139416736284966,0.05555495390851086,0.002798888196092626,0.42770448426689994
0.43707559009130964,0.09217634933306026,0.1447017666375054,0.3260462939381248
0.45074486623498883,0.2649246337965312,0.07078476984066566,0.21354573012781444
0.5143393470824982,0.0036733602938632086,0.01936658779465171,0.4626207048289868
0.3002899551665126,0.08085259898998938,0.16123550545365858,0.45762194038983955
0.245720849117975,0.3407478816143849,0.37672789180389205,0.036803377463748045
0.5759355841700673,0.15505551882298002,0.014984414014206096,0.2540244829927465
0.5722230845445077,0.11534878016657818,0.3015284007529766,0.01089973453593755
0.21032024465499516,0.45364361741759457,0.25935998275452227,0.07667615517288805
0.1587050729455113,0.2752972690848988,0.44254736165494063,0.12345029631464938
0.2413873795377186,0.10180425084972866,0.15660223129035403,0.5002061383221986
0.04732786553396176,0.7275222596909028,0.017023567607003097,0.2081263071681323
0.316049965606996,0.1325299484760237,0.2970240348049352,0.254396051112045
0.11108737235475995,0.42374698131823646,0.05898174783458886,0.4061838984924149
0.1827289148918869,0.15611538578848186,0.1598112700875268,0.5013444292321045
0.06035323157321421,0.046856640769865794,0.35025672583101614,0.5425334018259038
0.2555029076429204,0.5942469485801387,0.07200091630180783,0.07824922747513291
0.5790769065411742,0.11965766538148216,0.08030893684778734,0.22095649122955635
0.05301396162387555,0.41459270325070835,0.16214005961579647,0.37025327550961973
0.565585406416995,0.058401003009694676,0.14574083274335883,0.23027275782995144
0.3126624466162146,0.22180214747003377,0.22519558014002994,0.24033982577372184
0.4298867199027757,0.1532539929856258,0.18162343862498168,0.23523584848661686
0.22462321107606828,0.2620108377569529,0.2984468818285725,0.2149190693384063
0.16472714806900216,0.2285339947469407,0.32125749455549546,0.28548136262856166
0.17799998491480343,0.1648282044636732,0.5885512761922068,0.06862053442931666
0.07146336927786483,0.04134032201743278,0.6380460965042138,0.2491502122004885
0.2609828099751645,0.13465414878218931,0.28916014795789546,0.3152028932847507
0.1568789936054461,0.27779186430892144,0.2586246900349111,0.3067044520507214
0.21612767168558125,0.43110550640308487,0.2424745405427676,0.11029228136856634
0.5334429538113631,0.09270395592919271,0.0009992892618455008,0.3728538009975987
0.3512649871306628,0.4067474285667822,0.07247167023085277,0.1695159140717022
0.2956147063838893,0.20180753797786208,0.4772918637042251,0.025285891934023703
0.2109675414256071,0.016245606215168153,0.5075102354918118,0.26527661686741294
0.08166911248889229,0.07757988737845951,0.4866993099720884,0.35405169016055976
0.30251636781118296,0.34059882055749513,0.1987560653732323,0.1581287462580896
0.1816387074918114,0.314711725489921,0.042134382418812934,0.4615151845994547
0.003210664363813491,0.28330619823013053,0.4907221607352524,0.2227609766708036
0.3236042708583348,0.05021932890644821,0.10536243531819982,0.5208139649170173
0.0822848821366599,0.04351294700207005,0.6784350599890623,0.19576711087220777
0.30289714376091936,0.2591541336290369,0.2599180678039628,0.1780306548060809
0.0727936280600303,0.13912322658647136,0.17816234223060956,0.6099208031228888
0.19827340599954685,0.4189802775007056,0.32190038250976216,0.06084593398998539
0.15975232197653308,0.3131741316977833,0.43016797837407156,0.09690556795161215
0.0024091784761707136,0.03805080896075045,0.2572392729116109,0.7023007396514681
0.5169632482692892,0.09619800603083807,0.035256306300701944,0.35158243939917067
0.6046610019693508,0.029759432491732952,0.35882364763795177,0.00675591790096451
0.025339169451226627,0.10804180316671252,0.4535568466766337,0.41306218070542716
0.07445478262608192,0.1141908165733997,0.5595160090132408,0.2518383917872775
0.542115547269012,0.0544661076780581,0.09634255208707761,0.30707579296585213
0.5551697082197997,0.3074351850721434,0.05229935156332422,0.0850957551447326
0.09985873040899101,0.2807176590404774,0.3091355684099846,0.31028804214054695
0.1023100081110934,0.10886562811702605,0.07517649364229352,0.7136478701295871
0.48263707480756557,0.4368936222603301,0.015672545446652846,0.06479675748545138
0.26296030699431494,0.12704085878320448,0.39808108803910586,0.2119177461833747
0.16205432841810716,0.07429567409082337,0.42223669020584903,0.3414133072852204
0.12362753785301481,0.017293011416958853,0.41431324070238224,0.4447662100276441
0.007971271835033017,0.02581190657998456,0.2706116276078616,0.6956051939771207
0.06397600987034281,0.6724732054160769,0.1557612368739896,0.10778954783959073
0.20449064281299356,0.1518793684547298,0.2398919971930967,0.40373799153917983
0.28859883946663817,0.5459321747553992,0.08175690065398078,0.08371208512398165
0.3793905957008701,0.35977779508007784,0.11412000440073873,0.14671160481831344
0.11123380838643364,0.286665226444068,0.3288520927089938,0.27324887246050455
0.19700306686769062,0.11542855777936122,0.204489069723359,0.48307930562958934
0.1608565413119899,0.49950675367534325,0.24817351094885706,0.09146319406380982
0.16998256918043952,0.24771549593246536,0.5067535458674352,0.07554838901966018
0.05471924762178927,0.14162115724374472,0.5362780192662963,0.26738157586816985
0.5606229159679968,0.22785312643684344,0.00281373136098257,0.20871022623417715
0.1345086730520944,0.15998272119782356,0.3174812075237059,0.38802739822637616
0.3735388070827098,0.12173106233228391,0.41202348859468996,0.0927066419903163
0.2435499909782012,0.3682620991482797,0.07059927474309079,0.31758863513042845
0.3862367788175931,0.24684180440045017,0.2542450615521761,0.1126763552297807
0.301294115949571,0.08880917249516859,0.1414026602656292,0.4684940512896313
0.09874281501780385,0.011810464500127404,0.35692324527826297,0.5325234752038058
0.08291674164352947,0.30038257649175043,0.09952744998054831,0.5171732318841716
0.08837904915350146,0.6051503387173539,0.06123699146060188,0.2452336206685427
0.025222330766234834,0.027933480014968287,0.6080574542234103,0.33878673499538653
0.014097524536873251,0.04988065006578058,0.052876412268592916,0.8831454131287532
0.16023112984533122,0.2574639310778088,0.499253950023725,0.08305098905313486
0.2129473656497009,0.46347386483675357,0.31195262500712395,0.011626144506421507
0.1479979839059137,0.28497634849222603,0.40823718653913926,0.1587884810627209
0.3900282901131432,0.009207067849308834,0.15952086607093663,0.4412437759666113
0.12429617287476166,0.2058445100890203,0.014603881393762494,0.6552554356424557
0.11113555200993785,0.4612437607427198,0.08360120705956732,0.3440194801877751
0.44277986713234285,0.1391349524396164,0.24194401760905207,0.17614116281898864
0.38382480336411134,0.073057867415585,0.3299555376295185,0.2131617915907852
0.186888513624996,0.007718635957043396,0.6292520238870369,0.17614082653092364
0.24097032733364793,0.13932429885630096,0.09115114572062165,0.5285542280894294
0.12009188192463834,0.2753498373376801,0.4238467219410267,0.18071155879665496
0.6873546617080397,0.039628200142165775,0.15787142292160536,0.115145715228189
0.4734144088111053,0.1937060950810151,0.2110788380869444,0.12180065802093525
0.43512224970603847,0.12472282013030217,0.04457670567133351,0.39557822449232594
0.4840590367057888,0.2348125114852057,0.16284598542074685,0.11828246638825884
0.3670163682387158,0.12554696292788897,0.037523113559645487,0.4699135552737499
0.11381591097935329,0.028046185053882563,0.6630201295887341,0.1951177743780301
0.21831185290994556,0.008082737026904428,0.5932869252790184,0.1803184847841318
0.42113238012593235,0.4231606472692719,0.03830579408175637,0.11740117852303955
0.22180658095685565,0.39047495205843524,0.1337219678911106,0.25399649909359845
0.1812038231967593,0.27402141657475965,0.40136200959907453,0.1434127506294066
0.05289992946177312,0.7238373873385168,0.14493821939797547,0.07832446380173465
0.010408719893962708,0.1544606368852739,0.10634268267374693,0.7287879605470163
0.34899436212350526,0.032935440717870475,0.18245026589448946,0.43561993126413484
0.5041122352532205,0.1763387419407423,0.2657742720507836,0.05377475075525354
0.3585745330750611,0.028664692498746414,0.45889113012768795,0.15386964429850464
0.08872160659275269,0.45556680439633457,0.1860610191524578,0.2696505698584548
0.47434218794749916,0.22423165919203317,0.04716842754975877,0.25425772531070884
0.09141973378880226,0.804202664816039,0.08052995222051365,0.023847649174645207
0.456326632232831,0.08173481111834253,0.45266602080160206,0.009272535847224381
8.749002731166048e-06,0.026030956268497246,0.7129390979139587,0.2610211968148129
0.3333375794604214,0.26197295560229716,0.1586013583021858,0.24608810663509562
0.2525921814641249,0.06701438793119188,0.3067698039512993,0.3736236266533839
0.06658855286642816,0.20878509498875988,0.056766413921873114,0.6678599382229389
0.5777224784984973,0.046871681285199016,0.17155625892932153,0.20384958128698208
0.2619347286620717,0.05803858495879002,0.15667615797912696,0.5233505284000114
0.5682605763910504,0.2358019016129546,0.11209018004723788,0.08384734194875697
0.31427507996480886,0.5016100215986764,0.10090947349244697,0.08320542494406767
0.16115312291930628,0.2728561407132735,0.35593052696146227,0.21006020940595796
0.02586027751039216,0.19145997905553577,0.20074993464351004,0.581929808790562
0.44490518493895637,0.07675463453192273,0.11930417066060468,0.3590360098685162
0.29907879009346694,0.5125594993515331,0.15079603167054928,0.037565678884450844
0.43546195271895505,0.36909569176226814,0.006090066899758071,0.1893522886190188
0.07423685735298861,0.2696140126545079,0.005397544520649756,0.6507515854718539
0.39709788839605314,0.07835485669574854,0.25091468498602143,0.2736325699221767
0.0669869414464049,0.20246603251122508,0.06830249661448345,0.6622445294278867
0.02601477601454976,0.44609664897148976,0.09007005985317453,0.4378185151607861
0.1440916871718279,0.530924656839567,0.29302134384775813,0.031962312140847
0.5172539672420456,0.10516373483348945,0.28347955345290915,0.09410274447155578
0.11253602640976013,0.021947632555912838,0.10633872525363496,0.7591776157806922
0.08839031468262219,0.006008411993450563,0.3992580833312211,0.5063431899927062
0.07194147320490017,0.6184954208941542,0.1853461519122187,0.12421695398872697
0.006285323707308914,0.44644134368957145,0.15062292945159741,0.3966504031515223
0.1939845415705238,0.5740573540911632,0.12661924798205018,0.10533885635626279
0.006620792932005542,0.48549581481291876,0.22145233122581576,0.28643106102925975
0.2299176815938799,0.02504148385826511,0.5732072465777257,0.17183358797012932
0.5863418462386931,0.230374396914694,0.07376326121238039,0.10952049563423265
0.04861289973642537,0.20726249608647002,0.20301540569093954,0.541109198486165
0.3075274885096885,0.09690100201852433,0.05746028424534049,0.5381112252264467
0.22229799326399763,0.035870558783920384,0.5635275617491702,0.1783038862029116
0.4520892431150443,0.20917748043078607,0.32384237581764785,0.014890900636521848
0.27830605351448623,0.43062486609951245,0.04978511735744723,0.2412839630285539
0.05496525977271065,0.16993944704448782,0.6033496776634614,0.17174561551934026
0.2135068419583707,0.061235722552197364,0.7209943200415375,0.00426311544789444
0.16970096579866,0.08473335833073882,0.2923770269239803,0.45318864894662086
0.07324658451077935,0.04800846737676731,0.018182288534199443,0.860562659578254
0.0961213509636229,0.47872260133706257,0.031844710887151496,0.3933113368121631
0.42301957277267327,0.36850006399725904,0.081908305389419,0.12657205784064873
0.290294863264633,0.00809112575959672,0.3153289150822611,0.38628509589350923
0.6915241723407628,0.0005368380746478915,0.28378330900217097,0.02415568058241827
0.7216484291146175,0.23261151017134116,0.025270077031683727,0.02046998368235769
0.06076052861542088,0.47896347560767677,0.276178143620364,0.1840978521565382
0.4269690662402989,0.23697705294780286,0.23763359383125662,0.09842028698064147
0.016510113114608885,0.2008968870010079,0.5167401425832027,0.2658528573011806
0.4554895427329989,0.20664504183615104,0.302676955772661,0.03518845965818899
0.13041116662690833,0.6208484577050647,0.24267493199901127,0.006065443669015666
0.4307332136489474,0.23913960827960634,0.13119722244226034,0.19892995562918606
0.44816718013151424,0.003388508655946197,0.3591775817186667,0.18926672949387277
0.627170741398513,0.024502170895439292,0.16142912774094903,0.18689795996509864
0.07533786389796301,0.15863697656999826,0.6300470534408743,0.13597810609116442
0.1723687508162625,0.18890138891365468,0.056725329617553374,0.5820045306525296
0.290447702706238,0.5128984969570973,0.030801573077277516,0.16585222725938709
0.07934671493817516,0.1293217481178584,0.006850969083126189,0.7844805678608403
0.5966095553038828,0.20397224920511697,0.028129758526815003,0.17128843696418516
0.20584852071963758,0.11212031222614802,0.036924459415930665,0.6451067076382838
0.21220663780576784,0.008441184771203081,0.33880863963623137,0.4405435377867976
0.19703267556587453,0.33253645538486765,0.19415849080350375,0.27627237824575396
0.11810095639119031,0.5562222148440856,0.15133512651075925,0.17434170225396478
0.11396815731475725,0.05582228928872982,0.24149370167121867,0.5887158517252942
0.02484532674885017,0.590155527956,0.21260936767628455,0.17238977761886543
0.0881226487355519,0.4179757809046174,0.13941765875285775,0.354483911606973
0.02927926489495319,0.33876571925106674,0.5008490316037526,0.13110598425022743
0.21895916233422474,0.5805691127182587,0.11137227017599204,0.0890994547715245
0.002431148855124347,0.05809482620076783,0.7221020551321359,0.2173719698119721
0.3661165433722521,0.030504162129385986,0.15799648967738136,0.44538280482098064
0.008801276729310876,0.8607720957792285,0.004449148853303548,0.12597747863815711
0.31000906281286134,0.2809498262292495,0.014463351447638042,0.3945777595102512
0.1742790050996176,0.1781623495900216,0.2785168558529312,0.3690417894574296
0.15835822819844703,0.47076771966547104,0.13741066210357297,0.233463390032509
0.3043796997023684,0.07801051323864387,0.5656876924663791,0.051922094592608485
0.43222888907517276,0.4936236525749028,0.015792272963388358,0.05835518538653617
0.270377642781785,0.603093075710931,0.10338626792104856,0.0231430135862354
0.42272128001945297,0.06806232086316147,0.3045156535070471,0.2047007456103385
0.19700705427338436,0.39535182130448254,0.18991566956323416,0.2177254548588991
0.20603526503662653,0.37985068512198866,0.39887424608685396,0.01523980375453094
0.05161764134793526,0.21466851479051097,0.7194788644926564,0.014234979368897427
0.31386829299272384,0.514953480908608,0.07287235437179866,0.0983058717268695
0.14599720244614747,0.0757118154305114,0.5352539545640864,0.2430370275592546
0.27046084840475393,0.008771141246595086,0.2676224962585646,0.45314551409008647
0.09522579753230634,0.055216039153079856,0.18282838946406132,0.6667297738505525
0.5636766439396139,0.15595219970350163,0.03194307629484127,0.2484280800620432
0.3728317361601775,0.4937526736781442,0.06913460716350403,0.06428098299817417
0.00879094637712142,0.10171592698868724,0.7991473601075225,0.09034576652666887
0.16306987510163154,0.03692402611662816,0.0794204468993069,0.7205856518824335
0.3962512077381313,0.11103989660319588,0.026139628760548324,0.4665692668981246
0.029120062558381926,0.426870211911662,0.21971751771480807,0.324292207815148
0.04707601631608962,0.09496032530872546,0.19142582034901173,0.6665378380261731
0.2432416208374142,0.0925056940842915,0.6376641708006668,0.026588514277627463
0.21743083824303408,0.14581368472781753,0.30895534044008693,0.3278001365890615
0.0685346807364521,0.5995219187055861,0.19007960293254603,0.14186379762541557
0.1468320534258987,0.16667735812484005,0.39178037365975654,0.2947102147895048
0.16283510517837152,0.28204389673556884,0.1855367975912733,0.3695842004947865
0.3630279251665493,0.2985804827508263,0.26609294593003896,0.07229864615258554
0.8792802178139795,0.012213533827138608,0.030472348777889707,0.07803389958099222
0.06559485809976609,0.757179502257098,0.07733749323627971,0.09988814640685634
0.41956996480806585,0.18624179266973068,0.3146478535884005,0.07954038893380291
0.3478329524982545,0.17428508323230638,0.24126093519337946,0.23662102907605945
0.24115443493480085,0.2524208731353874,0.17136500503914245,0.33505968689066945
0.0366708257821433,0.20324965741042197,0.25316735129893414,0.5069121655085006
0.24669139308823085,0.26222703336560454,0.0973138058505805,0.3937677676955842
0.5071214477203136,0.17741686418943922,0.05130424766418564,0.2641574404260615
0.05592581679005524,0.09993647600647275,0.4908672567951534,0.35327045040831856
0.42587769483690363,0.23838291986625462,0.2979711130975982,0.037768272199243606
0.15341287113343538,0.08246606136606714,0.5681278954568569,0.19599317204364053
0.38243279039085876,0.37591079557163504,0.06673568289962535,0.17492073113788095
0.6453444753985093,0.23033674036554003,0.058630873556306105,0.0656879106796446
0.06689412623454259,0.4461163530440313,0.41244090592866617,0.07454861479276012
0.08609346006477107,0.5896835730452852,0.04428810912848585,0.2799348577614578
0.2859003239015041,0.3750209591914641,0.32180512443559667,0.017273592471435253
0.14605245247701237,0.15934746727585286,0.11615384085884162,0.5784462393882932
0.43536950903083127,0.39479754691972435,0.12385575386201407,0.04597719018743045
0.09680711026845405,0.5422160817256494,0.15775551896645237,0.2032212890394441
0.1923179882241405,0.6986527922008214,0.040218067806754076,0.06881115176828385
0.18991440957182193,0.0982025104833683,0.4817286327077498,0.23015444723706
0.16837889063030406,0.15929867197557307,0.4399509817176937,0.23237145567642917
0.2826895842543133,0.1775883850412983,0.32444717143043306,0.21527485927395532
0.25247805249062877,0.01418952101547496,0.4969149349439667,0.23641749154992947
0.052390166078595,0.4308259862518546,0.3597084659525066,0.1570753817170438
0.2710802091301474,0.15440971421806876,0.20400230050656706,0.37050777614521696
0.307468079349744,0.5110718896651546,0.045057143705432484,0.1364028872796688
0.026326941593986422,0.10534424367363367,0.09104501267605543,0.7772838020563244
0.3019170375663293,0.43860568111746007,0.25067763594258236,0.008799645373628366
0.18120590712098536,0.4787201830484127,0.3164243835164684,0.023649526314133598
0.24569950156343515,0.00922398552966816,0.48691424065170114,0.25816227225519545
0.08686525051356717,0.07317200575433913,0.15140460072368084,0.6885581430084128
0.25722215826678063,0.510984227931381,0.06142955698113369,0.17036405682070466
0.0013826624802848928,0.35374473000005136,0.36065663904051815,0.28421596847914554
0.0713012200096569,0.008267286291914672,0.5866343745041568,0.3337971191942717
0.46144281414831423,0.03180204529455519,0.3745578989353922,0.1321972416217384
0.20418379662833527,0.2853053173637123,0.29176969744804987,0.21874118855990254
0.015126999011849412,0.8680298179497206,0.09731016042993318,0.019533022608496885
0.08168894470784153,0.3781534765952819,0.16506881626003,0.37508876243684636
0.27379041941630006,0.5012818341232893,0.13416019861768008,0.09076754784273058
0.16250747293778875,0.45212570075401765,0.20203921063097866,0.183327615677215
0.32051037054269493,0.6381521705398522,0.01977256908269864,0.021564889834754367
0.449981324585747,0.040951751185442406,0.04058502678373204,0.4684818974450785
0.40812137293163536,0.18920185440258155,0.34909400221358095,0.053582770452202035
0.5133472504654059,0.049356567720225994,0.3546377642801331,0.08265841753423489
0.5750782567237992,0.09759273915354624,0.32534278887769225,0.001986215244962325
0.27760968196408586,0.06690389584767101,0.19633488520940748,0.45915153697883576
0.4563549575548498,0.24635686599249462,0.24587458389523079,0.051413592557424836
0.16498054505874304,0.24772440517605887,0.5252241570935834,0.06207089267161462
0.17921703196140334,0.1813598623277186,0.5132494063645624,0.12617369934631548
0.4148354149528069,0.006787206838962963,0.2805888662838826,0.2977885119243474
0.5674344221881007,0.20976764289899855,0.15605336305415107,0.06674457185874975
0.5901426238055973,0.24608139532020112,0.13782660762425794,0.0259493732499437
0.175335364858542,0.22300031393145567,0.4751655243863912,0.12649879682361123
0.25156211788382415,0.11452049578808346,0.4177685937454665,0.21614879258262598
0.07692417306036177,0.4913235323750541,0.1089833635570146,0.3227689310075694
0.1964680222578938,0.14872282828068553,0.49031313698005985,0.16449601248136086
0.21541224039800871,0.03181660400278512,0.7331716299911061,0.019599525608099983
0.7865330171293061,0.03994119073753924,0.11136879345863164,0.06215699867452299
0.29535685204095746,0.2312602483391738,0.18067714989425326,0.2927057497256154
0.19615265316211644,0.35045963670983876,0.013220014563878627,0.44016769556416624
0.46032906857311895,0.02472814054468065,0.3455354308650761,0.1694073600171243
0.5826957064878485,0.12240166272037542,0.06511743075702085,0.22978520003475525
0.03830366661130637,0.051763031713401755,0.395517078362183,0.5144162233131089
0.08404599413851702,0.11803453918454704,0.2745385395734746,0.5233809271034613
0.29405484999407144,0.1224599883990646,0.4215197435923497,0.16196541801451436
0.07137240677320242,0.6494362884343687,0.013675776830245075,0.2655155279621839
0.025828619838810723,0.5659680272996596,0.17373715455111577,0.23446619831041413
0.46074444429252803,0.2559224109955854,0.2761752669556865,0.007157877756200137
0.04613738600719992,0.18621523904216908,0.4183622299330503,0.34928514501758084
0.18501189340659518,0.22173242104963933,0.16885156396215115,0.4244041215816144
0.3382232074189121,0.37644249513290073,0.09613023315439712,0.18920406429378994
0.26066457098063744,0.10610842466613879,0.3140028656974336,0.31922413865579014
0.4034628754870195,0.2030483200679197,0.1102684311896649,0.28322037325539584
0.0028087041570522557,0.6510510554587139,0.26304796434787336,0.08309227603636049
0.44602229186879844,0.29942870430233287,0.0430119895933913,0.21153701423547736
0.20482808938984004,0.18275039781198318,0.2525949631814514,0.3598265496167254
0.2885731983473059,0.3231308429606554,0.3185539055836281,0.06974205310841056
0.18330069608477947,0.22647334507811875,0.2744480678345769,0.31577789100252485
0.6277940247437152,0.17321973314258196,0.18904273978235844,0.009943502331344393
0.39860844313501653,0.19961632327580658,0.020800441276293036,0.3809747923128839
0.12332540254990867,0.14318940224025,0.25263339474894464,0.48085180046089665
0.41266505761397804,0.1436336610331709,0.4157813089347532,0.02791997241809792
0.30857026084287076,0.28164990685516844,0.2924227893778352,0.1173570429241256
0.7253890985062191,0.09577203374485649,0.03019732722739963,0.1486415405215247
0.13110874332038006,0.22454595748564643,0.530114142274959,0.11423115691901448
0.2126602114155914,0.06384031918360941,0.33013283306281604,0.3933666363379833
0.06541247158220519,0.8349242555230048,0.01414284716670803,0.08552042572808208
0.49778563110879176,0.14031222857894565,0.3175812308442933,0.04432090946796918
0.4859643065695982,0.011895163020389093,0.32334306971406335,0.1787974606959494
0.38140820849899015,0.19128424540720346,0.23953371270736554,0.18777383338644082
0.5694781620232378,0.25040012208081935,0.1124966958384891,0.06762502005745355
0.08161844605076897,0.15885115893127097,0.3099163139650431,0.449614081052917
0.30345941447250224,0.5173483526627769,0.09490169428680617,0.0842905385779146
0.1256350575652919,0.13351996663280533,0.6228968491899926,0.11794812661191033
0.6722039107332268,0.10095695344966174,0.01914336613803281,0.20769576967907882
0.3540473396846835,0.5355318029755308,0.013397041895302497,0.09702381544448313
0.10820392950342449,0.44009569636574514,0.19140807256736125,0.2602923015634691
0.7127608233448118,0.012699633215592449,0.20165347605251047,0.07288606738708518
0.030285469088984798,0.11107816683656803,0.7065979153424774,0.15203844873196973
0.013819660412276277,0.20740584723323272,0.45161887028089387,0.32715562207359705
0.39325411340805,0.1573858956213112,0.2191891749677373,0.2301708160029015
0.24659479075667468,0.39426547162404485,0.34829374057251355,0.010845997046766868
0.056517790046415786,0.38753438712304183,0.2506808436335709,0.3052669791969716
0.2822061208772474,0.08396499242876071,0.538229674661869,0.09559921203212288
0.00554431655637828,0.11840961865529587,0.218006247187811,0.6580398176005149
0.06740880716147012,0.6037220744218603,0.29105036123071765,0.037818757185952026
0.06181644097724192,0.5275559964944343,0.2671722445921187,0.143455317936205
0.07133804484807564,0.09996398665202691,0.26405448604198634,0.5646434824579111
0.21811877230508694,0.13096317811202493,0.3577712808258253,0.29314676875706275
0.10159419231144355,0.028941070029063102,0.7873795465427812,0.08208519111671221
0.5319016171973919,0.3212856696873142,0.13488272408695665,0.011929989028337163
0.0377181476615173,0.7445290063931026,0.054384768739292676,0.1633680772060873
0.270126529550038,0.15538783620085314,0.10309770521218786,0.471387929036921
0.05911769704927206,0.06913207154965698,0.5674162924391628,0.3043339389619082
0.3047398263282321,0.05842720338305489,0.620327790609355,0.01650517967935797
0.4928479206540926,0.07467872370927599,0.3678617650291917,0.0646115906074397
0.33666286850157773,0.041763002662479266,0.21290695175731877,0.4086671770786243
0.3475831811529919,0.5365585944110004,0.09386017818220664,0.02199804625380102
0.158410173847254,0.2513086994060639,0.10569685790605414,0.48458426884062805
0.19460770649499498,0.410398904696563,0.304205531626401,0.09078785718204091
0.15228532603133918,0.12241698530640281,0.3319338211428497,0.39336386751940844
0.1297730765555953,0.1902999518800855,0.3684763216331208,0.3114506499311983
0.04464318045119907,0.43924916668208086,0.4260025532030143,0.09010509966370568
0.280660578758559,0.2393395819772034,0.11602773661227861,0.363972102651959
0.33029861125497206,0.2947379682187176,0.2715363947714332,0.10342702575487701
0.21053959098569278,0.22700712776160717,0.49090602014243456,0.07154726111026548
0.5019317079383789,0.22179188961571014,0.06369729539231721,0.21257910705359379
0.16370096508414528,0.17750531161123448,0.04895247802663164,0.6098412452779884
0.15971848559689128,0.394758205441074,0.1884979335366507,0.2570253754253842
0.11464249652415003,0.541404025462775,0.005683674311700138,0.33826980370137494
0.48902370800899375,0.04648843455092984,0.31218064214307156,0.15230721529700486
0.6640421450698956,0.300541136178525,0.0007401180329692108,0.03467660071861008
0.03582199625610253,0.11111497429070126,0.30556912964912336,0.5474938998040729
0.011954070737202394,0.42268453088426217,0.31882036912443573,0.24654102925409965
0.26172578300575,0.1934647869711193,0.28198520316816766,0.26282422685496304
0.41213667681471194,0.021759863762372076,0.28257784717567414,0.2835256122472419
0.253764103609495,0.516210402138653,0.07549749541810548,0.15452799883374665
0.5150817716630143,0.13241825907406543,0.3353114276611937,0.017188541601726545
0.43565576406222517,0.15090362408492272,0.2923577109262329,0.12108290092661914
0.13205514019849965,0.09022951715072884,0.05390465678610778,0.7238106858646638
0.23642313926797093,0.3376649865332413,0.3188175687762489,0.10709430542253891
0.14407590519451394,0.2697036935968828,0.009968149394989974,0.5762522518136134
0.4185852789747084,0.40984016790907424,0.1348731508133941,0.03670140230282325
0.16893899511301072,0.6162339416920082,0.19155299197848707,0.023274071216493976
0.72211194737024,0.07838418389444908,0.018626869108821508,0.1808769996264895
0.00562795546170481,0.3170396772016348,0.24759557160136905,0.42973679573529117
0.3955518578765335,0.312912680362662,0.014711505790172897,0.27682395597063153
0.021021700936500687,0.12290413902260415,0.7856776230557541,0.07039653698514108
0.30437651565755813,0.4787253579615129,0.13999880986559327,0.07689931651533552
0.45493194640573437,0.03012554553350173,0.41669923771046125,0.09824327035030253
0.2975489305039522,0.053275371286875095,0.414517005718352,0.23465869249082083
0.13544243552065602,0.09317169453347866,0.5911552981579812,0.18023057178788396
0.5117732078168152,0.4471417706218316,0.0064443601132146144,0.03464066144813853
0.07789787267210956,0.2555650576145176,0.5142053288659335,0.15233174084743922
0.14478102407608703,0.14496024371691116,0.03240849116382223,0.6778502410431795
0.48181169085306025,0.18711001503375732,0.3284942256756812,0.0025840684375011067
0.3634731098047343,0.05704510684894711,0.33973121104748844,0.23975057229883015
0.2917955770085828,0.08890147023722114,0.17488084092481504,0.4444221118293809
0.22865318860108458,0.5715439190614777,0.08054193693030924,0.11926095540712828
0.2760434491694176,0.054720224535413683,0.3623695994746848,0.30686672682048394
0.3209118566148253,0.033400867077638854,0.09552011714619817,0.5501671591613377
0.2680959708451771,0.3046281907740239,0.16958061291430468,0.25769522546649454
0.17990157291715939,0.7185526703275494,0.053580131970160434,0.04796562478513062
0.0005845834833316124,0.2575615451917761,0.6467155117876313,0.09513835953726088
0.06299528594177893,0.10819946119870429,0.6072729066412562,0.2215323462182606
0.039066908451322414,0.14781443210882209,0.7246323932005927,0.08848626623926291
0.39967853947518966,0.06300494046981525,0.2688904503052262,0.26842606974976885
0.004994003280674271,0.7166100694070328,0.09124732800967951,0.18714859930261352
0.06982093052764403,0.014213561796485764,0.7943595369499652,0.12160597072590505
0.00490492054089748,0.475698372507682,0.31001090553475846,0.20938580141666208
0.3590164466341612,0.00018173130537524842,0.5713361026433696,0.06946571941709387
0.18028585633242286,0.0988036030018179,0.40038377700558814,0.320526763660171
0.061211040405128245,0.41035138561130396,0.31138143582450567,0.2170561381590621
0.28221575482625555,0.013151927691493061,0.017442499659764306,0.6871898178224871
0.050273196715951006,0.1834863157597577,0.45880038761662567,0.30744009990766563
0.19571389482781876,0.27644221698803306,0.16567384790502765,0.3621700402791205
0.2178355407404248,0.5725817551239805,0.10623910593901287,0.10334359819658182
0.5782167339399946,0.1297357493554076,0.17061460261147263,0.12143291409312508
0.40179065623221233,0.21139080313984504,0.18712105076406083,0.19969748986388175
0.4392910656928298,0.3341958542930646,0.1644192392304989,0.062093840783606725
0.335252888111698,0.44547911499985704,0.16077337865121474,0.05849461823723022
0.2118425555868342,0.20348423305892482,0.5836876015110924,0.0009856098431486205
0.18607932402301677,0.11278069599249564,0.36125281270972526,0.3398871672747625
0.020941943138215038,0.2456375109028472,0.43961739725316584,0.29380314870577195
0.014599492516539784,0.6647334061674123,0.12254372408807646,0.19812337722797158
0.22542531315048653,0.04560856291474101,0.4024565943690341,0.32650952956573837
0.38292439078001583,0.035424927559026737,0.2613100595399194,0.32034062212103803
0.04361237620509977,0.4570936159515985,0.24616104338735337,0.2531329644559483
0.3485980246317942,0.044444606122171,0.051726524458091595,0.5552308447879433
0.050096949917999664,0.13686193056429305,0.6623866247153254,0.150654494802382
0.1593914580659491,0.07471838612187294,0.2175977211094886,0.5482924347026894
0.23268655317961828,0.007455973778037845,0.15035180573196918,0.6095056673103747
0.6207841245651001,0.03223858661428153,0.2990521104630772,0.04792517835754118
0.3260163954795434,0.011413998164973413,0.6239354968430765,0.03863410951240667
0.04037078492891102,0.3350883556365842,0.48489214229589234,0.1396487171386126
0.1209958644419093,0.2498299848466487,0.5549087619553564,0.07426538875608563
0.1243641921906759,0.004663740801983727,0.6889342690850347,0.18203779792230576
0.2088401054400039,0.3005416049672602,0.44413673156562916,0.04648155802710673
0.22071457003714753,0.4110306598743457,0.2939620229066724,0.07429274718183425
0.4373270289683816,0.11810055032603714,0.2527868836206174,0.19178553708496382
0.35672473692262113,0.07812648988863029,0.39256935059507986,0.17257942259366868
0.12718368891778037,0.45975108765194744,0.18617418677904074,0.22689103665123136
0.13374441226001557,0.06885219185633734,0.4784732828477318,0.3189301130359154
0.4822782447592545,0.1694922009166594,0.01972669572895865,0.32850285859512734
0.5076715006815844,0.40789618359220875,0.007051141011771674,0.07738117471443524
0.022684522003750714,0.0056850168056550516,0.09775242000285524,0.8738780411877392
0.002045000326522743,0.048726775299083924,0.7559580479757156,0.19327017639867755
0.015876751631146484,0.13206937144684655,0.42218357757441977,0.4298702993475872
0.09950391746960308,0.5860587853622553,0.2978348459421264,0.016602451226015405
0.010748001410029009,0.010873828696696654,0.6639316117707612,0.3144465581225132
0.13506910953328063,0.4480330320061157,0.34815969836292165,0.06873816009768215
0.3288795614119348,0.35133198174304,0.31197423738588154,0.007814219459143717
0.6030472493629863,0.23493004468984685,0.04300362040224504,0.11901908554492201
0.1063500482432746,0.31750857148843176,0.05018577827042222,0.5259556019978714
0.1851207007077452,0.02970272172105664,0.5927652493831916,0.1924113281880065
0.168825736786154,0.0006743008492542439,0.36278687994699904,0.4677130824175928
0.16507556437355989,0.29073568508178577,0.40169660973774973,0.14249214080690462
0.301069272637217,0.14476491895671115,0.5419155353897237,0.012250273016348075
0.20347466655918947,0.3431422904566548,0.4349405803866047,0.018442462597550904
0.28024056193344343,0.1425011285944577,0.07596849234777688,0.5012898171243219
0.019819544679161114,0.3316296736405545,0.2871566403551457,0.36139414132513853
0.0602197973034688,0.31645682755747284,0.3555336281204158,0.2677897470186427
0.11152668861661563,0.11359081264744031,0.1524186706766854,0.6224638280592586
0.22188868132852801,0.17893562604675387,0.4556993332244896,0.14347635940022846
0.2313068322111666,0.19960466756310466,0.009071888801753879,0.560016611423975
0.24200328278259398,0.008003343903330525,0.4709521751458936,0.27904119816818185
0.32316259074202563,0.02815373715838575,0.10970268826380125,0.5389809838357874
0.23422811138404226,0.22962937317958854,0.3014693011321703,0.23467321430419888
0.07400588283555143,0.427708372574367,0.09033442228371487,0.4079513223063668
0.3768570569612659,0.11593439681083276,0.19707837083053648,0.31013017539736487
0.4100222060020404,0.11466322891102773,0.340773398544188,0.13454116654274392
0.014595282743524176,0.0667261815676471,0.8544201090593531,0.06425842662947549
0.24580511638443264,0.09104305005169498,0.013850527360033092,0.6493013062038393
0.2707040111980223,0.12426563035560327,0.04079571766349644,0.564234640782878
0.21905617607575859,0.0720240153813967,0.558399138200835,0.15052067034200978
0.6245663500511617,0.01944577213632642,0.0630162283861233,0.29297164942638865
0.30435007129551195,0.15802135565676195,0.16834288660023908,0.36928568644748705
0.48719839435745443,0.026117454702721123,0.29722184897368376,0.18946230196614075
0.342705462259673,0.07872115157048361,0.38529884785746443,0.19327453831237895
0.22714071661875584,0.13478033133848982,0.3158263456888583,0.322252606353896
0.14456362829421035,0.027798650010596063,0.4998689291526663,0.3277687925425274
0.08565173592495293,0.1540197941469575,0.3468753728666594,0.4134530970614301
0.2692993805729305,0.08175170358735698,0.33879007895219276,0.31015883688751966
0.46012211982761964,0.14621111592818964,0.3004707411494769,0.09319602309471389
0.500730954163008,0.041598150699331635,0.2404461062135382,0.21722478892412223
0.19673816234668218,0.6701093024775318,0.05533656530932549,0.07781596986646044
0.2517049907756921,0.26531893580118143,0.012601281657322706,0.47037479176580377
0.08984019731043301,0.36857087742667977,0.4396152740509515,0.10197365121193566
0.0810933843556314,0.6675568598588701,0.2065456285142827,0.044804127271215764
0.6511999072827749,0.2629451257777156,0.03503199952576124,0.05082296741374826
0.10530398391616815,0.013004419349607091,0.8321099482327404,0.04958164850148433
0.005334648705721163,0.45859568088622576,0.3794493057994524,0.15662036460860074
0.4594524312674384,0.004309893145261385,0.015417760865211814,0.5208199147220884
0.03144963160643043,0.012708314757709678,0.7354864603142647,0.22035559332159518
0.20845283926677938,0.1197520511478877,0.043525399864711274,0.6282697097206217
0.3050708848073978,0.14767684407661738,0.27245692774356983,0.27479534337241496
0.5660943969295933,0.15188787010299212,0.25809483795162913,0.02392289501578553
0.3008852368887854,0.3651522083711105,0.11169846898592878,0.22226408575417525
0.060621354254743465,0.1635846595141679,0.5093142882054661,0.26647969802562255
0.5839312654442986,0.22551695937291302,0.06674972278116022,0.12380205240162828
0.0785932744701853,0.17885369652713026,0.42392343594596515,0.3186295930567192
0.6398841670323898,0.060892413552695576,0.1623053524556214,0.13691806695929337
0.2994979587198323,0.15781300070710005,0.062222707706564004,0.48046633286650364
0.0707402817690359,0.5113602898255251,0.0931641226454434,0.32473530575999554
0.1394600482639631,0.20118528292765178,0.10865898953655698,0.5506956792718282
0.03138331773737009,0.4898862605258936,0.026248533014398154,0.4524818887223383
0.5949078065999392,0.056941382018890145,0.25764907721121283,0.09050173416995787
0.2601739333383214,0.4495842443205231,0.1410431954854354,0.14919862685572016
0.4189178726046835,0.07899006982668906,0.25165381985031515,0.2504382377183123
0.39821384757625145,0.48321177861499315,0.04306671394968814,0.0755076598590674
0.31907119500843123,0.2573620994627933,0.25982323104001703,0.16374347448875848
0.20853936309044016,0.018397178949167287,0.5050262675408498,0.2680371904195429
0.10865058124503152,0.09476486704794324,0.584876158965091,0.21170839274193412
0.0220619575950345,0.501986427333137,0.44997323701387304,0.025978378057955307
0.2333469837014131,0.24642429641694405,0.2545047434107578,0.2657239764708851
0.42845316490393326,0.13318372392958455,0.08654686396817161,0.35181624719831045
0.6701463630587707,0.08742489743598238,0.14631953633693823,0.09610920316830864
0.0113936068279745,0.4884800255559942,0.2294329776519757,0.2706933899640557
0.2966611476841081,0.12137715939588295,0.008417130600899887,0.5735445623191091
0.1253625366660493,0.10421018596756279,0.7250001736814702,0.045427103684917806
0.5576580861180661,0.1899503920774276,0.23128057971194443,0.02111094209256178
0.28445343563972636,0.10163686614931175,0.371482493977457,0.2424272042335049
0.09994219327561399,0.3233480118258435,0.21121921145758213,0.3654905834409604
0.15038108596134975,0.18684410405668841,0.5876041941838532,0.07517061579810856
0.054673624254997645,0.5103270203311039,0.2749191457883677,0.16008020962553063
0.14144753012201697,0.09350719730676968,0.3655411046569263,0.39950416791428695
0.06254688137506785,0.10095213148943002,0.011316252279695968,0.8251847348558062
0.49259293679419885,0.19716226902231715,0.13822143856454516,0.17202335561893883
0.023545626198717116,0.48628990354956936,0.2798790411652125,0.21028542908650097
0.5306893581327483,0.042844014206771495,0.08529488224613885,0.3411717454143415
0.03002933726296411,0.2786908566238154,0.2740774735206187,0.41720233259260175
0.6100665620130368,0.0028812659526373935,0.3568038249335729,0.030248347100753054
0.22271840959212166,0.5373923393820014,0.2191329770705505,0.020756273955326407
0.0267618096955524,0.046620622071042506,0.890761287681344,0.035856280552061
0.1788913385202476,0.018449083881153412,0.3672154431352878,0.4354441344633112
0.3849999124616863,0.544492237089644,0.059526086969576716,0.010981763479093111
0.20513078184212627,0.0652716695539022,0.13576883498482464,0.5938287136191468
0.08938967528961082,0.3920286801727763,0.3125999682085627,0.2059816763290504
0.2697958148116669,0.3609071315058368,0.06296753459373146,0.30632951908876477
0.0213375648372437,0.6110358171355791,0.3049077178453467,0.06271890018183066
0.4455109185099688,0.11505854989980606,0.013619298244358775,0.42581123334586624
0.06534610412162799,0.11407631238084542,0.1461769541340801,0.6744006293634465
0.319992350965951,0.055861103113451625,0.5203097880292569,0.10383675789134056
0.3404266373799461,0.061722044959220665,0.05469402385973116,0.5431572938011021
0.6037181725797298,0.19899992965053204,0.12045575280523094,0.07682614496450722
0.4921932694007859,0.36971579754709977,0.13115065254066446,0.006940280511449909
0.625798137729735,0.07740697489807814,0.09660097700868127,0.20019391036350578
0.0791359797467382,0.08285807701741495,0.11276043830507311,0.7252455049307738
0.12131871663711603,0.13710439558909507,0.5073810892030458,0.2341957985707431
0.5695109161368809,0.021343513250035345,0.33799976247906294,0.07114580813402073
0.018650536669831002,0.09461939897417787,0.3358214884535164,0.5509085759024747
0.18522700561248426,0.2027074573554582,0.46463089910085975,0.14743463793119788
0.5675467066548756,0.07416858691208429,0.2197260731485819,0.13855863328445822
0.487555887802122,0.03363600371162178,0.20214259120282654,0.27666551728342964
0.635813509820232,0.1366218555530614,0.10544979250603492,0.12211484212067168
0.04230302007695276,0.25512685818761727,0.5805597803395041,0.12201034139592591
0.2580504303367912,0.0035125843252909964,0.5420593880765786,0.19637759726133924
0.4283216537440293,0.18444646121707592,0.27279546376438213,0.11443642127451263
0.6268049453853289,0.1720648173195957,0.1592045631651386,0.041925674129936814
0.5861137239379589,0.05727711751141214,0.037131461876789354,0.31947769667383963
0.014023536549182796,0.4198888900544417,0.29164213160222985,0.2744454417941456
0.1502842524109364,0.28272036055934335,0.565689839040158,0.0013055479895623314
0.12969780356945024,0.6936045993639983,0.14841516939596597,0.02828242767058547
0.2762121800677518,0.10800114888178591,0.5189640651398882,0.096822605910574
0.008342060410101257,0.25113956304806356,0.6998287536847468,0.04068962285708826
0.44021210141134437,0.18457818381432406,0.09048042919973519,0.2847292855745963
0.7090705500050876,0.0504166890534135,0.03871488776287885,0.20179787317862014
0.2762158216064755,0.5434162333429002,0.03639952950980912,0.14396841554081508
0.37587651123877824,0.2917075101177049,0.3037959837987513,0.02861999484476568
0.015466424199806967,0.05511149234134584,0.376140528901367,0.5532815545574801
0.3225298781727418,0.47667385296876724,0.08824051990687683,0.11255574895161405
0.2572944029227962,0.3063230542662024,0.2601876758903942,0.1761948669206072
0.551301774888891,0.12158144288925232,0.25409113582889603,0.07302564639296077
0.015751710711084308,0.4303226545353151,0.43142600454529284,0.12249963020830786
0.30362442356399183,0.03787153732066703,0.3439386791024733,0.31456536001286783
0.060862000894412766,0.8109634220087447,0.09313972883039622,0.03503484826644625
0.5027241271956174,0.3827427593004665,0.03507205800458867,0.07946105549932758
0.3449806734206832,0.06683253645198872,0.3388029413320485,0.24938384879527953
0.00364295315063642,0.11450502564347038,0.4254788525487327,0.4563731686571605
0.21966873040191023,0.18071909646090922,0.004284114824989148,0.5953280583121913
0.12869304900115813,0.21186176642909638,0.0758569679443674,0.5835882166253781
0.052825546133160595,0.02375796219308665,0.13916909782785317,0.7842473938458996
0.2137231710389914,0.22349175679882513,0.17769654844490362,0.38508852371727986
0.11241056525048546,0.41164330391906384,0.14470098638693202,0.33124514444351855
0.2736275335413104,0.42015741356143427,0.2628481914394905,0.04336686145776461
0.25265051754430284,0.30258770948008346,0.07755467124590523,0.3672071017297085
0.33330773613660114,0.287262206252401,0.11107461236320272,0.26835544524779514
0.008387632746639765,0.17114971687980515,0.1907853315247623,0.6296773188487927
0.20019400533837386,0.5262803920553111,0.2118542946864268,0.06167130791988805
0.3694663230762881,0.43308110225235086,0.07966529108574642,0.11778728358561469
0.5387189186163909,0.007789127077241069,0.1272486963033977,0.32624325800297027
0.13648760670147114,0.7183552922185938,0.13851025758526223,0.006646843494672591
0.3727200839906645,0.27749471491072775,0.23010013904591536,0.11968506205269243
0.5889953986426913,0.11635368827685114,0.20767726600663503,0.08697364707382262
0.28752233342974615,0.3890938137025503,0.11993070861143831,0.20345314425626515
0.09270920268300252,0.3123700806784875,0.0448729588205479,0.550047757817962
0.7105629333307937,0.06646973710483661,0.005982593926505138,0.21698473563786455
0.020328562907081058,0.14813875940369992,0.7184028746258689,0.11312980306335
0.007495624253093212,0.14922990045936046,0.652506857197666,0.19076761808988038
0.5370407141475899,0.29191814105570335,0.030765341658095757,0.14027580313861085
0.39832253285989383,0.3992268047963014,0.14966013731741643,0.05279052502638852
0.4002594048039492,0.4127227572487363,0.17542527189290405,0.011592566054410412
0.3197509008164668,0.4755335813536385,0.1260148795000129,0.07870063832988178
0.04547833515851179,0.06566195415949459,0.4886962169250193,0.40016349375697435
0.37842592467435654,0.42688757244193865,0.14927792473666363,0.045408578147041134
0.28910183474793727,0.1499596232826993,0.24176848384948085,0.31917005811988247
0.15697032661890095,0.725163937186764,0.07176124162920852,0.04610449456512644
0.2844211989099722,0.2777920284112455,0.29955861032686204,0.13822816235192015
0.19224931383696545,0.06672915954141762,0.5066677484354476,0.23435377818616934
0.4293092524977261,0.11459979005494718,0.12003438232739513,0.3360565751199316
0.14358747549485876,0.3158770313460057,0.1588449167992629,0.3816905763598727
0.0505220448853513,0.37411374515047513,0.4668598007350122,0.10850440922916127
0.7120397570169986,0.09339370011174133,0.1703426567949993,0.02422388607626059
0.627844030472875,0.17119420739569902,0.09280585670277366,0.10815590542865247
0.11092387536181839,0.40017786110327797,0.4309864523455728,0.057911811189330836
0.12493974256075896,0.6366086173594719,0.08548029644206358,0.15297134363770545
0.010536770127995561,0.04258076627481099,0.051035858808476345,0.895846604788717
0.018976912993903413,0.3387103487043399,0.12170612867455827,0.5206066096271984
0.40913515202984563,0.41974987337806796,0.1255944345595027,0.045520540032583594
0.14094010666331871,0.4160681846144799,0.04107614778368786,0.4019155609385134
0.11444956968206887,0.41563265996746457,0.06342260754644567,0.40649516280402076
0.8785785651919614,0.005989111517695752,0.057770774759654114,0.05766154853068871
0.48736774113632314,0.2515618159134917,0.05258423430473854,0.20848620864544665
0.021702218853479463,0.05411755307316215,0.07202589155656484,0.8521543365167935
0.18635088129071306,0.1901792498168399,0.16873756981054736,0.4547322990818996
0.04702971537535868,0.28908586380042933,0.5253909622484217,0.1384934585757904
0.13787080714081687,0.38331546091257446,0.4106857546504576,0.06812797729615117
0.4510485094847137,0.19793262726165645,0.2536153191730919,0.09740354408053778
0.18459846152945059,0.03507273320776709,0.6250350108247079,0.1552937944380744
0.5467031503584134,0.22694755965470417,0.12865107992212194,0.09769821006476041
0.054432053492417094,0.09114730549181482,0.7176433894064711,0.13677725160929702
0.02586423966924677,0.19117123563094737,0.47705758762261913,0.30590693707718675
0.10598283097631732,0.5055669658877456,0.11985352032912681,0.26859668280681037
0.15916754358838456,0.04846680626235912,0.3142284741582263,0.47813717599103006
0.1840244351449786,0.2041695447503178,0.08000915078148242,0.5317968693232212
0.03831239560158155,0.9173146899131334,0.029215899057783618,0.015157015427501334
0.18534632315707752,0.007240354603783515,0.29522149153436505,0.5121918307047739
0.03453074337357478,0.08621718194809218,0.8457576905334234,0.03349438414490968
0.05239182000481712,0.5528635385536698,0.14234110978917353,0.25240353165233964
0.4733518886556095,0.16944281911445389,0.3177231485566967,0.03948214367323997
0.4297497138445442,0.19974170227657054,0.00608524469761343,0.36442333918127173
0.0899974555408071,0.1522247190114145,0.34385666731473524,0.4139211581330433
0.15390602964242397,0.16866856584472778,0.10326858254772892,0.5741568219651193
0.017858559626399064,0.06400266023551571,0.6294354131393527,0.28870336699873245
0.09779580986332093,0.1700431675199009,0.5727445491095683,0.15941647350721005
0.20289950651130004,0.021110842762440078,0.29982826338399293,0.47616138734226693
0.5503753298829426,0.07166149216905171,0.3037808204831002,0.07418235746490563
0.04801921648071825,0.3430570483456168,0.42025336904202065,0.18867036613164442
0.11142427596220483,0.10026244465600563,0.47085069251043415,0.3174625868713553
0.05397322618645981,0.6668296890822185,0.050804019175640175,0.22839306555568148
0.5466735873245021,0.05604415375301758,0.08779085260787768,0.3094914063146027
0.07666423061684974,0.4516335028182106,0.29536087885431406,0.17634138771062569
0.08997082816082874,0.3193967381261196,0.2968926030707866,0.29373983064226517
0.020136262289719827,0.12063945584625056,0.7435385609911673,0.11568572087286229
0.1591323173339227,0.19601365653295486,0.0637527886135052,0.5811012375196172
0.01710029683202741,0.6465951609768406,0.14102389966391407,0.19528064252721794
0.2233518746727649,0.148699542922117,0.5855308447862402,0.04241773761887797
0.04350116837172337,0.31744043827276847,0.3769044292483912,0.26215396410711694
0.06999699657516617,0.28475844062911754,0.46651375621008595,0.17873080658563043
0.03873541770053791,0.23228945162685938,0.13564772649501705,0.5933274041775858
0.14757314146310804,0.41463084064537664,0.15207356854145432,0.28572244935006097
0.15816219698380485,0.12286827648233296,0.037516484402334765,0.6814530421315275
0.44603965121971,0.16070978068867234,0.06131349982331666,0.3319370682683009
0.3228465563441636,0.1452183063558331,0.47129585658243633,0.06063928071756699
0.1615786919372535,0.39680209756629964,0.3969213878635913,0.04469782263285577
0.2831746497131611,0.019776025202736056,0.26668108028143517,0.4303682448026677
0.20567546414282867,0.343331699823105,0.20467982985758504,0.2463130061764814
0.14070591302312807,0.018641736858029445,0.29587849696289825,0.5447738531559443
0.0709438526476095,0.003902757541765391,0.7586939959464019,0.16645939386422315
0.12003404663571751,0.7816900633322672,0.008718295038193649,0.08955759499382167
0.10224995573018034,0.21389415192983366,0.5746847672166098,0.10917112512337619
0.06351552465051656,0.26632913859212054,0.42280552846553326,0.24734980829182976
0.12571849873241436,0.3374951668100258,0.12933085126279678,0.40745548319476305
0.17597738880380254,0.3871982776616598,0.14646958785109787,0.2903547456834397
0.17794926262738398,0.31761292898777455,0.07802860123628158,0.42640920714856
0.21417833829426058,0.0647998529080611,0.07122569776873106,0.6497961110289472
0.1269653818716133,0.3881130370694668,0.2268170354774718,0.2581045455814482
0.0314782236104565,0.2615558865149943,0.619487878407872,0.08747801146667726
0.6934453271693335,0.07757012025306874,0.04111712501469781,0.18786742756290004
0.0734606106825712,0.42284383737962405,0.2634800817564069,0.2402154701813977
0.4112086853462718,0.07356067587234685,0.41633291109394116,0.09889772768744018
0.07629647170731978,0.19968938678480724,0.3758109448926172,0.34820319661525584
0.5976850443434913,0.28042630838962435,0.07296822406264987,0.04892042320423445
0.5038147476542003,0.08515269097525978,0.15940695992026213,0.2516256014502779
0.21893983675459722,0.30265987971468317,0.39582522844683826,0.08257505508388133
0.21617072662478326,0.495595496543392,0.08363742776687129,0.2045963490649533
0.07133843065213459,0.6132037569030268,0.15437264863583694,0.1610851638090016
0.5883311536002782,0.045268279547160076,0.3509214032502656,0.015479163602295913
0.28934992323471775,0.39448086535050225,0.2228931821611088,0.09327602925367122
0.09268297644092276,0.28523086667567465,0.491231446944007,0.13085470993939552
0.17803706122571705,0.23628892695646467,0.4051488915181268,0.1805251202996915
0.20952745748370266,0.10916008278908225,0.5082982741255436,0.1730141856016716
0.010889052334498932,0.1204708616031368,0.19200685395349923,0.6766332321088651
0.2627019197066283,0.6264976813286259,0.06294128424685985,0.04785911471788586
0.06370472055022154,0.46052812626987866,0.3758034376956976,0.09996371548420238
0.09576341842083942,0.05457072869237594,0.3366612825814509,0.5130045703053339
0.18778170557209836,0.3597351272861507,0.05408303867493007,0.3984001284668209
0.2182849984194992,0.05776627266589484,0.04163739490273196,0.682311334011874
0.06406309133746908,0.06376824275696705,0.18693715128926394,0.6852315146163
0.1833077378035417,0.06906023278203315,0.046235145439357465,0.7013968839750676
0.11257814216273371,0.5492614575794863,0.04401545606630008,0.2941449441914801
0.2300107684503552,0.0847980395102892,0.12147086834035982,0.5637203236989958
0.27786077330048203,0.10102241737128949,0.09733281780897331,0.523783991519255
0.1804778863296017,0.33584020584089946,0.39142493091508124,0.09225697691441766
0.09068129921315618,0.6165594378139845,0.1517963227831648,0.1409629401896947
0.2242192432306693,0.12786966909752884,0.3863065078941504,0.2616045797776515
0.49287413697767035,0.13906307541902174,0.0987796944678851,0.2692830931354228
0.008531379709545043,0.8343288189385579,0.1270817773158367,0.030058024036060352
0.40463548104124925,0.0038965937396149763,0.11548071934170352,0.47598720587743215
0.5521647749904531,0.28111045986478556,0.14489995685742246,0.021824808287338834
0.29522326870481563,0.02063145958411719,0.3132831059371547,0.37086216577391257
0.06620796162428429,0.3526614964738579,0.19742532577190391,0.3837052161299539
0.03383303325871934,0.024871312350576512,0.585626311586223,0.35566934280448115
0.18557897242026522,0.32272146213428393,0.3931685017672055,0.09853106367824518
0.10292039079695654,0.08661905180097004,0.18987945602996986,0.6205811013721035
0.2546963546384379,0.14919671359974937,0.018032782879471947,0.5780741488823408
0.6061213305096279,0.1671175515041785,0.20865752325944842,0.01810359472674509
0.19372443018394053,0.4732660444340625,0.21068775146575394,0.12232177391624317
0.13047242051829697,0.1946657154507164,0.07139875149113557,0.6034631125398512
0.12871334401629406,0.4296721825462898,0.30817807718415724,0.13343639625325895
0.24981846680697176,0.7062528428037381,0.03148289723216375,0.012445793157126572
0.06823766618369403,0.07702465678469192,0.3684978167131181,0.4862398603184961
0.0680884475542618,0.6286534190470502,0.11087838713334887,0.19237974626533902
0.15041395086526083,0.10583644854941174,0.14146586787438384,0.6022837327109437
0.3472362002054705,0.20099149027379098,0.0277387251180099,0.4240335844027285
0.22361065776818037,0.4500995333102813,0.09675175578881255,0.22953805313272585
0.2145426291770819,0.0010320886000508508,0.005985044380093203,0.7784402378427742
0.5779301379097797,0.22761893902740313,0.0389321409486342,0.15551878211418313
0.12871854370196115,0.19883024268902968,0.4210735060096378,0.25137770759937145
0.5546641456886252,0.14473439800216295,0.027577914836486358,0.27302354147272545
0.546112130653953,0.20591541860830026,0.1663081864476171,0.0816642642901296
0.03143359665033662,0.2868630295465728,0.30884290406414067,0.3728604697389498
0.0992650681364635,0.18488417607790858,0.7114702793536465,0.004380476431981325
0.2815494088510515,0.0017854108307744298,0.11664778540635416,0.60001739491182
0.38990823493701016,0.32914422476435423,0.10593474639531324,0.17501279390332247
0.3169574040613718,0.1490342943783684,0.4787866569473853,0.05522164461287457
0.653834964446497,0.001607291863554369,0.05574501530037033,0.28881272838957817
0.6101523473040411,0.15115524147693912,0.05042612471047426,0.18826628650854557
0.1709676023126682,0.2853491526777919,0.29507063711023995,0.24861260789929987
0.1750395686482547,0.45834785398876576,0.36510724093383595,0.0015053364291436324
0.18233949671435856,0.3952811657731483,0.32495800486751053,0.09742133264498247
0.11291691589860532,0.24487843976493126,0.552562576925067,0.08964206741139648
0.16683710206006216,0.30073860921288276,0.37444142382721507,0.1579828648998399
0.7602225499484675,0.21619093617322632,0.0017436551162141908,0.021842858762092167
0.25777241535385476,0.3001773174556933,0.0013866084535026156,0.44066365873694946
0.08661846866988403,0.4254955245718531,0.4458006222275768,0.042085384530685964
0.038508063724442675,0.2015406191344314,0.05411429441013928,0.7058370227309868
0.09253873045948768,0.08978334610259339,0.4205558034844635,0.3971221199534555
0.4433450509945041,0.3563981242338246,0.19387313268562306,0.006383692086048207
0.2230674370705787,0.00585304038419564,0.14349347603627588,0.6275860465089497
0.16581678808102654,0.4622982266895742,0.05435294073551018,0.31753204449388905
0.5866884243760867,0.26387723595097906,0.05808984324767599,0.09134449642525823
0.029626340857881427,0.11687264809347653,0.060066651225494545,0.7934343598231475
0.5291295301492295,0.14250570612184923,0.029667506826344708,0.29869725690257637
0.6212229086658483,0.08820626331278561,0.09898582500765075,0.19158500301371528
0.145325589971659,0.14047205636092414,0.03413899864766712,0.6800633550197497
0.1461081484181197,0.3550913421784555,0.026330323336809076,0.4724701860666157
0.45266810680107034,0.06010600289619752,0.11681890351744068,0.3704069867852916
0.551274418978669,0.04001383929412051,0.25188267046374735,0.15682907126346307
0.31568003417557466,0.3898874632704935,0.23754138582344175,0.05689111673049034
0.2615223647974535,0.07339647168531674,0.5042897194713407,0.16079144404588908
0.031181438779457137,0.03802088597870734,0.2816493493576727,0.6491483258841628
0.2789636352590922,0.31137602602333025,0.2623718005258776,0.14728853819169982
0.049330234071661976,0.6556333334668486,0.1224379212208593,0.17259851124063014
0.06819099970815026,0.2523652878436583,0.3391655185083174,0.34027819393987413
0.2540366303850784,0.06758579200550349,0.4293210648243419,0.24905651278507618
0.0767938065174633,0.6008581344816177,0.07774641052040948,0.2446016484805095
0.059030218674900964,0.2759814836611366,0.37053397945602556,0.2944543182079369
0.1391616050875059,0.15484971135898437,0.02834665153086449,0.6776420320226453
0.6508917378719129,0.10157122370492848,0.10245377404452867,0.1450832643786299
0.0025787518989384456,0.0006902849742086575,0.8632312230583427,0.13349974006851023
0.4190656197817039,0.1717725295949111,0.27539280698197477,0.1337690436414102
0.3327589617722074,0.1194601071930115,0.42936212383691735,0.11841880719786384
0.33490872844274416,0.002267669724192447,0.2808511139646729,0.38197248786839066
0.5367104476784611,0.17391414259788815,0.11375260533141354,0.17562280439223726
0.4812520496868716,0.2439663305858598,0.1794862285318486,0.09529539119541997
0.28753674744379154,0.471546359919149,0.12419811529718609,0.11671877733987351
0.11055795065495891,0.024172662863635,0.5643446049915791,0.3009247814898269
0.4605820980432014,0.23092743535932686,0.273539763444542,0.03495070315292983
0.3864045944155217,0.31635214524596506,0.18015542003933127,0.11708784029918196
0.17284652579010298,0.11615962228324503,0.2290202663953668,0.4819735855312852
0.28666132811614836,0.10149606000628941,0.043362111210515815,0.5684805006670464
0.039063414043567016,0.32619670607362616,0.30234089857500795,0.33239898130779894
0.058215945902432,0.09504735307111606,0.25579689657682464,0.5909398044496273
0.0234497413195719,0.6646040142859833,0.2384596676334958,0.07348657676094894
0.5406754348773765,0.023315460069948734,0.18527625819504334,0.25073284685763153
0.016096271293584388,0.2855638706503398,0.14512271739151633,0.5532171406645596
0.43922310499281336,0.13197957192828427,0.34854382771917347,0.080253495359729
0.7301174070271655,0.041719662600371285,0.06629778005538373,0.16186515031707935
0.1958925528200686,0.2439215980282301,0.3316371390771648,0.22854871007453645
0.07955935791312031,0.10424514941887841,0.1301462217498078,0.6860492709181933
0.27282169773108056,0.18003436750252913,0.2994124987662527,0.2477314360001377
0.30607852526270707,0.5090075822816461,0.1369670178951948,0.047946874560452164
0.18599792807599758,0.12359924341697494,0.06113900241688104,0.6292638260901464
0.07278125386171587,0.4678705564851018,0.12905112154706205,0.3302970681061202
0.81217207778696,0.05360490581137254,0.13386657248463837,0.0003564439170292146
0.07825470201216471,0.16885766894736662,0.5451286729343643,0.20775895610610426
0.48165621954406,0.06982440715352557,0.021852912418623457,0.42666646088379095
0.023161916906290377,0.21945469427059816,0.6695727832702864,0.08781060555282512
0.16904437642003764,0.23001129143471064,0.10112228104028223,0.4998220511049696
0.14670804253892344,0.45216660493656263,0.09179439607007868,0.30933095645443537
0.17999795195747118,0.33527752703681807,0.0910114066151318,0.3937131143905789
0.2392639268898729,0.2878769940958291,0.10248385126990187,0.3703752277443961
0.40566195736605515,0.0908261312130491,0.3859837702963644,0.11752814112453135
0.6910842410653997,0.02378717999708137,0.21647332992229593,0.06865524901522307
0.028124583531628406,0.44827254338491745,0.22653898640342934,0.2970638866800247
0.6602691784194566,0.08790159086208177,0.07986906652699398,0.17196016419146765
0.26347539687114196,0.2543789933603854,0.2989370554998406,0.1832085542686321
0.9042996012346782,0.04250627239453288,0.022195052875807444,0.030999073494981516
0.16294173483864605,0.7912634558819529,0.022216004857543274,0.02357880442185779
0.006104352315325011,0.2828154143840981,0.44164277428957327,0.26943745901100363
0.06774011101722444,0.3177822098213304,0.4355225807492353,0.17895509841220997
0.14924056366398622,0.18173671867546615,0.5871073111100115,0.08191540655053618
0.6826805578993347,0.03192541514241877,0.24130090394714862,0.04409312301109789
0.10342590767152002,0.35080609130876117,0.2459157832759359,0.2998522177437829
0.5518665047237928,0.13216791745534093,0.27522449662471926,0.04074108119614701
0.628001902521957,0.04623516659344824,0.1752450899951948,0.1505178408893999
0.24688330730661545,0.0925681628683063,0.06374492336396058,0.5968036064611177
0.07644417996875202,0.6249249168999295,0.28692508123837146,0.011705821892947112
0.19070231067942023,0.33352306042906,0.2666242367368714,0.20915039215464826
0.1868415191580375,0.070836179202531,0.006606965480159429,0.7357153361592722
0.35110161617819685,0.19909162925021698,0.1971949418767743,0.25261181269481187
0.00597869568348831,0.1791629923450279,0.7846753397305386,0.03018297224094511
0.16371888044460725,0.05682560766060297,0.6779043720169678,0.10155113987782197
0.0684883397233725,0.5275457999087951,0.10017155727959043,0.3037943030882419
0.8096733236925339,0.10319995599556869,0.08229036522879676,0.004836355083100499
0.5057253781490276,0.05586230097188139,0.3994063871606027,0.03900593371848813
0.3081627340059015,0.061062134948425696,0.5441856384857828,0.08658949255988994
0.3283236654236669,0.20610949927264705,0.20555956289576624,0.2600072724079197
0.05372946876302946,0.29172161880380443,0.2806188562029106,0.3739300562302555
0.2988161299739227,0.039207712668816584,0.026525802969499402,0.6354503543877612
0.08782457800569697,0.09988719964068193,0.1578256137264337,0.6544626086271875
0.06741226998577142,0.14682937648988295,0.45810755644782025,0.32765079707652545
0.05005940182728488,0.5595247306746023,0.3643325276681657,0.026083339829947073
0.6050246669233227,0.11375792957578425,0.03456024703548555,0.2466571564654074
0.5152707357602446,0.10889460198294804,0.12840280941494545,0.24743185284186178
0.3270154395226343,0.48452321911581625,0.006942058952021028,0.1815192824095283
0.2563427448209439,0.015483984116048868,0.503197315488997,0.22497595557401023
0.2078841027490462,0.04504668713321367,0.6061847929645676,0.14088441715317254
0.5412645115610654,0.33530909949681087,0.0359694808437495,0.08745690809837424
0.11644353995990932,0.46818662526113075,0.20758841380426715,0.20778142097469288
0.2507869978646591,0.05853953734233352,0.0402092760836392,0.6504641887093683
0.010281271431851586,0.04219988394703763,0.4582163010680335,0.4893025435530774
0.4485832029570766,0.3170475450341729,0.10117241892377866,0.13319683308497196
0.2554258305784714,0.3458721297519021,0.21857266072117834,0.1801293789484481
0.6944035526823824,0.1896923033494559,0.06612583424224878,0.04977830972591281
0.04475685017578412,0.10730628920313805,0.07078182942080109,0.7771550312002767
0.02194964564907731,0.10025888575130568,0.31913629064600646,0.5586551779536105
0.36130772663481364,0.031236287870742483,0.03210850543502443,0.5753474800594195
0.2962175582906647,0.4559074981177536,0.2132207202946111,0.03465422329697072
0.13157052878944603,0.7640483220837989,0.021179321009472632,0.08320182811728244
0.13909692390887884,0.18147123099098766,0.5161227414825195,0.16330910361761405
0.2364230115768196,0.29981866281064845,0.24986581671859912,0.2138925088939328
0.3008705501204873,0.06677900909933479,0.6226689821598156,0.009681458620362392
0.0571471943741319,0.130101129472183,0.46863836964492606,0.34411330650875893
0.22537167092111413,0.09535582575048888,0.6419830058912783,0.03728949743711868
0.23541943452456174,0.1756175719485453,0.14829878417053594,0.440664209356357
0.3948479217056033,0.26297871456559235,0.04653463389351236,0.29563872983529205
0.12678694082165656,0.7599813478402612,0.061435522324660805,0.05179618901342142
0.3772989560883235,0.11898047204333613,0.3368297557107046,0.1668908161576357
0.09005636494316249,0.07029984580413494,0.1757569791125126,0.66388681014019
0.45248195961563864,0.4146753354170092,0.05551823739096209,0.07732446757639007
0.14000060888249932,0.5300644987203381,0.010742171313311857,0.31919272108385066
0.08384385483414447,0.3978099689958366,0.37252007257560615,0.14582610359441273
0.21061122134995397,0.49318629245577117,0.021058219677832158,0.2751442665164427
0.3936285131204027,0.3473749243710025,0.006800750495252192,0.2521958120133426
0.6529370852543362,0.12688654090336854,0.0026031481589236815,0.2175732256833714
0.059268628067484216,0.203713447287083,0.25808482420670376,0.478933100438729
0.2914167442328444,0.5381560956554894,0.08629246754047018,0.08413469257119599
0.10808049494644008,0.026463855083958217,0.40600159363136945,0.4594540563382322
0.37791556867071274,0.2578249767418003,0.058024518125254505,0.3062349364622326
0.15655489005879838,0.6596503594053726,0.04836720259098904,0.1354275479448399
0.20183100085978162,0.648159637019411,0.1347192532089831,0.015290108911824286
0.21078997052868972,0.034072388664781864,0.3681615653044502,0.3869760755020783
0.24941515501893566,0.21017800537995918,0.045288956317682795,0.4951178832834224
0.04497441266202603,0.013603670783729838,0.5716680782854417,0.3697538382688024
0.3268113103444646,0.4997896884582988,0.09852857003156221,0.07487043116567453
0.20706154496149395,0.10861351755223743,0.0499584449265654,0.6343664925597033
0.5772038580603518,0.002533159138427995,0.31551691684653255,0.10474606595468774
0.2255346599328312,0.016109744361565013,0.04660150511767272,0.7117540905879312
0.517109311909418,0.051889706733472,0.19742838305292063,0.23357259830418944
0.14459457852405044,0.4020913471246245,0.42312434049336695,0.03018973385795815
0.17756865961090876,0.31470093824975237,0.07576342500134108,0.43196697713799787
0.20686984151171903,0.2664661406600163,0.27049492626315613,0.25616909156510853
0.20588366106913047,0.46412503159477697,0.3070798681315025,0.022911439204590153
0.1697848551715481,0.27263039299152064,0.23546016068118353,0.3221245911557477
0.07273616662975656,0.5590398054729178,0.34968419143722423,0.01853983646010159
0.1080709553705987,0.09087754952772481,0.19241414766206685,0.6086373474396097
0.6428864840852446,0.04013660925692129,0.20524563638816684,0.11173127026966734
0.46705645799318724,0.0605237218474556,0.1761238420744159,0.2962959780849412
0.48987434510728833,0.00854588164818189,0.43245722017058935,0.06912255307394036
0.12285320905496662,0.23772786021380687,0.30902544309662133,0.33039348763460524
0.33788248157049555,0.003703161617193821,0.12280910003372596,0.5356052567785846
0.8063211595492719,0.00523754450004202,0.06117548479945491,0.12726581115123115
0.49835332650330344,0.009695114356610265,0.23570133582734618,0.2562502233127401
0.3155573965992843,0.2602565440598092,0.4097217532764506,0.014464306064455958
0.400315507128944,0.21351553171465543,0.04769232626236002,0.3384766348940408
0.40637005980500174,0.1898529946529984,0.3207762466690272,0.08300069887297268
0.8896187170102796,0.008794682643611152,0.08779453659669577,0.013792063749413453
0.5473074957756198,0.27224168060786325,0.1636567102369221,0.016794113379594907
0.01492058486702005,0.4824097621047468,0.48825018688089017,0.014419466147342802
0.7090703065218974,0.02796461216799787,0.25555204512949176,0.007413036180613044
0.10180126911375399,0.004182261966018555,0.5489785400471527,0.3450379288730748
0.25458376039524144,0.25280114104461143,0.21844140067310272,0.2741736978870443
0.16143839012021632,0.13214116103602846,0.16758288672713814,0.5388375621166169
0.20645312199742175,0.10956670143566219,0.5756744612623342,0.108305715304582
0.6492353945102868,0.14233478632501084,0.17128579587755988,0.03714402328714235
0.3963346841714426,0.3478537388848654,0.01945007311710783,0.23636150382658422
0.011035318324622293,0.3028924136359947,0.3541877269663162,0.3318845410730668
0.0031993395190968625,0.3775671534404126,0.3804103636300575,0.23882314341043312
0.15822006634287117,0.2678144127899243,0.26063696494245436,0.3133285559247503
0.004735594901836948,0.06390532089661352,0.15757763266049404,0.7737814515410555
0.5862346634370935,0.0944354620352357,0.02632307798508727,0.2930067965425833
0.6203494979193062,0.2325172431431943,0.03634640207442054,0.11078685686307906
0.10554136359147921,0.06742603138209208,0.24839210417344276,0.578640500852986
0.05256863628232408,0.24060393026235763,0.15662354964682346,0.5502038838084948
0.6171630581049845,0.15633416258946603,0.05954614755078568,0.16695663175476383
0.40691674524356525,0.1938648873037127,0.19433190944330797,0.20488645800941402
0.7904779180182482,0.06865300214345141,0.09980242102263077,0.04106665881566966
0.48790540540406946,0.28582580603522,0.0049211410574619505,0.2213476475032486
0.20040131511741643,0.30978747880532004,0.08605915957823748,0.4037520464990261
0.6013426105915707,0.31000670792659535,0.05411685734476461,0.03453382413706939
0.5837171776509441,0.0873074207847288,0.22906441930447863,0.0999109822598484
0.5358600675716038,0.25851108028626274,0.14343167010480995,0.06219718203732366
0.15492421619339594,0.2741513040186608,0.5373727564260851,0.03355172336185821
0.5192491911642212,0.011827180954305513,0.38474509774212085,0.08417853013935246
0.13082819911783614,0.38807642259457836,0.11476571509780965,0.36632966318977583
0.2712125520195233,0.6387532102320199,0.026274934032651402,0.06375930371580527
0.527532038611649,0.03738336928377429,0.31943131275336384,0.1156532793512129
0.5200968475201709,0.10460117866283805,0.04926297335380463,0.32603900046318646
0.49584722268629444,0.02800594233191987,0.212749868590506,0.26339696639127974
0.02091282994746811,0.08909288352240438,0.6923612058951163,0.19763308063501128
0.2991211505260779,0.3199096421930441,0.37530968525545005,0.0056595220254277824
0.12468704255011633,0.15712037240084661,0.17384585484998216,0.5443467301990549
0.04346553303773866,0.40039304976646006,0.011237232104307075,0.5449041850914942
0.1584728421887181,0.02693022899433564,0.15951019679378686,0.6550867320231594
0.03957996090349548,0.45476706573599907,0.3538070690780909,0.1518459042824145
0.0701556509427126,0.23137801618350198,0.31309301750019763,0.38537331537358793
0.28480550766533197,0.41839174618775365,0.05891646218543606,0.23788628396147835
0.4902587903423776,0.31298023047700524,0.1088962482980049,0.08786473088261221
0.482374808383074,0.267437951249485,0.1788646142207858,0.07132262614665517
0.07356740087696038,0.66083775587585,0.0812026843611674,0.18439215888602217
0.005693219103649065,0.3663316359938219,0.03160501463750898,0.5963701302650201
0.5804740153223795,0.2511740573567489,0.07562985511814867,0.0927220722027229
0.03917872930378121,0.18926911592590312,0.09021783981098909,0.6813343149593267
0.06681691913557651,0.11041784926115733,0.8053024069572526,0.017462824646013394
0.039581803505880093,0.5372843979283953,0.30929068820593086,0.11384311035979372
0.21708193336556722,0.05792875819958787,0.578985714466178,0.146003593968667
0.25079287904377595,0.3524492645594952,0.12693436028873425,0.26982349610799455
0.10100255925800306,0.2817850413091096,0.5425926901590435,0.07461970927384372
0.30560887912580076,0.05876871206514422,0.5987495520693032,0.03687285673975179
0.0017160222796547679,0.156383912237971,0.5332795379345122,0.308620527547862
0.7736212876412698,0.14512737594082184,0.04371169765991961,0.037539638757988714
0.26131590924504144,0.024885630536681604,0.5249059097777822,0.18889255044049477
0.2272863789015601,0.04765536689696785,0.18636759780019607,0.538690656401276
0.09206751618504046,0.23970465629329124,0.1803833889427872,0.48784443857888127
0.16940648482110893,0.35864889546542483,0.13817176142431023,0.33377285828915604
0.08631537728098314,0.10967780131568511,0.5915243985417263,0.21248242286160549
0.06538621337217816,0.45891166691471047,0.1860939076871099,0.28960821202600145
0.18467783404437746,0.10413743258502038,0.19439872310905176,0.5167860102615505
0.43639538270613315,0.07807544138291711,0.36544383573531636,0.12008534017563338
0.07140132470089942,0.7823676172960095,0.03353298505963394,0.11269807294345731
0.1009862281829688,0.2638369809295251,0.04605728436747032,0.5891195065200355
0.45623876196018276,0.3158252231019085,0.0614417967106636,0.16649421822724525
0.6441816634689049,0.051959113950704676,0.2977295535738547,0.006129669006535647
0.6525088606924617,0.07639682456014918,0.2291768368127003,0.04191747793468885
0.19277487127197238,0.014696996025289519,0.5408380500928085,0.25169008260992964
0.40842443825072267,0.14026665642559166,0.28651230255535964,0.1647966027683259
0.7773598337935314,0.03197800117849641,0.05975092405348176,0.13091124097449044
0.23858111322109993,0.2327577853139112,0.49236661130166326,0.03629449016332566
0.010678036833366648,0.18169126739691446,0.36048838788707793,0.4471423078826411
0.19529408565477632,0.08727242965574125,0.4790069404763066,0.2384265442131758
0.2709306636982162,0.23052759785030613,0.24385048845637672,0.2546912499951009
0.048068401123859246,0.43608711614157025,0.3438813542560715,0.17196312847849896
0.47582626725369154,0.23259087406125922,0.28563687264521437,0.005945986039834925
0.15057401771529458,0.6503500579174715,0.10330957008768572,0.09576635427954831
0.4075605034065007,0.019382144413604908,0.086770511257148,0.4862868409227463
0.08268851233255944,0.3399659297129318,0.40776199388709283,0.16958356406741593
0.11864966794737439,0.029365443461976018,0.28637892123296316,0.5656059673576864
0.17306570793901616,0.28967058635102233,0.5237667408201658,0.013496964889795657
0.061587164445185374,0.7201255898142942,0.1483829972820784,0.06990424845844197
0.19041165084107897,0.7268038860419881,0.02594625649173939,0.056838206625193684
0.19788303095442186,0.5511216506631138,0.18905081175526478,0.06194450662719949
0.2693563385602511,0.33604035725010933,0.23713736615668993,0.15746593803294967
0.23100024978969144,0.27561927655978075,0.09463695979664838,0.39874351385387935
0.013058847191887893,0.3886370758678215,0.3803558047777176,0.21794827216257298
0.1040729882646338,0.41992352670335126,0.32631371447182783,0.14968977056018726
0.10759713295008164,0.07355215056832225,0.17791212916426455,0.6409385873173314
0.35068857870144166,0.4036614130221667,0.052096909731736474,0.19355309854465505
0.8204030350953164,0.05899942440085602,0.05825356533170561,0.062343975172122035
0.544514408119171,0.024724727619417304,0.2558280593921976,0.17493280486921414
0.2891206042824366,0.3399557813867409,0.1892959966850678,0.1816276176457548
0.06620989753277266,0.15911753014155952,0.04846830363392949,0.7262042686917385
0.3927973077695549,0.1348097647971223,0.26617012395199585,0.20622280348132688
0.06843010402379604,0.17100863738572822,0.47992636935205624,0.2806348892384196
0.28536193541867994,0.3534535262651388,0.2102225111642235,0.15096202715195778
0.43071850646702187,0.17216731940649088,0.05215827334526225,0.34495590078122507
0.30627256538723874,0.06573740367156262,0.36344907103621943,0.2645409599049792
0.07614356393693761,0.05081622355464294,0.16498695252539136,0.7080532599830281
0.26714720116546625,0.11140462074036615,0.4709254068593585,0.15052277123480903
0.5440616097882877,0.030291678508830633,0.3735631004385821,0.05208361126429948
0.21088327927940084,0.5487035649253572,0.18649457330771266,0.053918582487529114
0.6913486284187074,0.06662006914176662,0.19751541757097493,0.0445158848685512
0.42725579162678684,0.5200761395406999,0.007815840243989375,0.04485222858852407
0.05651171059342064,0.5531532522906172,0.07005349786517315,0.32028153925078906
0.19739304913418582,0.049917521988019554,0.21148123154615617,0.5412081973316386
0.04677941176727544,0.21910699415215446,0.10422237038514541,0.6298912236954247
0.040290018257851175,0.14194372323601787,0.5850120500906735,0.2327542084154576
0.014355662058376106,0.6939635314585685,0.017334282853107504,0.27434652362994794
0.17043289252827404,0.049480044040816115,0.4125191016033724,0.3675679618275376
0.2087556840969698,0.08185551421161825,0.16056584416736877,0.5488229575240432
0.1366568223108522,0.7056615308748022,0.05922137820802755,0.09846026860631799
0.1643988258320802,0.0497781678986845,0.720229527071814,0.06559347919742128
0.21437693928823956,0.09364151267941807,0.1484539132973693,0.5435276347349731
0.013738250762883089,0.14539098341636375,0.18767550698484162,0.6531952588359116
0.3969196727383722,0.05493739429378234,0.49361359397602184,0.05452933899182358
0.2749642090758206,0.05702724028181489,0.45618976699803165,0.21181878364433296
0.1842123877766266,0.015477796121073962,0.23368076725560394,0.5666290488466955
0.36426051478997,0.35041943408839593,0.11737029319516641,0.16794975792646777
0.032290975544834136,0.025250585668724363,0.022428638611666676,0.9200298001747748
0.055251055154854685,0.6986579220876576,0.169954418340037,0.07613660441745074
0.13979453172534698,0.702286092334484,0.021156137638363263,0.13676323830180584
0.07260250575756991,0.42465714437907714,0.21525951800638204,0.28748083185697076
0.31707098443535103,0.2512079003071622,0.3470172601499214,0.08470385510756526
0.4974396571551698,0.16168241111969409,0.11128396781740182,0.2295939639077343
0.2884307774791002,0.15432065778527085,0.0934729885251327,0.4637755762104963
0.30851289672189025,0.16223807772658008,0.24809403744281874,0.281154988108711
0.2256421057367796,0.07657441002128586,0.0815792959193779,0.6162041883225566
0.33215254137359623,0.10215304838116955,0.03694389544618527,0.5287505147990489
0.5230772647631458,0.09653574231670979,0.006628561427053461,0.3737584314930908
0.0906804728438325,0.38218472441769696,0.43950297970836755,0.08763182303010297
0.3919685116414449,0.290161076468021,0.08500283242409579,0.2328675794664384
0.47578073811254634,0.1278120960638258,0.1599704003884911,0.23643676543513661
0.20866285958465328,0.028954269537504837,0.3310085339458962,0.43137433693194566
0.4684379761617236,0.18328271438499558,0.31354365230127285,0.03473565715200808
0.11538664035090554,0.35944309241364636,0.2658966713679845,0.25927359586746346
0.12128300088761282,0.05647364247034294,0.1876076530613135,0.6346357035807307
0.2684201390094816,0.594873403164729,0.09736503465408723,0.039341423171702264
0.1446532793836011,0.21164242478917217,0.3036863182741678,0.3400179775530589
0.038177547218589375,0.15872185910104356,0.18616274770232719,0.6169378459780398
0.024772158650600243,0.52012059478957,0.3765617260983773,0.07854552046145251
0.275717501988874,0.1644628849198633,0.25433955085742677,0.3054800622338359
0.20167762058972483,0.43457500632672463,0.2066664815400223,0.15708089154352825
0.07314429626136879,0.32436560252382146,0.5909704361393919,0.011519665075417998
0.057567523906852755,0.40435985984856954,0.3866168640799191,0.15145575216465865
0.264892913234899,0.13518707406775485,0.44216268419452104,0.15775732850282512
0.09677583653624348,0.07777483026847351,0.3474395785853097,0.4780097546099734
0.007422067130636455,0.060704460284092154,0.4852602215475067,0.4466132510377646
0.08153794978073031,0.01822917283125485,0.7371176249606929,0.16311525242732203
0.16976028767989804,0.3671464187670749,0.11929174698847833,0.3438015465645488
0.7374034861108204,0.03695450231135604,0.0992102501209814,0.12643176145684223
0.21592153524472188,0.4016899245572314,0.037016774971196015,0.3453717652268507
0.2889750789975814,0.09146448092099566,0.03430377743524702,0.5852566626461759
0.36686886182994083,0.46788416237089153,0.018253674431565052,0.14699330136760264
0.29534434387504443,0.1436638135489379,0.3777874830139051,0.18320435956211248
0.09424632928405219,0.11121552362096965,0.5405327452679819,0.2540054018269962
0.809792341462251,0.12067758235399942,0.05149079267685511,0.018039283506894464
0.0027637549623224645,0.16159854019382733,0.28907134823456104,0.5465663566092891
0.11503622856940357,0.17093954210899925,0.6380440352044199,0.07598019411717734
0.10907589559216753,0.012293566720823882,0.16362894737398098,0.7150015903130275
0.06938664846531346,0.20115782032435384,0.36373594002749216,0.36571959118284036
0.23339336683569625,0.018376980553503036,0.3125380456049581,0.43569160700584253
0.46315135934280455,0.22951691197743426,0.23657993238197428,0.07075179629778686
0.011668858016918403,0.2028019559832887,0.25966106899849223,0.5258681170013008
0.03748896406247994,0.2073438216444496,0.3309263289410591,0.4242408853520113
0.032903271825148996,0.13648969108745154,0.6425089738557868,0.18809806323161263
0.029171223967451983,0.3698003385397066,0.5364488845085245,0.06457955298431685
0.8093580964520259,0.043689041182780504,0.11362566907093653,0.03332719329425703
0.25361051607780516,0.25140751760874835,0.05698181163147632,0.43800015468197023
0.3746877334374101,0.06563341248912362,0.5529788808848993,0.006699973188566996
0.19187196736649778,0.4710590233623467,0.04930436632594757,0.28776464294520804
0.14208231069223287,0.35490318508346,0.02062490923373321,0.48238959499057393
0.07540427094563752,0.09596428377226823,0.5739892353461538,0.2546422099359405
0.38575516806620447,0.04308692260502175,0.40816455828039416,0.16299335104837964
0.5769507098220573,0.012946301485548324,0.3483359149130802,0.061767073779314244
0.11179150021269067,0.48142113089039623,0.366869269494769,0.03991809940214423
0.09669675111066982,0.8102345618120598,0.014270797732070786,0.07879788934519955
0.2140487980388907,0.07019098852602544,0.20244585221475186,0.5133143612203319
0.1597318476239865,0.12500436324248002,0.15250256657916708,0.5627612225543664
0.010425879169655025,0.6717378629725932,0.20815565050026735,0.10968060735748439
0.07983272740935944,0.5905227559288665,0.1652713725679531,0.16437314409382103
0.16684847375692885,0.05331820949257151,0.36219760101703874,0.41763571573346087
0.007206926814129842,0.6424147812600338,0.10296341664855554,0.24741487527728076
0.15250069721595955,0.05635046896212526,0.5678986731885745,0.22325016063334072
0.1538669938204681,0.17265582878527058,0.5264831434927106,0.14699403390155089
0.4010911188478303,0.0945277243316127,0.09831241694653992,0.40606873987401704
0.28488684699188954,0.30970307800485325,0.008626197662080462,0.39678387734117687
0.06859537120109889,0.27979633462235004,0.5590415966366044,0.09256669753994658
0.48356512085528386,0.07887328989024943,0.0755095490841844,0.3620520401702823
0.16607996019787102,0.03675909148375523,0.7059423002954356,0.0912186480229381
0.027000150155650576,0.19116160893942052,0.012986235075389582,0.7688520058295393
0.09773307729179467,0.04461939447868661,0.48889556227255365,0.3687519659569651
0.5281148475109665,0.3011115367820719,0.03747765729313211,0.1332959584138297
0.019050331264516128,0.0007490674292914472,0.3504657884865258,0.6297348128196667
0.3055479950307874,0.21453594613750113,0.2700901130592758,0.2098259457724356
0.3594583263279934,0.2165765666260024,0.3156542301180104,0.10831087692799381
0.4102854832068074,0.02496232661348985,0.18046668437033142,0.3842855058093712
0.20278584732288185,0.3462747716978919,0.20129211740464145,0.2496472635745849
0.08728928495982585,0.044395574944721454,0.7097159901701285,0.15859914992532403
0.4432905233343683,0.12536058061806563,0.14588894638266384,0.2854599496649021
0.3920018241737748,0.24555124517710403,0.22427177827490935,0.1381751523742119
0.391913402410285,0.3639967541937578,0.06592549347734641,0.1781643499186109
0.31186871431946755,0.5219357424112497,0.13033340263165413,0.03586214063762876
0.024045264848451296,0.26337236784935,0.4223123708928608,0.29026999640933804
0.38661419554048604,0.10075952361332537,0.31214857867548096,0.20047770217070757
0.2955633740955649,0.09672963083111541,0.12100024089201586,0.4867067541813039
0.4553927715030485,0.1508510047744719,0.24899519832358288,0.1447610253988967
0.23175960984470112,0.28771948776660516,0.20143451090304432,0.27908639148564945
0.0037702440069167257,0.815620507464063,0.026034486352046995,0.15457476217697316
0.02390766110897659,0.4755398795936497,0.4451475843802503,0.0554048749171234
0.41530628479301535,0.008178700919956407,0.4094633090387845,0.16705170524824375
0.03992986421496726,0.02382432041617303,0.7654173879307389,0.17082842743812085
0.3055429705893707,0.19659885757474024,0.4680654778665259,0.02979269396936329
0.28282548599879215,0.16076060122100716,0.4013946612377653,0.15501925154243545
0.4370730730394817,0.02930474370766998,0.13973811035902808,0.39388407289382027
0.3048679908699811,0.3063800056955709,0.06043061662038382,0.32832138681406425
0.32935743627034275,0.15604955114529703,0.15654119557990256,0.3580518170044575
0.44610293637134113,0.09442830850708853,0.44653570078687327,0.012933054334696967
0.20044781101275355,0.5062835674525306,0.10072658244787773,0.19254203908683815
0.01754186273690408,0.4401140168828556,0.178146728516009,0.36419739186423117
0.10705878720063845,0.14538375114415245,0.6253227520440361,0.122234709611173
0.002452496588181275,0.6629438563292084,0.2672577588454097,0.06734588823720056
0.5441505162484911,0.23889560797928808,0.01879493834233629,0.19815893742988464
0.10078801637221606,0.4637116545478114,0.04714235092859609,0.38835797815137674
0.08377485098699272,0.19435010874789707,0.3586695239640969,0.36320551630101344
0.4743499039497569,0.003362370927441976,0.18270083047520047,0.3395868946476007
0.43877518094918694,0.09327780232930245,0.2968630223851556,0.17108399433635502
0.27184784791446187,0.5765226322593532,0.08187627039428974,0.06975324943189512
0.10390168358617231,0.08277031645294484,0.13453164654474534,0.6787963534161376
0.1535160307563752,0.11490874263748987,0.30886346837054535,0.42271175823558943
0.0068861581124315535,0.0935635519236167,0.8407168179238084,0.05883347204014323
0.21207655119575344,0.6483500520855753,0.06978464124116589,0.06978875547750533
0.11359673042859951,0.03097461867744876,0.1824572253879602,0.6729714255059914
0.4814899362976542,0.15362622159298456,0.3115191499839939,0.053364692125367486
0.3988180516797336,0.21397932454841698,0.22162361422509833,0.16557900954675114
0.12051521022705688,0.16945408194227551,0.5110904646576294,0.19894024317303827
0.6376223498857638,0.024523344229759547,0.20788263453335443,0.12997167135112206
0.07809101830978583,0.1825731133662027,0.33943985152223666,0.3998960168017748
0.11105923491604301,0.23638860764476666,0.259148221821949,0.39340393561724124
0.0420213382326291,0.4586465085547241,0.4835457856815576,0.015786367531089102
0.06934125800799926,0.28223634719835733,0.3442520034932699,0.3041703913003736
0.034863924131041835,0.7387351647998194,0.008736954809963535,0.2176639562591753
0.46305820368537953,0.2805754192700214,0.185189557952859,0.07117681909173995
0.30117484136911304,0.2208910791982365,0.4179299423147171,0.06000413711793315
0.0853191686076678,0.23765211027188982,0.4788635941512736,0.19816512696916885
0.044526533029082334,0.0014860010373994109,0.0682804521219029,0.8857070138116153
0.3848648615804594,0.2323491418959913,0.02741324566494156,0.3553727508586078
0.4860264471306811,0.22882694909989335,0.08660407205470179,0.1985425317147237
0.07070453005323374,0.36314073982559486,0.3180212842391367,0.24813344588203473
0.5338748544768092,0.2494224555424837,0.173584700294613,0.04311798968609407
0.2541334104546803,0.1673717982414127,0.11932798862986743,0.45916680267403964
0.4591144650820751,0.44588790726503513,0.04892438410036677,0.046073243552522916
0.6499818587872456,0.04161144626866953,0.0011202650172387246,0.30728642992684624
0.09744343786137832,0.6601919541028545,0.23449937323493264,0.007865234800834576
0.008671218702929107,0.20119849049669816,0.27304125763999687,0.5170890331603758
0.005025904814002919,0.15213165044892962,0.4897402324860861,0.3531022122509813
0.34919908576680336,0.1824785860863471,0.24540433164279518,0.2229179965040543
0.5402736229737616,0.12673990006470134,0.048310567984690245,0.284675908976847
0.06698728691254835,0.4651683015366347,0.07943568913333399,0.38840872241748314
0.523064366850671,0.16708342003429322,0.24936588838210255,0.06048632473293301
0.46543360972705394,0.40391065025931533,0.07329835361208768,0.057357386401542955
0.2396083903298272,0.2821900493363239,0.030842422589100575,0.44735913774474834
0.4962019471965481,0.09764730138473961,0.29922763016580795,0.10692312125290435
0.3917476724399319,0.3639509897987987,0.00882611161028617,0.23547522615098318
0.43580908061230944,0.11430183604375757,0.044373535758307034,0.40551554758562597
0.8727494041325179,0.027245447504695965,0.07837484287243518,0.021630305490351137
0.21987779599944438,0.5440506141797193,0.08332194451275728,0.152749645308079
0.44712466281784724,0.41611644934801717,0.0952210208133683,0.04153786702076737
0.24536031954612994,0.2031467894073879,0.3864769494944118,0.16501594155207022
0.2766843101999368,0.48938370766400713,0.06509717629489752,0.16883480584115856
0.054421437900996274,0.11339528026752163,0.6567850273584825,0.17539825447299945
0.4078078013827132,0.2345776914345765,0.05818995436405046,0.29942455281866
0.5242042279849835,0.11968687823981665,0.19552752722072642,0.16058136655447358
0.24660780679840924,0.007626068647902021,0.3009311938746766,0.4448349306790122
0.005721057258558573,0.23710440526582358,0.5265763300748723,0.23059820740074566
0.22483632178817453,0.08451839210021837,0.3627560575862036,0.32788922852540353
0.2550799710348217,0.1858082029961188,0.04241833756261082,0.5166934884064488
0.08941217045562982,0.45404912669763325,0.4086395423910186,0.04789916045571835
0.5992655772865226,0.14423646703643037,0.12663463132518635,0.12986332435186057
0.4129587315478921,0.056645234777006316,0.26277814260359994,0.26761789107150163
0.5143084952102424,0.2113036984527677,0.14358494513650466,0.1308028612004855
0.11682636002958215,0.4383155905832154,0.2912504802637628,0.15360756912343965
0.009854394129035963,0.7047013736016356,0.18939874267235782,0.09604548959697067
0.22984741633699723,0.07412315288450269,0.04862713093237688,0.6474022998461231
0.5693972131776709,0.1627379546100597,0.07331088516936751,0.19455394704290185
0.014109727863133473,0.5584926123841388,0.04277323694311086,0.38462442280961684
0.1374616353985196,0.05387058470706248,0.7503331549928863,0.05833462490153152
0.34313169737135113,0.156798821536856,0.18992818497847275,0.3101412961133201
0.0799384287260716,0.022068235707753816,0.7775305589341417,0.12046277663203277
0.3071060818859407,0.06641011455513932,0.4589748698255921,0.16750893373332795
0.5747249147294989,0.0060978878712246295,0.27812190898423866,0.1410552884150378
0.24323077830921003,0.5279716394956534,0.0751337035154122,0.15366387867972423
0.4026456204198934,0.030083593955192268,0.3342128197124834,0.23305796591243094
0.15831674635139956,0.11769749343451359,0.5077421239859155,0.21624363622817153
0.07878005413101707,0.07836102733210973,0.6092963118084141,0.23356260672845905
0.47078254988953383,0.06839400312918617,0.11393837448129218,0.3468850724999877
0.38390980782368206,0.2974065394963277,0.11225630834737786,0.20642734433261248
0.08538816065456917,0.6873830607340149,0.06423439916186788,0.1629943794495481
0.014247204677273854,0.015541128024679505,0.33577189170933186,0.6344397755887149
0.007089316793605715,0.6814832233826476,0.23918024828899223,0.07224721153475443
0.0674647581971606,0.522320132666438,0.1534654311019866,0.25674967803441484
0.0741797166886324,0.48377958094351237,0.3545779109978811,0.0874627913699742
0.09534285115558212,0.20415995734641948,0.1792552157105212,0.5212419757874772
0.32733187262123414,0.31473776848863816,0.0559777770996096,0.3019525817905181
0.16384422946447297,0.206288673889416,0.43416451919886134,0.19570257744724956
0.43389786670144853,0.25582695625431523,0.16030029515316738,0.1499748818910689
0.30264189371811695,0.055212687283495154,0.02688133150735832,0.6152640874910296
0.17870302078977204,0.10024856378775428,0.1430396754274606,0.578008739995013
0.07027042277482327,0.2658342599855384,0.36063392509201825,0.30326139214762016
0.33938336285763215,0.04732506930716509,0.13309121932100934,0.4802003485141934
0.19020518512062934,0.03286508002075101,0.734217754426678,0.042711980431941576
0.12045584588758058,0.511765504909769,0.001927076754572456,0.3658515724480778
0.42106046518736323,0.0786141138626532,0.403202029241665,0.09712339170831868
0.0015953846960766827,0.26140800925988894,0.17648869588193516,0.5605079101620993
0.21358772545892574,0.4739919150783993,0.2802858995844723,0.03213445987820254
0.43781138079323295,0.10961419219704525,0.20523360434672666,0.24734082266299515
0.23890570150841564,0.048126847982430394,0.253158561296084,0.45980888921307
0.003977544749473412,0.764692076206507,0.057369037128941924,0.17396134191507753
0.09669888343648983,0.03997347836416015,0.6578067451034145,0.20552089309593538
0.39382314899529625,0.4110885276639644,0.16093975108130676,0.0341485722594327
0.3877114743650433,0.38251075765994863,0.18785181200679987,0.041925955968208105
0.004750533348311359,0.13837574322554577,0.8352910318588869,0.02158269156725592
0.1737312391806835,0.4982871210307242,0.001685438375710137,0.3262962014128821
0.26887650853392725,0.2966115632169212,0.09588326729032293,0.3386286609588287
0.014137428344440355,0.15322866204679747,0.24053558968686164,0.5920983199219005
0.08546754876608292,0.5852329077329733,0.3164532667677347,0.012846276733209039
0.09612270224776243,0.28746840540526136,0.08906115149009115,0.527347740856885
0.6484360214715379,0.017702251031693372,0.02870513198441831,0.3051565955123505
0.24873161390519657,0.40836892865763963,0.14813290610687146,0.19476655133029228
0.26254275203964134,0.024313840201472956,0.14259040446824817,0.5705530032906375
0.11610343080392779,0.24138176580804088,0.3080197714784696,0.3344950319095618
0.3191698584494583,0.022926409786657193,0.20165087010254762,0.45625286166133683
0.23797002107510723,0.1387399396589953,0.22301840916252882,0.4002716301033685
0.20379844804587705,0.07298612295584285,0.05887360863994079,0.6643418203583392
0.4402756171936864,0.06671149801084277,0.1974963703367366,0.29551651445873417
0.7556882198917543,0.06008629634444129,0.0629637936350448,0.12126169012875969
0.060227935566286604,0.7346410591047374,0.0866657395897977,0.11846526573917822
0.046072888099488826,0.11548623408691015,0.033476621780461874,0.8049642560331391
0.8661322395366486,0.08911960223938524,0.0001456956592953941,0.044602462564670736
0.023894215439421947,0.4134752240583787,0.46899896285500114,0.09363159764719808
0.20202435702007546,0.17716737372465044,0.1768746472405082,0.4439336220147659
0.06559353616634572,0.5832804973791085,0.029368722165576098,0.3217572442889696
0.33579685121681946,0.030429084276595443,0.18254815733623875,0.45122590717034633
0.1957609657027715,0.15533243295032476,0.3662032119448509,0.2827033894020528
0.02485520140079809,0.017767621521253732,0.008539304480958174,0.9488378725969899
0.91211975658226,0.05945319836834353,0.005878926775572146,0.02254811827382417
0.03401956346292691,0.33632608805763436,0.6119621212647369,0.017692227214701765
0.20751458103444267,0.572517565206441,0.191694744364358,0.02827310939475834
0.07210214229167705,0.45737208911188265,0.2855395906964085,0.1849861779000318
0.17724848251990022,0.05149536652133467,0.14261959646847638,0.6286365544902887
0.0942704133624264,0.37420808456641713,0.10653589203989323,0.4249856100312632
0.012709303168075255,0.22191263020938737,0.5195882574651691,0.24578980915736842
0.1376248551820133,0.50188249987811,0.16427124595691872,0.19622139898295798
0.26694364492203665,0.30355016831151355,0.2823766113641886,0.14712957540226115
0.36537373963399294,0.08837431406912905,0.23062403554636304,0.31562791075051483
0.3202056545638212,0.2653239325633626,0.019645203622936577,0.3948252092498796
0.07937594171660366,0.36295714103904336,0.12828640071518158,0.4293805165291714
0.08420019189747519,0.5238794318910324,0.22500072309277958,0.16691965311871287
0.5369752852307005,0.01322519878138822,0.18896105311232633,0.26083846287558476
0.05178802262409935,0.2016075180988719,0.31790895997038515,0.4286954993066437
0.004381724090256341,0.32564288842612243,0.6692263802775963,0.0007490072060247819
0.24374366788195145,0.11106526864854672,0.46769758142674656,0.17749348204275525
0.07801745733941384,0.026696927324865186,0.37576018460197425,0.5195254307337467
0.25007050403265413,0.006821085010337154,0.2568072216805371,0.48630118927647165
0.03432747402419859,0.11898741486808961,0.752335325492637,0.09434978561507477
0.23782007820803042,0.1508255472923535,0.185888939330351,0.42546543516926505
0.4682129926390191,0.39371120122217745,0.034040760958916116,0.10403504517988722
0.14214689298170222,0.7778391409892973,0.060944287312317116,0.01906967871668339
0.11111805642004803,0.7855182184093619,0.05634996734959954,0.047013757820990626
0.5183869327477585,0.29184793243035173,0.07733194366804858,0.11243319115384114
0.4715867900563185,0.2095846416682916,0.008700919457334073,0.31012764881805593
0.22072190028451183,0.5998354147706874,0.07732692843755486,0.1021157565072459
0.5612807093228585,0.23905192115073384,0.07597043371436404,0.12369693581204373
0.4190315891002149,0.2978393352429,0.23318086891894316,0.04994820673794202
0.12015198436192155,0.25348969029213547,0.1787816861779904,0.4475766391679527
0.32397609590180115,0.22430486554506276,0.21119758198202523,0.240521456571111
0.22915626817557266,0.11404930572993575,0.5542637203233232,0.10253070577116853
0.34564321227448774,0.2843372063896273,0.2353526690942836,0.13466691224160118
0.4200121620314378,0.27787025727201736,0.25197308146933917,0.05014449922720579
0.2740884504701568,0.05879894483422565,0.31871358441373987,0.34839902028187764
0.47213571979598423,0.3721082354025563,0.03320502210068818,0.12255102270077141
0.08823359755914184,0.0182252977192429,0.49892267113271876,0.39461843358889653
0.2630272108811435,0.1959031209670915,0.12019614455186435,0.42087352359990066
0.09001471378862837,0.008884609843016237,0.7206263910854712,0.18047428528288426
0.12287531088525032,0.2336300032923423,0.27839033929972723,0.36510434652268015
0.12513228092445633,0.2000262824529527,0.22450565499323294,0.450335781629358
0.1662818802972316,0.1855286708029096,0.36138927205198657,0.2868001768478723
0.3971028131251637,0.19332473451771745,0.14087433735885885,0.26869811499826
0.1400836430090764,0.7377736592769498,0.07277069681114917,0.04937200090282464
0.5294282978761854,0.018996754933549076,0.22196712350951256,0.2296078236807529
0.12416043245874844,0.24961133456416615,0.446882893719125,0.17934533925796053
0.20673544223728726,0.24871899297426445,0.2884134987687501,0.2561320660196982
0.5735033439229674,0.04323321290908287,0.10043265114593895,0.28283079202201067
0.39527144547670395,0.1350512200809378,0.1721288142202829,0.29754852022207545
0.3837218760746035,0.4637778447501399,0.08231113457926596,0.07018914459599061
0.5721154683624996,0.10134213833677423,0.2232990995820301,0.10324329371869623
0.02819068926208477,0.8391381329200497,0.05599672324195703,0.07667445457590844
0.37656611694771225,0.11736659867957969,0.23518786014366216,0.270879424229046
0.2903863324170033,0.07875667767414005,0.16603156417392081,0.464825425734936
0.4991066237562185,0.33233789217943543,0.16227362325311503,0.006281860811231086
0.020277064808995694,0.5806725749923597,0.03666682209032635,0.36238353810831836
0.07781071312904421,0.07665109321271031,0.006907286875028882,0.8386309067832165
0.02173359164195181,0.007234648457895268,0.8003601088009386,0.17067165109921434
0.16740493149350613,0.4057130206314171,0.2395882268330607,0.18729382104201608
0.44943687867516113,0.2390755720334586,0.0787438507345685,0.23274369855681182
0.07648921098381768,0.3909709119701278,0.12190595984961942,0.41063391719643505
0.0484765843150328,0.24379548746681473,0.4913898573398315,0.21633807087832088
0.9024481153461233,0.04029891587339112,0.013362263694871628,0.04389070508561387
0.10691425097231297,0.36590455223667134,0.31528125250424055,0.21189994428677525
0.08841386761402585,0.415028507028262,0.02544274763521337,0.4711148777224988
0.5401913987327572,0.2533225735697048,0.19845077365162003,0.008035254045917928
0.0630128207776949,0.19116444268978866,0.4914052332715214,0.25441750326099494
0.12423164712543533,0.10037116490998133,0.19795257619878404,0.5774446117657992
0.2055623137085585,0.07099110389262807,0.029723453331168957,0.6937231290676444
0.4595339168954711,0.35050768477456995,0.038885609581029726,0.15107278874892924
0.0750727002382105,0.5191580869471756,0.2727942314365886,0.13297498137802533
0.7392582717029961,0.036375570731610976,0.2203681665668497,0.003997990998543154
0.47610575673271033,0.0674441057685027,0.0791001711549907,0.3773499663437963
0.020753105353575774,0.10914224454318716,0.813026671751223,0.05707797835201393
0.7318247034548568,0.056915187862181416,0.09831473891098973,0.11294536977197192
0.02147526304004714,0.8616250922967559,0.012943805917174575,0.10395583874602245
0.3246843847425573,0.4827256897885344,0.09190714155724414,0.10068278391166405
0.5729393026461259,0.19799451846511695,0.06962896032229632,0.15943721856646073
0.1306608127630879,0.3951580924775028,0.25350323888216275,0.22067785587724664
0.16496435752890526,0.37737541199666474,0.07306862198655065,0.38459160848787927
0.04905562454468517,0.35441748683830404,0.21748148153931257,0.37904540707769824
0.1846733116130957,0.3989206136201934,0.0500160864882527,0.3663899882784582
0.06996991221193145,0.47702170636044006,0.1993804116356499,0.25362796979197866
0.048998830031001035,0.04111006529847678,0.5018581850157777,0.4080329196547445
0.03417563259092981,0.2672592323657129,0.11906350100495311,0.5795016340384043
0.48065347641451683,0.18629500228307125,0.32157015429601016,0.011481367006401668
0.10143961975764386,0.12076885707119062,0.26886697695436,0.5089245462168055
0.03565699092070151,0.4440071742331195,0.002366176621827916,0.517969658224351
0.07381725893393937,0.7024244631141272,0.041120200082621995,0.18263807786931147
0.1542440452278583,0.45299097282550727,0.14445336428869465,0.2483116176579397
0.239766832651168,0.33624406905307413,0.29273830378956933,0.13125079450618854
0.006743275241247157,0.27303556708402127,0.0343798903589054,0.6858412673158263
0.802960621816728,0.04170345620267797,0.03830971483447365,0.11702620714612041
0.05596315907614513,0.19654394068307085,0.5492409803747875,0.19825191986599652
0.20981167160661923,0.405365085063708,0.37160434497064065,0.013218898359032259
0.18955778505546375,0.04972579316108972,0.5681687172055191,0.19254770457792736
0.0005890810059634075,0.1822409380940529,0.7984194680995313,0.018750512800452316
0.04965401381723737,0.2551306251474568,0.4699574480668102,0.22525791296849562
0.3264781912642914,0.3477833768032538,0.04237856856402545,0.28335986336842933
0.6420924342541742,0.05063740313374405,0.037389071186622984,0.2698810914254588
0.01236134885535249,0.19764167159491722,0.34537098561025875,0.44462599393947155
0.007216693286871632,0.2678638399330141,0.5646698632362194,0.16024960354389475
0.10712167607647094,0.3637133158624611,0.15700472128298987,0.372160286778078
0.15107193345703884,0.08068847943332015,0.43172263781726933,0.3365169492923717
0.02056652827603583,0.3811711600914451,0.024145692819962417,0.5741166188125567
0.8141571583678366,0.04220850421707523,0.025784214164659952,0.11785012325042823
0.0834340653157618,0.005368197958294102,0.5550403036623959,0.3561574330635482
0.45375952469218894,0.17752693282443882,0.10599011329964092,0.2627234291837312
0.023109514089799242,0.1665598616495636,0.18651056331818217,0.6238200609424551
0.45540644451662327,0.16345090667926887,0.11615902045915934,0.26498362834494843
0.20601139181374395,0.32031115707792823,0.29536667682983503,0.17831077427849287
0.18340663660629977,0.5249816326509211,0.24807760924437433,0.04353412149840455
0.39675888907719375,0.08425037228687098,0.3878658017937493,0.13112493684218596
0.021489838586429267,0.48479774433540745,0.43736871241998987,0.056343704658173496
0.660644916927507,0.2405934352049638,0.015602504790954026,0.08315914307657518
0.09127848250334084,0.02133867553547464,0.14522943447680903,0.7421534074843755
0.48775184146573436,0.06467788326877848,0.40358371353304834,0.04398656173243896
0.2082130270355272,0.5016782377775992,0.04993094990444547,0.2401777852824282
0.310854854633869,0.00844013064693451,0.29881699848695814,0.3818880162322382
0.05927509717473129,0.45495937711361356,0.39561339196502093,0.09015213374663415
0.33732158898309395,0.23698027181137046,0.408389178345111,0.017308960860424567
0.15173182348626207,0.052120518139868136,0.7559667288982368,0.04018092947563302
0.10261633319322681,0.054398562326352685,0.308486929190549,0.5344981752898715
0.6007141488338469,0.04522766994552305,0.19786654925925606,0.156191631961374
0.2100754562156653,0.6724585983261424,0.06403241188463606,0.053433533573556194
0.36598486117630097,0.5131195621627117,0.06087242599407269,0.06002315066691454
0.6899981429595529,0.18319227986743206,0.04669062485423842,0.08011895231877668
0.5967844924903584,0.041834648070350575,0.3446190704797746,0.016761788959516525
0.05984201463389121,0.3852867711594624,0.2901684705730108,0.26470274363363555
0.4861437748318245,0.28869122042071477,0.20407192367593271,0.02109308107152799
0.00934481599346358,0.14622607110305172,0.008537601331982472,0.8358915115715022
0.08315112743330957,0.7278755499227604,0.08232353750205051,0.10664978514187957
0.2017753322963014,0.588578588396749,0.07529910147330171,0.1343469778336479
0.19764047661299264,0.17811350872030593,0.5887587296423374,0.035487285024364025
0.18778702183616808,0.09679228462617534,0.2788758729009198,0.43654482063673683
0.21513531116406914,0.4676485087724788,0.02429418433113055,0.29292199573232147
0.2955744220140831,0.014625068386522472,0.04956950471654209,0.6402310048828523
0.010436032526146532,0.28528147338289234,0.03936637745838008,0.6649161166325812
0.04476878163375486,0.0197350495385958,0.8292115052210698,0.10628466360657962
0.10522158450735068,0.011590394376659154,0.8706677729113647,0.012520248204625495
0.2375889559654467,0.09927982049013948,0.44492811803675236,0.21820310550766148
0.17878939557320972,0.18745532025584474,0.2914299993235417,0.3423252848474038
0.5342631392159214,0.21554277024745994,0.053577275569999236,0.19661681496661945
0.3929012842429741,0.08567247625216302,0.42007043064413974,0.10135580886072304
0.003978190331060309,0.27499270360064076,0.5089039740373227,0.21212513203097622
0.10276429569776546,0.34555493069817805,0.4234291088295397,0.12825166477451677
0.6107603507564376,0.20961025372726216,0.06754843612505991,0.11208095939124031
0.10524153564482701,0.2447321298782228,0.3854058352400838,0.2646204992368664
0.18872791330256003,0.37437608863317573,0.4012153420832811,0.03568065598098322
0.6613893112403154,0.09729566822608438,0.04232605615032259,0.19898896438327757
0.04152356602737324,0.5884237610770675,0.08413344094951465,0.2859192319460445
0.4259438843407845,0.3339296414602696,0.23769431685185496,0.0024321573470907827
0.07802245346046308,0.08000641963370951,0.4766886863815725,0.3652824405242549
0.5842971249873964,0.18102788772784753,0.07200822695708625,0.1626667603276698
0.33233015241153024,0.03746433721610345,0.03448259601375733,0.5957229143586089
0.19142370947904708,0.4855438602968487,0.04650978595672236,0.27652264426738177
0.4057053034860755,0.21174761093611713,0.21724073681438386,0.16530634876342362
0.12939828228697245,0.3742508182019023,0.009625102231156814,0.48672579727996834
0.341535391650823,0.42669763761441887,0.08568561559699063,0.1460813551377676
0.4419078204771279,0.2953242368709635,0.23900559903022206,0.02376234362168648
0.5417814057132216,0.195931856193671,0.17241542123732678,0.08987131685578041
0.15003386883433786,0.19682909872293747,0.08300570972699692,0.5701313227157276
0.441568971304575,0.04158825363286179,0.32386777171434633,0.19297500334821682
0.30414263559424237,0.08025145672073275,0.18174138678895352,0.43386452089607125
0.05752167847258678,0.052597742969745453,0.7506742756090582,0.13920630294860942
0.5484225137351251,0.2800729180166431,0.015331434970217394,0.15617313327801446
0.36638670606652923,0.034654923221403976,0.06278493222100141,0.5361734384910654
0.08634826173916711,0.46158248962557913,0.36303145087804156,0.08903779775721223
0.16023097213394658,0.3716964178389865,0.14697884421953222,0.32109376580753474
0.05431480819746879,0.23773782280053404,0.3016501288363969,0.4062972401656001
0.03095886834507169,0.445889997734926,0.23745901394871177,0.2856921199712904
0.4083354255522711,0.1717491021412513,0.3539336457494581,0.06598182655701947
0.37801440254224467,0.039907647969068746,0.016907382265902993,0.5651705672227836
0.7880825330812666,0.147930613305194,0.05604945901325859,0.007937394600280753
0.1148923547878268,0.011754183506827437,0.4204977731525075,0.45285568855283825
0.514059971292734,0.2413502798013797,0.035328425169926306,0.2092613237359601
0.11000320000207814,0.3092347565867822,0.5561787122995396,0.024583331111600017
0.14247577446998114,0.23626114793341624,0.6107163119780079,0.010546765618594762
0.22691770543988232,0.2573352348174241,0.1871076587101261,0.32863940103256756
0.0811007718224759,0.4675372405033389,0.24007234587784793,0.21128964179633739
0.7548534522530442,0.06367195438474131,0.010378664683820142,0.17109592867839424
0.02273046149320454,0.07951385424802396,0.3645577657303768,0.5331979185283946
0.09780027364228497,0.3176515495165466,0.16760364156516283,0.4169445352760056
0.38979235652563254,0.28627865976045624,0.13364901381263197,0.19027996990127927
0.0636064033299031,0.29080211959808666,0.24204475323275662,0.40354672383925366
0.022391926980594747,0.7110673581924392,0.21342464236384664,0.05311607246311945
0.29085180879587813,0.14086102453188612,0.2088641347961366,0.35942303187609914
0.22299161367175185,0.10902952423306062,0.6641008732998148,0.003877988795372717
0.23190417844286493,0.055132507916126804,0.4723884341927388,0.24057487944826952
0.4210415666460149,0.06574176070671094,0.34816185878032163,0.1650548138669525
0.19751667478253354,0.23945097545039531,0.5218696965155796,0.04116265325149157
0.10458675005087546,0.44191655012180664,0.27338418358170874,0.18011251624560912
0.4910346983563941,0.04688526593747298,0.2626982805026354,0.19938175520349752
0.08596047919729471,0.3908885393494517,0.4319654728566587,0.09118550859659488
0.781756357546969,0.005276552075942178,0.04099092780240601,0.17197616257468268
0.5740822226672498,0.2565410605774018,0.10901251326614542,0.06036420348920293
0.020413895709782665,0.04521636892408524,0.5028085519827743,0.4315611833833578
0.07335384238549857,0.29484254073794525,0.14933892491090855,0.4824646919656477
0.09056081385641564,0.6996096621229095,0.08070387108868662,0.12912565293198822
0.30779437455460396,0.3585986206035865,0.15642862062983207,0.17717838421197762
0.09217298279507677,0.21113680943428295,0.4993362667151217,0.1973539410555185
0.1378215261865754,0.2760026948789941,0.08071343030415287,0.5054623486302776
0.1578737776340052,0.29291657939261356,0.14202560663323355,0.40718403634014766
0.24904287507365272,0.12266521265019906,0.4282187751270499,0.20007313714909825
0.26051724403658194,0.1806111960626097,0.3945259120636065,0.164345647837202
0.10045314782619268,0.43644999945589613,0.43835416195396176,0.024742690763949356
0.15164170926242798,0.0726521148438853,0.5003656531606366,0.27534052273305
0.20012373716242515,0.044419089259535895,0.3923296765593287,0.36312749701871033
0.03852078985779012,0.07058535100561676,0.8648816851850528,0.026012173951540353
0.059353684306782936,0.47822168410385013,0.12834028913695614,0.33408434245241075
0.5330429335210124,0.113744685332208,0.2994785126158538,0.05373386853092584
0.2951639767835697,0.3394747603265998,0.2612682620996479,0.10409300079018277
0.17007901061286096,0.14354657240105384,0.23418263693403002,0.4521917800520552
0.6985501584934134,0.2467996010856379,0.016182884191488008,0.03846735622946055
0.46805399151728605,0.20345121845884906,0.06345386452443584,0.265040925499429
0.10817235988921237,0.00532550523834719,0.6098718880102112,0.2766302468622293
0.18958799902819765,0.08239456575322365,0.08784401978617179,0.6401734154324068
0.20999275996312478,0.3244257234702748,0.3152942735341665,0.15028724303243393
0.05250907970911448,0.00234363573922572,0.16826807694215742,0.7768792076095025
0.393207334450268,0.27498127914370357,0.0365772042933185,0.2952341821127099
0.2945550201775683,0.41077349013477843,0.021746174755757804,0.27292531493189565
0.33643572318102694,0.2689763656113524,0.25205767822832736,0.14253023297929338
0.0463493775685126,0.6929296948507999,0.11204712206059228,0.14867380552009524
0.4089680124574074,0.16200453873927603,0.2653846947972532,0.16364275400606332
0.16421521697551406,0.41403138584033816,0.24261720585759017,0.17913619132655756
0.23095138602231557,0.18017894992596506,0.5708131342776024,0.018056529774116807
0.14399152863447828,0.007589188173431651,0.41262262309041414,0.43579666010167595
0.014575012179910989,0.2239692831679231,0.18977419619632727,0.5716815084558388
0.1904909813033887,0.1075610975941385,0.16395589171715466,0.5379920293853183
0.2078210964252778,0.18120975423503619,0.5529483557599562,0.05802079357972992
0.04228260903417924,0.1897932330496362,0.25035834216761943,0.5175658157485651
0.35477720403484425,0.010661444777594594,0.4438198928631229,0.1907414583244384
0.4905376428682377,0.3561188620448542,0.042403302107954864,0.11094019297895309
0.04939530792574325,0.32243484229525904,0.29160029400722626,0.33656955577177144
0.06630826331049247,0.2531080746152593,0.1984220245940845,0.48216163748016383
0.34951509390492685,0.17448070925713222,0.329922613217555,0.14608158362038606
0.5480702004227724,0.23407865678628545,0.11585459738587829,0.10199654540506388
0.1100261476094559,0.007262672728423505,0.6599933802194738,0.22271779944264683
0.6685512916394021,0.19426916738101435,0.009538640459113498,0.12764090052046995
0.7405906338004267,0.1892729540426333,0.013626220962033775,0.05651019119490621
0.11071887105117881,0.21608043062158255,0.3824461764319814,0.2907545218952572
0.0671094828196852,0.21064137561112112,0.08678680106107518,0.6354623405081185
0.20457885691662847,0.4390505284498565,0.11830815414134534,0.23806246049216975
0.02893375044325479,0.005941315289247826,0.25790469908866903,0.7072202351788283
0.006022941753617782,0.14238712517332236,0.10275514031467059,0.7488347927583893
0.5515718521111318,0.08569002739451069,0.2892770673667722,0.07346105312758537
0.5391191097873167,0.02331762018747965,0.09592390212744062,0.3416393678977631
0.04000211997381524,0.30424147354199005,0.3592954827507323,0.29646092373346233
0.5572138580656985,0.24161828256736434,0.03378533203723842,0.16738252732969877
0.04342237569184525,0.1296764432330609,0.35311684990852144,0.47378433116657254
0.10582447944611752,0.06405853498049072,0.31999218929164963,0.5101247962817421
0.032262413187644744,0.0522814018694728,0.17068532505393838,0.7447708598889442
0.3269769258327807,0.17084663752983092,0.01437153000074359,0.4878049066366447
0.7164413176822492,0.108739660587629,0.04450460032792148,0.1303144214022003
0.18916837247979368,0.13789899874962888,0.2728758827583077,0.40005674601226987
0.43424807288737205,0.033393599820485786,0.13133173241302176,0.40102659487912035
0.49629702822473004,0.01659414886748825,0.20031147378413922,0.28679734912364235
0.23230042925348038,0.02043203878438267,0.6661300963469187,0.08113743561521831
0.11291104845527898,0.09699469413802332,0.11907387530306122,0.6710203821036365
0.007889349925694572,0.45390458138763196,0.39305828222598177,0.14514778646069168
0.15385435771733796,0.21272639858159662,0.10094577991196926,0.532473463789096
0.2609644147374482,0.161913929479678,0.24837629878913364,0.32874535699374013
0.40598540634459224,0.15088706467706897,0.2560973736510905,0.18703015532724837
0.05235989482323041,0.05719735398116386,0.7398966920834644,0.1505460591121413
0.5041121884526679,0.22292858034157884,0.05903529325720079,0.21392393794855238
0.5897622664928877,0.00038121732198014263,0.25080258067781197,0.15905393550732022
0.25672656596661003,0.24488313014445703,0.2240513271134638,0.2743389767754691
0.18280548825920173,0.25389907710072507,0.29956940806662596,0.26372602657344707
0.4963953756119861,0.03378001323086789,0.4217829714619107,0.04804163969523517
0.26679459844864717,0.20814332778398853,0.5066467530132049,0.018415320754159394
0.01166581408298114,0.29225082224894144,0.5339485487743276,0.16213481489374976
0.005419727585298793,0.13106635287518162,0.8387876889012459,0.0247262306382736
0.17988017964538966,0.6577571234688951,0.15950343046053542,0.00285926642517968
0.36347653404891017,0.23137303122326516,0.12336853001919663,0.28178190470862813
0.14270730553992356,0.2344614389175505,0.2499309141517864,0.3729003413907396
0.07007553896084608,0.543571278906614,0.32720720453322166,0.05914597759931831
0.027615807274477315,0.3968607189849029,0.4506501956452692,0.12487327809535037
0.7754402149940715,0.09553443863433271,0.03426452365383927,0.09476082271775668
0.039586032787200645,0.5133037137401187,0.02481413744494483,0.42229611602773565
0.1325592172746218,0.2667750741830236,0.4903129726050845,0.11035273593727021
0.041866944526146414,0.1785955610824842,0.4438240664005455,0.33571342799082377
0.004875312366910364,0.10716401734574613,0.6101169028680511,0.2778437674192924
0.04920919358351334,0.36098295908447525,0.13848818000215554,0.45131966732985584
0.1480927708576124,0.23936273449395087,0.20202792480026416,0.4105165698481725
0.20373570857075957,0.20495776984186198,0.2324860532367323,0.35882046835064596
0.2715053038818591,0.3920242891560532,0.00022417932256365138,0.33624622763952405
0.5099440472034008,0.22523023868265188,0.14606541852473323,0.11876029558921412
0.018729656153966035,0.3084464114910055,0.5190976282992887,0.15372630405573975
0.43764185440902015,0.2871458691945022,0.09983492498200607,0.17537735141447178
0.04826633619415192,0.5884581892071435,0.06369406694430725,0.2995814076543975
0.3937826474346377,0.08781462642632672,0.4385644005997015,0.07983832553933405
0.20637878532512338,0.1960921307383811,0.1657600484606315,0.4317690354758642
0.2502769016465712,0.667058031568763,0.08110787682097016,0.001557189963695498
0.035657654381286166,0.15931009702567547,0.2993880147162977,0.5056442338767407
0.09872123381264555,0.08788281421362816,0.6295523908220458,0.18384356115168055
0.06500644145112318,0.11732926603292479,0.12655204147160565,0.6911122510443465
0.46271285757176406,0.06974041726764488,0.3275995530406716,0.1399471721199194
0.4079785363110894,0.1382533343762255,0.16570066201212616,0.28806746730055904
0.2775841807018173,0.03105219704102037,0.2807815614400198,0.41058206081714266
0.6122749312454633,0.16914345474396175,0.20889119999538747,0.009690414015187278
0.2722852888041211,0.3969868263736581,0.2765915594041054,0.05413632541811539
0.2202883020178783,0.1529019573549266,0.5678827954481422,0.05892694517905291
0.19096107740259732,0.07376357708748453,0.609100081124264,0.12617526438565418
0.4818020348263574,0.1329790155289893,0.12200191975017012,0.26321702989448326
0.2323895628114197,0.03240632217422481,0.4562884675038307,0.27891564751052483
0.9352921293273243,0.04955644757403367,0.010556722662622012,0.004594700436020012
0.12443013465627119,0.021477735780768906,0.7100037208968524,0.14408840866610753
0.08332514551274535,0.2242288720557491,0.13454508302511736,0.5579008994063883
0.2734974274016208,0.1656545216330123,0.11933954614232303,0.441508504823044
0.6744073393549193,0.05139381494319951,0.07702158700104712,0.19717725870083422
0.5676850963254886,0.10377863987807927,0.13888624965410826,0.189650014142324
0.32064296124099134,0.14279787485477782,0.01482212425387889,0.5217370396503518
0.03874351194578788,0.13883182806288355,0.7690048780652466,0.05341978192608187
0.31818261095729267,0.04730287820870867,0.3515295740705687,0.28298493676343
0.09984163906467708,0.1910226712336155,0.49401210847072197,0.2151235812309855
0.677147592837371,0.053775096160251015,0.21314916928243582,0.05592814171994207
0.5397105303192118,0.2957093966525795,0.03256958753809999,0.13201048549010855
0.004217002706075668,0.298433962847746,0.43157878574313985,0.26577024870303856
0.07204942158912075,0.22343827283970902,0.6065730313169552,0.09793927425421493
0.18793378531136967,0.36975658170279063,0.2615261680069991,0.1807834649788405
0.24077475280856486,0.6502744633371809,0.08697706286413545,0.021973720990118833
0.10563993581221948,0.272178523286139,0.6088078182907628,0.01337372261087874
0.10690118439377314,0.146208587880812,0.13358011635692257,0.6133101113684922
0.06728321537264617,0.24074587524330934,0.32187512932928763,0.3700957800547568
0.4182149559715609,0.3165681046647467,0.07978347542774908,0.18543346393594326
0.03262138834251352,0.25513227074180594,0.2956387152197346,0.416607625695946
0.4194341025257106,0.0795468261083757,0.4966181791319159,0.004400892233997615
0.5476801935339225,0.014659069667197282,0.22579313350368527,0.21186760329519486
0.11533002122935394,0.241922514607086,0.14723537115511282,0.4955120930084472
0.6195106200415484,0.006646624419621803,0.2627608827935264,0.1110818727453033
0.35758735480426973,0.23284080968465704,0.3560231655667589,0.05354866994431431
0.11858484558585788,0.027819081300712513,0.21609611786105187,0.6374999552523778
0.18343901435250543,0.30814287598525825,0.09750667137604432,0.41091143828619214
0.0510739402892738,0.4697352435336689,0.06973944759006448,0.4094513685869928
0.48105320344545505,0.06389103984261131,0.290295383941773,0.16476037277016067
0.020371165637841134,0.15331316581041982,0.26051423452344047,0.5658014340282985
0.3732041996410383,0.30967439447340395,0.082864966165855,0.23425643971970292
0.02892970235827081,0.2175702442830796,0.44414789226158313,0.3093521610970666
0.7756768278643736,0.13839977329757658,0.07831392853180333,0.007609470306246452
0.37766145899318315,0.2371101005678833,0.10655543545192026,0.27867300498701336
0.4745882683618739,5.8510567916941475e-05,0.44749838962164157,0.07785483144856753
0.05575461553984786,0.2059158452301415,0.5119862763388171,0.22634326289119344
0.3306730654188837,0.5402304067578367,0.09576525359153465,0.033331274231744944
0.5360383297109508,0.00688419336139203,0.14153755268246887,0.31553992424518823
0.5716863811121526,0.05094438751750296,0.3632209797801413,0.014148251590203194
0.5869924254069726,0.13554265286836495,0.24127376983145277,0.03619115189320965
0.18041029797343908,0.5438165882397676,0.21089702071005698,0.06487609307673634
0.17860297138348213,0.22655262378129618,0.42073015113627127,0.17411425369895053
0.7379628104919438,0.03319459374220347,0.11563962017634578,0.11320297558950691
0.3909754904697443,0.007307137850152114,0.04629829516695099,0.5554190765131527
0.024808055913743684,0.47520201378406796,0.16854285494846383,0.3314470753537246
0.17764907883750478,0.2607505480011151,0.5386744604910262,0.02292591267035402
0.044599111619463706,0.13480838930698302,0.008626024125257058,0.8119664749482962
0.05192832165285659,0.16092642827410808,0.1391012145648057,0.6480440355082296
0.37300895786365135,0.5406708041842293,0.07586723235207418,0.010453005600045244
0.25002330508996606,0.13925054092386568,0.00017861620103577831,0.6105475377851326
0.47708610849765976,0.12411492573648723,0.12380399090746301,0.27499497485839014
0.152635399737362,0.09669569266596759,0.2983369074294398,0.4523320001672306
0.4343483917623032,0.054009316618356173,0.028565386600504745,0.483076905018836
0.41370863220419546,0.14477985027260026,0.04202607298025882,0.3994854445429454
0.4337825925991486,0.06742841029349775,0.3931753581196761,0.1056136389876775
0.26322614820845447,0.4042531125564407,0.08710230929580011,0.24541842993930474
0.3563844832163977,0.5008418747845805,0.02402362881918901,0.11875001317983266
0.1613485175787967,0.49794743468180724,0.15059927463364256,0.19010477310575347
0.37813853095789624,0.010368457947552147,0.5426233700355151,0.06886964105903659
0.2594675233519138,0.08225373254060792,0.2512375055344106,0.4070412385730678
0.06803642872694592,0.22167434487882337,0.5094086690583439,0.20088055733588683
0.4458366053693441,0.19769982395706717,0.1434427972762994,0.2130207733972894
0.3013861231627856,0.14936405668374259,0.30766410482661055,0.24158571532686132
0.22416061175673507,0.1554126157691016,0.1801731782003138,0.4402535942738496
0.09987439308211032,0.10800395868936145,0.6947456671527826,0.09737598107574559
0.012581147269007466,0.37412386967690825,0.2071906586861281,0.4061043243679562
0.6347459668539477,0.1313973492972736,0.1802345812431839,0.05362210260559472
0.5384983195232148,0.08014570838903091,0.36373079913283146,0.0176251729549229
0.31764772643452976,0.22174772645045082,0.35753855175866656,0.10306599535635287
0.40520298561425544,0.19453630943993325,0.34717875081780475,0.05308195412800651
0.06588231249669292,0.10816952368934818,0.1764559711691503,0.6494921926448086
0.020188638044101575,0.0017844425540724407,0.15213840484711086,0.8258885145547151
0.0003043243569591951,0.5100229418430174,0.45758679252986084,0.0320859412701626
0.4766486444300554,0.10361313390319918,0.13075876694639504,0.2889794547203504
0.22683492872748362,0.12565643203248517,0.15537138945716036,0.49213724978287093
0.10424858104139526,0.23550121560532822,0.4829514873696369,0.17729871598363964
0.33851850734626776,0.17930200432820534,0.1628673647333314,0.3193121235921955
0.08073775137479511,0.13949832079863977,0.48954693265592336,0.29021699517064176
0.3612139075058575,0.18937384894060322,0.3935809630894741,0.05583128046406511
0.5063459903939233,0.008834350822844339,0.4800552990994827,0.0047643596837496985
0.24388582388096056,0.18100548803615174,0.17929404456405934,0.3958146435188285
0.2914225586036377,0.28242818886139814,0.3568148203048896,0.06933443223007453
0.10787482307341044,0.5460892767047327,0.3139947213424239,0.03204117887943304
0.10547947658099005,0.48476506157927723,0.2314904070650308,0.17826505477470178
0.28556997748269036,0.12444902154616697,0.41001008896451374,0.17997091200662899
0.06737452276709839,0.7288854100327751,0.07515801488324235,0.1285820523168841
0.5524628875495022,0.34172143591565896,0.09979302088940335,0.006022655645435518
0.03474516770253568,0.7764211371353974,0.11137740744574266,0.07745628771632425
0.004607470455332377,0.26915338155843177,0.25724792564174515,0.4689912223444907
0.014381012241942845,0.2189205657244806,0.02893975429071236,0.7377586677428641
0.5834068322044305,0.04349931418194359,0.05914997691898319,0.3139438766946428
0.1584666851594334,0.3964719342023169,0.0788066496619295,0.3662547309763201
0.2001445666995175,0.4754722951889403,0.03446491439424381,0.2899182237172984
0.4382021504989532,0.2396141065549493,0.2195890165635755,0.10259472638252183
0.8163204299233019,0.02555004042801136,0.0032173621982057193,0.15491216745048103
0.37332170282714433,0.058945675243432416,0.12256278053927624,0.44516984139014704
0.3461524634931846,0.10181952655335316,0.010435681662351657,0.5415923282911105
0.32593997352844545,0.06580690148069823,0.3694097950565584,0.23884332993429785
0.22788793863994447,0.055819248073436745,0.4907746204866131,0.22551819280000582
0.40469420386622673,0.2794295150921144,0.17172188303852878,0.14415439800313007
0.28601779086727486,0.41444196870787936,0.0869994527571807,0.21254078766766507
0.2745583506836216,0.2689541412171984,0.3262515750871674,0.13023593301201256
0.631973340633867,0.24604757667145463,0.01632142458332421,0.1056576581113542
0.09580085547297411,0.05889804268353064,0.0885535781679566,0.7567475236755387
0.33683408435477225,0.22637720906631603,0.005971400760079577,0.43081730581883226
0.40983868510964033,0.21924962525712693,0.16631341777941358,0.20459827185381918
0.2053975450351238,0.39186366755761365,0.23873312494782037,0.16400566245944215
0.41740868917297724,0.045493707988137476,0.1520271766154898,0.3850704262233956
0.09655177461561286,0.2275426281151338,0.5211664650674983,0.1547391322017551
0.20974121846862934,0.24202071865050187,0.043456442858655964,0.5047816200222128
0.23846515628640175,0.07678861887367563,0.4742134131730068,0.21053281166691576
0.1565709688261459,0.041091683461031404,0.44264600261222947,0.35969134510059325
0.5469431577008049,0.0634654765759517,0.23457702702990613,0.15501433869333722
0.6002315234484101,0.06572291562639884,0.07582441206321555,0.2582211488619756
0.05497367256113691,0.5748302551116317,0.027049816996596962,0.3431462553306345
0.4819008575780687,0.3799457923525737,0.0345801714175841,0.10357317865177333
0.598647235826367,0.0560971139893931,0.30814075774602695,0.037114892438212824
0.11683815846182449,0.2088846694823442,0.6444358640100746,0.02984130804575658
0.19603718867086345,0.05155169860374227,0.3554026005375785,0.3970085121878157
0.008749860224198828,0.5964198700284671,0.007472455883093002,0.3873578138642411
0.32907689874369767,0.34130251903365894,0.23641736784015913,0.09320321438248438
0.10422427069770465,0.5279037863275877,0.23937263208411322,0.1284993108905944
0.2508357922596903,0.4214514389771223,0.19005408419289282,0.1376586845702945
0.1001558308516597,0.0059234147961431845,0.45614544429275583,0.43777531005944137
0.3058452601278483,0.2811291461668561,0.06300443712126103,0.35002115658403454
0.1927173006261875,0.19026873153903773,0.5286856888287085,0.08832827900606625
0.5373647478562085,0.3420777202098426,0.07621895257983609,0.044338579354112874
0.05327588604137006,0.2499652841286122,0.4287371702988472,0.2680216595311705
0.8900201131983491,0.029794741760682628,0.05810534431898828,0.02207980072198005
0.20984197421113288,0.44937662368285913,0.1165994592740991,0.2241819428319087
0.4091736126093935,0.10070629026533129,0.13719497562676808,0.35292512149850713
0.5551388637103388,0.29029960447256775,0.12629423644185553,0.028267295375237738
0.0834720549441474,0.36107210670020246,0.397119368719834,0.15833646963581613
0.10179454371373191,0.13878788396162722,0.5863462433385851,0.1730713289860559
0.049203344552727325,0.44732715375957405,0.2487728283149027,0.2546966733727959
0.022894762595120497,0.13809425044282714,0.3336563615367529,0.5053546254252995
0.47751607900764903,0.11335942634096134,0.17676392759220158,0.23236056705918787
0.03135459418200972,0.6186555690503036,0.0017648743755125608,0.34822496239217393
0.2527980000409516,0.044874103524428596,0.29316918848889423,0.4091587079457255
0.30885291265256193,0.4797468377210247,0.007330705996164645,0.2040695436302487
0.10340530707098766,0.49753076693313736,0.04970068680195057,0.34936323919392437
0.43489529938018645,0.08816316063639133,0.3780120354796176,0.09892950450380457
0.04523680739051481,0.007014770109560807,0.33384126698216693,0.6139071555177574
0.21080335233016925,0.23515475269866323,0.3283727323767182,0.22566916259444936
0.336319076689298,0.04673747581691117,0.4725697046764443,0.14437374281734655
0.6698231884940324,0.06666140925034882,0.13962211444546696,0.12389328781015166
0.39063945351553575,0.23637329973116586,0.2456204510474084,0.12736679570588996
0.07189922913402931,0.5232144970489605,0.25320893553394835,0.15167733828306185
0.10436248558476832,0.08125929069664059,0.27398078644051993,0.5403974372780711
0.24816692043374536,0.07949539029208977,0.05250313542796205,0.6198345538462029
0.31913723762169177,0.2653406816219511,0.36970520619208663,0.04581687456427039
4.4419492377495603e-05,0.2261405337016053,0.2864594514863623,0.4873555953196549
0.19934789130137753,0.5194781850086435,0.17306506277880007,0.10810886091117891
0.02265358303711967,0.3521684396023106,0.45725961212170496,0.1679183652388647
0.7501082326980931,0.1557304365610901,0.037035914046330234,0.05712541669448666
0.3356130194309979,0.17962692239940764,0.28578440075826345,0.19897565741133091
0.05374224418025964,0.46843217030502754,0.07576279756610138,0.4020627879486114
0.265943766830423,0.30506006821100634,0.22257226176026723,0.20642390319830337
0.20088844356645988,0.3773901176759799,0.29747347767175414,0.12424796108580595
0.2348939187837495,0.1751674792408068,0.03995425637621886,0.5499843455992248
0.49172613447259667,0.13459291255594624,0.3335774066010904,0.04010354637036667
0.6378269412989914,0.005653259818795977,0.21358918594570372,0.14293061293650883
0.10164371483495901,0.0963610709630794,0.2996036461286907,0.5023915680732709
0.018944343944942692,0.6697095178186744,0.08092154550011536,0.23042459273626748
0.04268325798203444,0.2800948242093057,0.32038665992284243,0.35683525788581727
0.13083384743465587,0.2262462471326279,0.503466971227902,0.13945293420481422
0.013481051792807185,0.5285880087649086,0.22567345293749919,0.23225748650478495
0.253781862297162,0.31380728508877853,0.2702557379633217,0.16215511465073795
0.6833792427377804,0.04845533808154524,0.15294982860777281,0.11521559057290165
0.6087556079033599,0.0685692627653919,0.04350388253697813,0.27917124679426997
0.3027198011916487,0.49126983496588894,0.15933083194885306,0.046679531893609245
0.032700638991904375,0.5477879915960607,0.05945720765876305,0.3600541617532719
0.0429876854905503,0.2565229571844639,0.33114738492736123,0.3693419723976246
0.21526876172527826,0.08716753111034636,0.49878404499325557,0.19877966217111986
0.16730698631736596,0.04213359381156564,0.515274752008506,0.27528466786256234
0.7930679575476062,0.13720853895831342,0.06477137521591675,0.004952128278163634
0.32670890250318113,0.07598285199707983,0.08413189664199316,0.5131763488577459
0.4064830045941685,0.1638665941266287,0.23669137122536554,0.1929590300538374
0.34733718360082183,0.06972714979305654,0.3353970936085166,0.24753857299760496
0.0413395874419441,0.6106755267451391,0.2460848739217751,0.10190001189114165
0.20697844875139726,0.546577755076703,0.041295028995999926,0.20514876717589975
0.19809604175863002,0.7066969571331299,0.07960304810587461,0.015603953002365455
0.05605608483400123,0.09575643932697402,0.18335831594659094,0.6648291598924339
0.4703031450863648,0.05083420147721958,0.4641450850634936,0.01471756837292207
0.2297740122604615,0.2681994624709023,0.3653745725189646,0.13665195274967162
0.2440568282013273,0.3441493447856349,0.3274881102954999,0.08430571671753784
0.10992105253578581,0.1471764183509756,0.7040183981202525,0.03888413099298612
0.14886984343282691,0.023458181368858494,0.5306295272552856,0.297042447943029
0.16383114633485693,0.31494112744291125,0.2963330539143668,0.224894672307865
0.3447218145549247,0.5934899410475327,0.06135771076833529,0.00043053362920739293
0.5872255667423787,0.24215942524524936,0.07108568846942283,0.09952931954294916
0.23975719593134284,0.07579629843567035,0.10744597217270825,0.5770005334602786
0.23815419418038425,0.4003142702928696,0.32094489223147216,0.04058664329527395
0.506531439623548,0.2880850780820965,0.0018031323485602172,0.20358034994579546
0.49893939670556986,0.30600448329781993,0.009330924901560043,0.18572519509505026
0.11933900314198904,0.3932947614176447,0.20837318486066794,0.2789930505796983
0.006265621109731225,0.5942479555956628,0.08283927957751815,0.3166471437170879
0.5036783024483628,0.007709909747456015,0.2770930801594188,0.21151870764476244
0.13876913387154416,0.7418539994771894,0.04833921631555506,0.07103765033571145
0.09238690539437444,0.4587438960882862,0.20954353377006182,0.2393256647472775
0.308660228358804,0.2121876619927541,0.39245875823950116,0.08669335140894086
0.3639492509569821,0.2649864503812736,0.04540222534626013,0.325662073315484
0.13662945360193665,0.022961731822639903,0.1933800293360199,0.6470287852394037
0.1452833462429258,0.2937647984401039,0.5352465367556283,0.02570531856134205
0.022435517790038495,0.11014960513432964,0.7935775273035942,0.07383734977203756
0.09436428992863419,0.09105811250454282,0.7063670105277142,0.10821058703910878
0.8798287139489335,0.06961749556543617,0.01946274758559495,0.031091042900035313
0.1719911344966017,0.4456577278656009,0.32478475504890064,0.05756638258889667
0.036863874803478455,0.5298355028557585,0.26513267220734654,0.1681679501334164
0.10567359608036118,0.4875802417981855,0.2183608658136862,0.18838529630776726
0.22533211131398276,0.03104880118742255,0.03853098720311965,0.7050881002954751
0.2601970218295617,0.6492614180553674,0.05906686073612541,0.03147469937894537
0.24737005962627945,0.03407240168002422,0.37370386922227045,0.34485366947142576
0.014116633059800902,0.2590917664859208,0.125078738214458,0.6017128622398202
0.20831359650326572,0.26353788355524643,0.022883950770111912,0.5052645691713761
0.26832734437030165,0.4711621769725636,0.09873215555776994,0.16177832309936485
0.0004594823985591424,0.08396834980282324,0.36293217374826153,0.5526399940503562
0.0863761450430511,0.4211961536184777,0.01154005846432005,0.4808876428741511
0.3339890132894218,0.43663068011395156,0.07479500288145699,0.15458530371516951
0.009950298800051428,0.5703012724272217,0.38170650116517285,0.038041927607554024
0.2350692329324186,0.21363543953910794,0.19831544870474102,0.35297987882373255
0.1077705689377675,0.5049381752241264,0.14993161304898284,0.2373596427891231
0.08552980584983172,0.31468979629411886,0.21714431353579378,0.3826360843202556
0.0828348104422148,0.07743775275332965,0.6799864451073286,0.159740991697127
0.07394214826916695,0.40494089479909323,0.3227742458283878,0.1983427111033519
0.22594661963059703,0.6145831736868531,0.1541883251088813,0.0052818815736685116
0.3179272266655189,0.1575025955233123,0.1785704319665421,0.3459997458446268
0.1522919902416485,0.3784590716048477,0.2562397406689666,0.21300919748453706
0.3837563209710422,0.4960507655189671,0.0842690988830536,0.03592381462693721
0.7176672378007353,0.02159232072009296,0.06773182707318363,0.19300861440598796
0.23948480787287332,0.006232077703528253,0.4529590107334302,0.30132410369016827
0.11687167266292685,0.5764595397444119,0.2944494510370722,0.012219336555588902
0.0885239438208227,0.713026386160158,0.12557762446008713,0.07287204555893219
0.15314410470932774,0.21736236282698806,0.54387599436521,0.0856175380984742
0.014484814161398673,0.08835823016915793,0.8720742581139651,0.025082697555478223
0.3256528102700005,0.03393427866425651,0.22330129447445182,0.41711161659129126
0.34959185761170514,0.14306318150937058,0.31573742913276254,0.19160753174616182
0.01806663258645088,0.4301368594596573,0.22538999132182108,0.3264065166320707
0.322238337198166,0.22813903989636278,0.33332987535522207,0.11629274755024908
0.15108303587897345,0.0009411025285284355,0.2125082382231407,0.6354676233693574
0.22724928826525795,0.09866329326910557,0.5011611161720309,0.17292630229360567
0.1684352480389377,0.1324485854358708,0.5806404322532043,0.11847573427198722
0.06280550950022376,0.39915590351638375,0.18272858425914876,0.3553100027242437
0.7032747803117637,0.04671715591654792,0.19287806493305512,0.057129998838633095
0.014697772474138521,0.38902400150920763,0.23738034315955908,0.35889788285709473
0.04939251268441857,0.2018085751564569,0.5704256601672534,0.17837325199187093
0.03254818287219418,0.6111638546521894,0.33654964325946013,0.01973831921615619
0.05074114785586854,0.35604185213187023,0.3533985581875041,0.23981844182475712
0.12559767694087431,0.16734035587253931,0.3183651443369625,0.388696822849624
0.7194526806700242,0.027422746503425032,0.2153130376759419,0.03781153515060907
0.3122079536954031,0.4294206582634369,0.06615715766437279,0.19221423037678728
0.39075006734667406,0.1803053338527197,0.2015978308050961,0.2273467679955103
0.76772248483446,0.1613049724799827,0.059488150970302855,0.011484391715254625
0.3283533716662486,0.14978320165964337,0.06153965619202034,0.46032377048208767
0.03631606506519698,0.20391103151513923,0.2578505634550455,0.5019223399646183
0.23609184074916645,0.1640998430962616,0.02369960299336059,0.5761087131612113
0.16857138149101872,0.12118385050169345,0.11559760580604393,0.594647162201244
0.05092000091296727,0.7300737157814096,0.17338660223048455,0.04561968107513858
0.3749007439585165,0.005862158211021206,0.22690370930790432,0.392333388522558
0.37072833328858584,0.12992251820814962,0.3929834270658858,0.10636572143737877
0.19590199365435373,0.3629862994535408,0.33989872189812714,0.10121298499397847
0.7825410238686302,0.1277872194603444,0.06817262822428696,0.021499128446738507
0.13643598107864838,0.6654792219904201,0.1422778708475112,0.055806926083420194
0.2715736415858429,0.3249748759048827,0.23395088134355985,0.1695006011657146
0.45570287785396063,0.10663449902264611,0.34657231703628427,0.09109030608710898
0.14311135204464373,0.1610150445384001,0.305458103922356,0.39041549949460025
0.3376241132757221,0.41383964079156366,0.2112648249413396,0.03727142099137474
0.1214804954581382,0.42496107400089,0.34421338985184446,0.10934504068912732
0.008122667249320356,0.7232363120886366,0.2267049298768386,0.041936090785204494
0.14524073591195855,0.48662625636905416,0.17383976638971355,0.1942932413292736
0.15228430542195062,0.35334549936266796,0.06121533351020257,0.4331548617051789
0.19669606883267932,0.03172477839740095,0.3777724905479537,0.39380666222196603
0.1600514763371266,0.18896699081430587,0.39157144470437477,0.2594100881441929
0.25681787746141777,0.3698420974907422,0.3482704991841439,0.025069525863696148
0.10387212574391244,0.3191948311327949,0.5176190364187423,0.05931400670455018
0.016045903989318207,0.3711442138908422,0.1545954376030101,0.4582144445168295
0.16181092773285902,0.3697786424592348,0.421261608049776,0.04714882175813018
0.060137305948071214,0.03563170138976552,0.20350162394487972,0.7007293687172835
0.5288502714931914,0.38693061376648386,0.061339274162316666,0.022879840578008084
0.11059242205374821,0.40308008490765107,0.06789926958830385,0.41842822345029695
0.19763883308174784,0.12390086451501235,0.48667711654362455,0.19178318585961524
0.3126748928273319,0.20644412440354512,0.08137822127398478,0.39950276149513836
0.09968989844060834,0.4714920442745439,0.11477038331279353,0.3140476739720543
0.24613060790739705,0.35535262635833115,0.02955009338903612,0.36896667234523567
0.054465238274719885,0.6871586296394934,0.24383900566430936,0.014537126421477451
0.7596678511833691,0.17294437805447835,0.042479639474145105,0.024908131288007593
0.00631336143798473,0.10258976471801172,0.3889970331685102,0.5020998406754933
0.03712003776831101,0.12593278418428858,0.6413644741588855,0.19558270388851492
0.20181210501528873,0.1635491882767296,0.12298279778458009,0.5116559089234015
0.1663498292925075,0.2054662992068092,0.20789125713350895,0.42029261436717447
0.046948939105165656,0.5018907250854209,0.3693111318113679,0.08184920399804563
0.5615290386858518,0.23417818867964146,0.19509222501310894,0.009200547621397862
0.452201098947155,0.33478106097965105,0.08923363413155057,0.1237842059416435
0.001756599291567187,0.3519608147511093,0.5835139115319755,0.0627686744253481
0.009214354616630347,0.2879861188149966,0.15025611071343117,0.5525434158549418
0.3515698021667688,0.3225159409640811,0.09719341368508903,0.22872084318406094
0.22142670485368995,0.05425728491259793,0.0021537697445024972,0.7221622404892095
0.2695175696137101,0.025700426650838874,0.0627007917685656,0.6420812119668853
0.16720859244566974,0.15538531249687798,0.42153149570473764,0.25587459935271467
0.11111814213187522,0.07198663412014764,0.29229706960175467,0.5245981541462226
0.1308517051652877,0.3827604054101534,0.44542056552318926,0.04096732390136968
0.24108913357725376,0.1256782676778501,0.6010345521726922,0.03219804657220379
0.526235630380466,0.17265902873278124,0.1376264807267111,0.16347886016004184
0.03438038279063119,0.3407601141971794,0.033762991270008744,0.5910965117421806
0.435143253211139,0.1931290163827818,0.2388269585489211,0.13290077185715815
0.7633900056362539,0.0357641932658284,0.0028410113333488885,0.19800478976456884
0.2508349277689761,0.013288571750238141,0.6915070824949602,0.04436941798582558
0.2330761757961961,0.23526924423955817,0.34312199774803814,0.18853258221620758
0.42640449159712773,0.2099614296540409,0.1351622693308281,0.2284718094180033
0.27878885784258284,0.007106300451272492,0.6572486873687531,0.056856154337391704
0.1718996686780386,0.5130868042779364,0.10846718293117723,0.20654634411284764
0.1482178296386033,0.04804415117457591,0.34619187632022586,0.457546142866595
0.12730776302630387,0.02914554356198681,0.5304417024385292,0.3131049909731801
0.38099636193830444,0.22451550903147194,0.24741481623870257,0.14707331279152117
0.13069010979518675,0.08714618850202496,0.6364268624507269,0.14573683925206132
0.1101598362699008,0.22933019358062692,0.27406117270957225,0.3864487974399001
0.4100465390916834,0.12822485685672372,0.1875732078106777,0.274155396240915
0.11834294730471544,0.03909068697516173,0.12205161246620681,0.7205147532539161
0.22275292639545025,0.013509617690304341,0.5451713218157486,0.21856613409849684
0.1388787057155397,0.015990180270620883,0.5816500089854685,0.26348110502837085
0.047138467206217324,0.5850950306475295,0.24902678096705583,0.11873972117919741
0.6222710740921491,0.17975089962400378,0.17700288500722244,0.020975141276624695
0.018955177600639448,0.7272262588617557,0.07929525342489432,0.1745233101127105
0.46729103592824206,0.29640071786440086,0.22704424786667035,0.009263998340686848
0.07541516072035609,0.46953000738297235,0.32993376095058924,0.1251210709460822
0.044580107040447126,0.33839354451977743,0.14980703523061845,0.467219313209157
0.3455030342070427,0.5019295580792643,0.11991895066620262,0.03264845704749032
0.005683675298756572,0.23038863999365325,0.34939750893600835,0.4145301757715818
0.17208995923437595,0.16851927820460902,0.20030935376351186,0.4590814087975032
0.5068661479938328,0.04099199098913117,0.34709647193300935,0.10504538908402683
0.4734335059587358,0.045570232792432865,0.30741686934647866,0.1735793919023527
0.5620049714179562,0.09065232771828965,0.13292708672266987,0.2144156141410841
0.04511562473032628,0.4462375864794856,0.2080372312592085,0.30060955753097973
0.33178153094804047,0.25738630233219034,0.018370478668887916,0.3924616880508812
0.07312743586941371,0.5691245993563365,0.2697602727818911,0.08798769199235863
0.5196431752401758,0.011527491340142406,0.05577818610699455,0.4130511473126873
0.01672436694414674,0.4798702950323216,0.18068008605962163,0.3227252519639099
0.1495396168684732,0.5235658292286577,0.1299107356000196,0.1969838183028494
0.7084848323027375,0.11524805151928033,0.13158043839877664,0.0446866777792054
0.21332246748437958,0.35754044862595113,0.3295132109987871,0.09962387289088219
0.027364756312341806,0.08511167272282318,0.8840643662889435,0.003459204675891503
0.22734026805990604,0.39661565311858793,0.14522416320736328,0.2308199156141428
0.2154277718526274,0.21579682451720034,0.47004917461278806,0.09872622901738419
0.010372017036857405,0.3146767531003691,0.13780271760552223,0.5371485122572512
0.6090542461471388,0.09278812233795758,0.161867579150588,0.13629005236431582
0.30610496351008204,0.45828094217779125,0.02037402606463012,0.21524006824749675
0.38236773555276776,0.18691489492552238,0.3683820051628808,0.062335364358829
0.08838105942565976,0.7541418435875433,0.03383141013069328,0.12364568685610348
0.006556227116149506,0.017171902669456146,0.08268462367113637,0.8935872465432579
0.13714922158426762,0.35126147348489767,0.4697508207902142,0.041838484140620594
0.393699715083365,0.1046221600299574,0.1937696698145492,0.3079084550721282
0.10060075039945202,0.15864441818118494,0.5181373201102952,0.22261751130906787
0.038345363818287584,0.1289014968100283,0.3172549872903675,0.5154981520813167
0.37641376262869275,0.0202821082850283,0.53780755312914,0.06549657595713909
0.09613156669123768,0.5043205320780303,0.29518829701943683,0.10435960421129531
0.09644989751500788,0.5191558778064316,0.31439593731521337,0.06999828736334716
0.133533471376304,0.4440157042280061,0.10936923844366644,0.3130815859520234
0.6226657280043064,0.11405969450856283,0.12364848669741986,0.13962609078971075
0.24513091774882217,0.28836613144762135,0.0799911572692768,0.38651179353427967
0.04782361589346739,0.31096559353455916,0.5021186447972699,0.1390921457747036
0.1328551216731396,0.1808577758345519,0.4574368032831382,0.22885029920917035
0.2262886111966858,0.42664850023182777,0.3449330394183571,0.002129849153129352
0.6081112507872186,0.03524000889007335,0.30285185193839204,0.053796888384316226
0.4483878301100526,0.16228369244236232,0.2404108403716573,0.14891763707592778
0.22103384866537157,0.18097466625185038,0.4457547134685672,0.15223677161421084
0.31273861438717543,0.02638725151775475,0.33017961756282965,0.3306945165322402
0.09014777898697199,0.6465776260494277,0.20570840550562144,0.05756618945797879
0.11129467905141484,0.012746547737932287,0.6001629405061865,0.2757958327044664
0.16064957799835788,0.324883828340279,0.3503673487951302,0.16409924486623276
0.21182336634948054,0.5940244560875665,0.010895237274477745,0.18325694028847528
0.273031249224657,0.40271323955736504,0.27434426483539653,0.04991124638258152
0.7451817166164773,0.09823757284907782,0.1299086885186297,0.026672022015815276
0.14190988031980248,0.4262703163039707,0.3835742207537177,0.048245582622508935
0.7102732806754962,0.1007520644833111,0.016671807110188397,0.17230284773100435
0.6787391424531953,0.04596848458205978,0.05826990210199307,0.2170224708627518
0.06828053048768694,0.16234310972453977,0.45606666142728974,0.31330969836048356
0.4021673154115123,0.41673179919605813,0.08986834455110855,0.09123254084132076
0.4019337139358093,0.01755814959807038,0.5624448768297378,0.01806325963638256
0.14217288471490921,0.19882984372996865,0.4716886676878044,0.18730860386731782
0.291499916236122,0.08505429671117881,0.11149601391763406,0.5119497731350652
0.3109754339991297,0.02443834963971046,0.47258126747777807,0.19200494888338174
0.06479610201214431,0.5267874168628754,0.03708375460701814,0.37133272651796223
0.038148947944257605,0.9207297718985576,0.017762543720222016,0.023358736436962776
0.14826059496617897,0.20173015168992361,0.3181142674595661,0.3318949858843313
0.15702578433651965,0.4919713801887237,0.1993700644730977,0.15163277100165876
0.05743423912489041,0.3406994833428381,0.47322757492361645,0.1286387026086549
0.37500902606664294,0.20598137903061448,0.19146466531795397,0.22754492958478853
0.06852375661783089,0.2817374756739989,0.49087406820770163,0.15886469950046858
0.371063992679705,0.15761010199519668,0.027421666876057512,0.4439042384490408
0.02341534404739458,0.1288379575451857,0.8346709899339101,0.013075708473509608
0.2609832716843405,0.014691172456537184,0.4837821449514004,0.24054341090772183
0.15726040911268355,0.2099575055304299,0.42414564871306637,0.20863643664382026
0.3158584075885293,0.1759124678251123,0.4851431689991372,0.02308595558722128
0.23623181087613326,0.0469955883449459,0.3823021754838077,0.33447042529511306
0.07974945475226039,0.12832384249856438,0.7133549137887556,0.07857178896041968
0.0701417389768811,0.6706605726232229,0.05296234120869125,0.20623534719120484
0.3308820810079937,0.0121340527271225,0.23514828231536042,0.4218355839495235
0.07086384675328244,0.5388409759528594,0.2844907763643159,0.10580440092954221
0.22902622491073646,0.07116669397681272,0.021756282201568784,0.678050798910882
0.03334645975744569,0.25957689747790436,0.2269783909791461,0.48009825178550386
0.034370184295052515,0.2612421352970805,0.21112882573012848,0.4932588546777385
0.030491724347485195,0.46456120522066835,0.12277625817782857,0.38217081225401783
0.12826569218235115,0.029389032533086994,0.6290221106883344,0.21332316459622755
0.10506527344594496,0.7149142927548702,0.1778753863785111,0.0021450474206738683
0.10031626110979906,0.09811842914445175,0.3072076554726585,0.4943576542730907
0.6551145322773517,0.009444353126231477,0.14362921915111423,0.19181189544530253
0.3337874019103861,0.3575841197847963,0.15519050465897705,0.1534379736458405
0.393776882110343,0.11560148569227534,0.16241260319846,0.3282090289989216
0.02337770365013689,0.054333134291693466,0.7017524290925725,0.2205367329655972
0.5067547353054326,0.1465622681906932,0.15089107305281904,0.19579192345105517
0.37932345905029086,0.12774856793379438,0.13972938260473844,0.35319859041117635
0.5625910189447481,0.14906785585002005,0.27766447720098764,0.01067664800424441
0.5746922716238785,0.05093478465829296,0.04901140296599527,0.3253615407518333
0.13023611453503375,0.14636433231062568,0.6804925286149475,0.04290702453939306
0.5381919486211232,0.12200231324620943,0.2067504611852686,0.13305527694739874
0.1292951083312428,0.18112879105141694,0.5682965335035806,0.12127956711375992
0.18285312199338175,0.09599997865947757,0.3845010675309103,0.33664583181623026
0.23385165853544063,0.29678164573070015,0.3778359009533588,0.09153079478050045
0.26398010263232824,0.30529138213120177,0.056235334904941016,0.37449318033152884
0.6026015520514365,0.311752123127931,0.026507388580975642,0.05913893623965678
0.5058828820616953,0.051082543442110474,0.3081123227967546,0.13492225169943975
0.6661397727282133,0.20449961868140903,0.052165551672525845,0.07719505691785195
0.07353121905958337,0.16321963938671602,0.11584983305314113,0.6473993085005594
0.01461269553728007,0.09956379098086685,0.5121554454523808,0.3736680680294722
0.22180369702635147,0.09105238212054932,0.11300479328059777,0.5741391275725013
0.18289339402917595,0.15393947161365126,0.3721280793107767,0.29103905504639616
0.00039564658459136353,0.325005407782396,0.6525949763659163,0.022003969267096274
0.029507413487754756,0.37649255520979275,0.3638799660363763,0.2301200652660763
0.4266912340521285,0.1676224995912072,0.1642687084497453,0.2414175579069189
0.3003096079454745,0.3205607939550981,0.02587754748544198,0.35325205061398546
0.3456243223556758,0.27099070262155006,0.0034407066121362948,0.3799442684106378
0.7483960299235997,0.19320372324145801,0.05069196368006448,0.007708283154877868
0.18937465305140905,0.37658588828435274,0.21321941779592846,0.22082004086830978
0.1444176865938905,0.04738876523775798,0.2615018940581746,0.5466916541101767
0.3096747313666214,0.3253594024370217,0.02229180085549453,0.34267406534086226
0.3359393868220789,0.003798852971986216,0.33216917384753114,0.3280925863584037
0.3098730946724636,0.18237111696473746,0.412655060172006,0.09510072819079288
0.3121023755195627,0.15039041173150572,0.25634999338441494,0.28115721936451654
0.529437837744696,0.40219275472761484,0.01263049931234942,0.05573890821533979
0.7467226695041443,0.01755520782820404,0.15515859697105325,0.0805635256965983
0.1107588316468198,0.6679018902801823,0.15787089057577108,0.0634683874972268
0.5046007136047972,0.20034049266921938,0.2944155282798019,0.0006432654461814464
0.5398059322772051,0.3001214034133215,0.07094612080671268,0.08912654350276078
0.6521875812330835,0.1407744686967926,0.01748669860601053,0.1895512514641133
0.1070253721458761,0.017996249522993685,0.34439342671202905,0.5305849516191011
0.40849530223872466,0.29962928776696823,0.04691018214648974,0.24496522784781727
0.03586059103384303,0.2866302147382825,0.08205842503774981,0.5954507691901247
0.40094120807953254,0.06883695954898662,0.4803173919206407,0.049904440450840255
0.13077597726547113,0.19671710566048017,0.2721721539686541,0.4003347631053947
0.11831926228923795,0.07901901081141224,0.7900570545052898,0.012604672394059909
0.05204300438351651,0.3177186066821853,0.06425114066937072,0.5659872482649275
0.17494526045817393,0.11426224338585919,0.5698546679240238,0.14093782823194312
0.00971749854447544,0.5776823851116234,0.3135387861991837,0.09906133014471753
0.1623610209557193,0.2986600535696955,0.20171200333974668,0.3372669221348384
0.19472803097477145,0.05159035762552761,0.045076829096024784,0.7086047823036762
0.06353610401978367,0.30760073435182694,0.1944078230907633,0.4344553385376261
0.03212089907269507,0.11457043020337719,0.43464352571518594,0.41866514500874186
0.04014120814505745,0.7491795499253783,0.08050173842238821,0.130177503507176
0.24748861649529522,0.42690936223443526,0.0952520121949138,0.23035000907535577
0.43956318017543455,0.18003059987957065,0.14039484778211808,0.24001137216287652
0.6041833452051737,0.053328652385342144,0.19539563923953668,0.14709236316994745
0.30282716383442526,0.01501010161120774,0.5617943125292062,0.12036842202516088
0.7148629549896885,0.10578493839791486,0.028300276237430044,0.15105183037496658
0.04858703233001663,0.0709523162289592,0.27025655188069714,0.6102040995603271
0.06048668899100728,0.09344799154937163,0.20200901751812797,0.6440563019414931
0.007339137428624107,0.18401296669126035,0.545343118526825,0.26330477735329033
0.4214647247240691,0.3706044135116374,0.1964871509880819,0.01144371077621145
0.08006934265399047,0.3482898484319275,0.073423340014269,0.49821746889981283
0.09086919488641917,0.6806084248542166,0.17236118787220772,0.056161192387156667
0.07589963403701634,0.32464409327157584,0.5861163335077033,0.013339939183704389
0.598845067777587,0.01006222794047487,0.09227268175669423,0.29882002252524403
0.28581619390473345,0.014238616642319074,0.5521040261415626,0.14784116331138497
0.0644870906289032,0.14917358209902126,0.6964378260712872,0.0899015012007883
0.0831222240212144,0.00672183229711195,0.5331065808327984,0.37704936284887536
0.20313901984746166,0.16758315628960876,0.48457031359762187,0.1447075102653076
0.12989014363352305,0.6750338125643549,0.13015495894074097,0.0649210848613811
0.034076046558657605,0.6536667348111047,0.014885420117703139,0.2973717985125345
0.33639766822798733,0.24986589822934857,0.23416678662766927,0.17956964691499483
0.27098881979326733,0.046000600337597286,0.4390241958314881,0.2439863840376473
0.06675595650965782,0.6965488467322226,0.1815092151316865,0.05518598162643315
0.10566971087642577,0.3198525446261143,0.08929847903189914,0.48517926546556084
0.4753598691939517,0.29983895240518393,0.11369495185081491,0.11110622655004948
0.2891811924559759,0.14358964335466023,0.5422303533804547,0.024998810808909068
0.26811756418032023,0.13058582181766054,0.18904393402540973,0.41225267997660947
0.029449448982195307,0.2725213653811436,0.3057593004327416,0.3922698852039196
0.3655814547433137,0.08924834102312348,0.25839614726409327,0.28677405696946956
0.10998622497140374,0.6366796354197326,0.06090419884203061,0.19242994076683298
0.20299687242131742,0.2893690063151753,0.004422537796414046,0.5032115834670933
0.1355708112447318,0.28816846317117034,0.2769862593274328,0.2992744662566648
0.0675970593903821,0.39183135534147806,0.23576535374593455,0.3048062315222055
0.24735469557280598,0.06970755600171594,0.4397524343922059,0.2431853140332722
0.16990057902048447,0.22878636484169873,0.12477187682705052,0.4765411793107664
0.08599909278487501,0.0763916465737339,0.19970545381442517,0.6379038068269658
0.13279523544108784,0.25343444460903325,0.479114253953344,0.13465606599653498
0.3226680732140729,0.16075563363962223,0.11113998721572534,0.4054363059305795
0.01307080306973818,0.07109335787490793,0.25185783558882435,0.6639780034665297
0.09410568579962615,0.2636820718297987,0.4741762866429625,0.16803595572761262
0.3986841329660438,0.028436108537640774,0.1336869772325327,0.4391927812637827
0.4845683103569822,0.10164158278416058,0.08655923242369865,0.3272308744351586
0.31798283702892743,0.4101193291106993,0.20884250113261876,0.06305533272775457
0.09530214109842268,0.09128259198280658,0.2805089792524322,0.5329062876663385
0.22727135579893157,0.25407411847331857,0.11356634179742277,0.40508818393032714
0.021380000855358267,0.2089196880974512,0.4770092577728982,0.29269105327429235
0.08290571312230365,0.79537496449666,0.041635484960679425,0.08008383742035692
0.013281722391464156,0.22353748105579577,0.08321087267661449,0.6799699238761255
0.0014477202705990623,0.4594941510655712,0.2380519165799655,0.3010062120838642
0.08682446260786132,0.5363380304613684,0.026764369299429398,0.35007313763134074
0.35927401950595345,0.041616150832421116,0.2814092704130724,0.3177005592485531
0.016535044403032537,0.15971429261433726,0.3717956985927106,0.45195496438991956
0.09533605981748519,0.8234517815034975,0.05249814255845634,0.028714016120560973
0.33214919410787774,0.3244620328900174,0.15338871090797504,0.19000006209412976
0.14224548297638673,0.34530225505882955,0.22523768911122527,0.28721457285355834
0.00498001747490597,0.6476946227001436,0.247794496077262,0.09953086374768848
0.19663081095552057,0.4281337958673654,0.34826550287472957,0.02696989030238451
0.5216306369728653,0.24791218993449377,0.07275246124239244,0.1577047118502486
0.1747798938164066,0.0010077414899170103,0.43313613929171,0.3910762254019663
0.12664620316465477,0.09344199328985921,0.3534819948349452,0.4264298087105408
0.0449851785582848,0.105206309057026,0.5858391291900134,0.26396938319467567
0.23915545904168595,0.006376507771880873,0.06826528783461892,0.6862027453518141
0.08103008496275999,0.27638584104625286,0.6089689546805371,0.03361511931044985
0.5724714832909434,0.15354760280365007,0.2424844282738073,0.03149648563159904
0.2842232071899253,0.5957422205397993,0.0755815465492376,0.04445302572103797
0.5180173008522885,0.049870575531448,0.05447018448776762,0.37764193912849586
0.42144058836719456,0.5142678212547951,0.01696373601823305,0.04732785435977719
0.03343207594773421,0.1477634144018285,0.20682884786953704,0.6119756617809002
0.11499663915555296,0.3086272027149204,0.22325807933350328,0.3531180787960234
0.19614394044502478,0.09570231153798055,0.08742642426361316,0.6207273237533817
0.07968264762575057,0.1862837609280484,0.41555067245941846,0.3184829189867825
0.023850738698697704,0.5174732741198651,0.1414143708658464,0.3172616163155909
0.2959514768287214,0.02754973882331527,0.5191869089300528,0.15731187541791058
0.12976322499777387,0.12643107552890087,0.6364307418864101,0.107374957586915
0.01024571024872827,0.25422707778461134,0.4982824130067099,0.23724479895995046
0.17732538883896454,0.4859709415695643,0.014275626822883572,0.3224280427685877
0.17345801345111556,0.0651380403573516,0.48274270145441445,0.27866124473711856
0.044602098500464045,0.25469112154839857,0.32780920605915287,0.37289757389198447
0.6297247144580926,0.29869170375011345,0.030098810902745975,0.04148477088904803
0.1313056606795576,0.6547783835950032,0.03758600958587106,0.17632994613956812
0.11931246102765378,0.04485140899715514,0.7496993896333839,0.08613674034180735
0.19672453177036228,0.633537086986914,0.0005337096022544442,0.1692046716404692
0.00975229517172574,0.024914533743243563,0.7320043395738954,0.23332883151113518
0.05313979031288132,0.6772482714552057,0.03932819449368367,0.23028374373822932
0.4936189073856893,0.09112835364947067,0.27528182218182273,0.1399709167830174
0.22228542470467363,0.5410057688449977,0.055743515386869176,0.18096529106345952
0.10038289645062791,0.44875533738238943,0.04777208770424429,0.4030896784627384
0.18771664654991602,0.3092542244170717,0.3208283968079694,0.18220073222504302
0.12179940848546243,0.12520893638868008,0.049858183036237985,0.7031334720896195
0.1112295637230524,0.16942158573306812,0.5544973212908318,0.16485152925304772
0.615554366214583,0.23674380658346741,0.14526201566545885,0.0024398115364905573
0.15557730103614328,0.4181009681034345,0.26675695409491323,0.15956477676550904
0.19928826601468522,0.0764506157016338,0.3177319011455365,0.4065292171381443
0.07083412042012026,0.129931308676286,0.29521953638926884,0.5040150345143249
0.5408200746764867,0.08413046817461248,0.2402912846241865,0.13475817252471425
0.7374656213677075,0.19872128430878475,0.016850468158019865,0.046962626165487825
0.04662523538515529,0.035552303415685035,0.4925333212083883,0.42528913999077134
0.3386934920621322,0.0837165640081568,0.289022259088691,0.2885676848410201
0.03389132958986947,0.6312575091900051,0.20467782713296667,0.1301733340871587
0.2891218044327452,0.09229053909692986,0.6027674981573019,0.015820158313022917
0.5341339484026495,0.10283171376682665,0.285997982901625,0.07703635492889885
0.5602654365190894,0.20693885812597473,0.07584163210275724,0.15695407325217867
0.022533106498505373,0.8783438584189842,0.00932469346465435,0.08979834161785596
0.07708935465299248,0.14643277908944044,0.39351060948413163,0.38296725677343546
0.13707939865873583,0.6350610119277451,0.17149996512932142,0.056359624284197433
0.5573938880876679,0.2518890242110327,0.10724249692231966,0.0834745907789796
0.27157586239627857,0.5346611664772885,0.057811098899684145,0.13595187222674887
0.16220306032952272,0.6744128712666551,0.1008106075298234,0.06257346087399894
0.7873800804783487,0.048510072657906515,0.1288238967550352,0.03528595010870962
0.12064596900995556,0.41854117088276294,0.3344097193021062,0.1264031408051753
0.19559245544455459,0.1026937678871949,0.5211104558130576,0.18060332085519296
0.18171375753456717,0.43763789582726176,0.16560091153154508,0.21504743510662594
0.013486787382162925,0.18695960288206914,0.4042419826984485,0.39531162703731937
0.34627614985186644,0.20960492374865755,0.3639948434868073,0.08012408291266873
0.0735431276677737,0.5250266916205979,0.12567620767002036,0.2757539730416081
0.2793990672070633,0.20730723785834781,0.4225635297699804,0.09073016516460848
0.2711622456318585,0.10278048974160058,0.293245490691017,0.33281177393552386
0.07888839846523553,0.011115636513509417,0.474423085661801,0.43557287935945416
0.5409269640086098,0.04607357973197906,0.40558929745526456,0.007410158804146463
0.02662108303603056,0.12293342734543486,0.6277727323286015,0.22267275728993297
0.24495370465464056,0.39715639842413325,0.0984273307117586,0.25946256620946756
0.36250270136407375,0.13850573970310587,0.10915173084797342,0.38983982808484713
0.014606168536270864,0.013492855183607154,0.5873601340572011,0.384540842222921
0.6939485998419869,0.18228693644924182,0.02322139414665332,0.10054306956211803
0.1610950340299129,0.08543339969518522,0.06486770633315335,0.6886038599417487
0.6562799819263633,0.054822436563292894,0.16352122578974795,0.1253763557205959
0.05478810648396745,0.5534166418967451,0.278422122923104,0.11337312869618349
0.18931821744317676,0.3585016379853496,0.35986284606414976,0.09231729850732383
0.3532006787702896,0.279997327049898,0.25146875869255947,0.11533323548725297
0.757147762664531,0.011062998351278596,0.00373712155681843,0.22805211742737194
0.3382847124777211,0.10297777363557312,0.46462088306665605,0.09411663082004969
0.1100034823723665,0.15110986628334766,0.5915833627770285,0.1473032885672575
0.012865367278020763,0.23267531173891953,0.5326376969386882,0.2218216240443713
0.2747155057699601,0.2559772463755783,0.07464416225142244,0.3946630856030393
0.2555896619029579,0.3006507919913668,0.4392745716204195,0.004484974485255816
0.3319481848122537,0.616793835652021,0.03667534865142592,0.014582630884299636
0.1614101298265055,0.20992942823624977,0.5606066180947294,0.06805382384251527
0.23958532822784648,0.22573293417880455,0.13006583310075226,0.4046159044925967
0.47729094675961176,0.10579474624620122,0.2934959336532255,0.1234183733409616
0.652907733679805,0.15765210677426741,0.04204052175235433,0.1473996377935731
0.10845834985785335,0.573253653378795,0.18022172645032997,0.13806627031302163
0.6585484607983484,0.07525590471911177,0.04841633909377494,0.21777929538876484
0.45473581388930495,0.17546419067755506,0.029712629448595772,0.3400873659845441
0.016026700462692306,0.2417249373149365,0.1392832426382571,0.602965119584114
0.10754522091402846,0.15538854841988295,0.11876004368901628,0.6183061869770722
0.33697629204839896,0.1316337989501974,0.508045281224029,0.0233446277773746
0.03048654447920821,0.455287686078327,0.10398166178419485,0.41024410765826985
0.2803263334694467,0.12311160673114618,0.24544504283839552,0.35111701696101144
0.2383053337524946,0.026053555981263264,0.20030658642703655,0.5353345238392055
0.3130068717032016,0.18878227440919082,0.4778785471852013,0.02033230670240636
0.2718173826800788,0.09470277758685217,0.4258430780433874,0.2076367616896818
0.014012755724000132,0.5194584944020799,0.4475642348008619,0.01896451507305799
0.3599211835498724,0.15044361722995495,0.3438542164999898,0.14578098272018278
0.23603359955292527,0.13064627207413287,0.005177793215221199,0.6281423351577206
0.018382488636702523,0.17413612957366975,0.5312906997424496,0.2761906820471782
0.05900314048007457,0.12893074601074514,0.6389508080943743,0.17311530541480594
0.3281318061400784,0.022128293544661195,0.6063470629937432,0.04339283732151733
0.40474371226128036,0.08721269759954686,0.4070508724426784,0.10099271769649432
0.26841665938455983,0.5974791312094471,0.0649017870804045,0.06920242232558854
0.33706947163688084,0.20120429087269104,0.3076112912094397,0.15411494628098835
0.24315347008158142,0.21987848873091878,0.23978775251732687,0.297180288670173
0.21056953370740372,0.573969365062394,0.0725778703553398,0.1428832308748624
0.36146786133152864,0.46599540498927294,0.09056614402393964,0.08197058965525861
0.490596849925026,0.17729356001104996,0.14308999340477932,0.1890195966591446
0.30507687241316506,0.08499739221498527,0.4517570436698786,0.15816869170197106
0.34726037156935663,0.2984754088246735,0.21889477236357868,0.13536944724239128
0.4229897202080346,0.02054692426204038,0.5412208633498223,0.015242492180102785
0.24378152780586737,0.12193270875890394,0.17811365522259684,0.4561721082126318
0.2469122997410027,0.26871960663120553,0.40247043378459463,0.08189765984319712
0.1656835725577682,0.338525320351469,0.4047427085999539,0.09104839849080883
0.06661455392048363,0.11319352279501785,0.24043450449165688,0.5797574187928417
0.16389902746397864,0.3905446218943209,0.4302940684870591,0.015262282154641548
0.4829530922123849,0.02662545800518772,0.13986703198842307,0.35055441779400437
0.9110070005037016,0.018082159419939826,0.06967780567407014,0.0012330344022881876
0.062240249838572057,0.21685951126480082,0.1169143724560974,0.6039858664405298
0.23135734289371304,0.4603847079834475,0.09430138890221672,0.2139565602206229
0.7379772743366265,0.19092696378725882,0.016274299838251585,0.0548214620378632
0.12139224372916471,0.49305583913503753,0.3449458724332445,0.04060604470255331
0.33179042567022005,0.2515533715440439,0.38345115446890593,0.03320504831683013
0.17042864628334417,0.3049577909766105,0.4393944200232994,0.08521914271674594
0.654172388734201,0.07700863655005416,0.004925488417833183,0.2638934862979117
0.3234989024999227,0.24758384497746455,0.03272988761103503,0.39618736491157774
0.11162612242508503,0.2222451273559003,0.5960445616459601,0.07008418857305472
0.16098759451976846,0.26984549297358634,0.08837333757571159,0.48079357493093355
0.4108123343248325,0.03748928259697126,0.18365480732129447,0.3680435757569017
0.7374253220718484,0.1386181899603545,0.05879888640677221,0.06515760156102492
0.07651436751973474,0.11480857035328385,0.7815025354728169,0.027174526654164307
0.834746887514542,0.027663780976540125,0.05892581822185435,0.07866351328706359
0.04235548847706282,0.0469058064107594,0.3026629253196982,0.6080757797924794
0.20418226891931102,0.3743968818288408,0.2032014323469553,0.21821941690489288
0.036869112912271754,0.9091205898566643,0.013521775073748223,0.040488522157315916
0.24906995440678992,0.41668398839963716,0.20914455529132803,0.12510150190224484
0.1898383989599551,0.07155307177855107,0.7302629570542428,0.008345572207250993
0.21001774685958965,0.2130793356527533,0.051411622565115805,0.5254912949225411
0.17955335683888216,0.0035056017717700633,0.06153033531625897,0.755410706073089
0.44505993775828206,0.18174870301018162,0.10347780745981223,0.26971355177172407
0.2411496122566389,0.28422436656450667,0.4391086058844783,0.03551741529437609
0.3568090880479915,0.09154515489841158,0.5266554841209761,0.024990272932620638
0.021223154254295388,0.3765974566658973,0.27247048326980494,0.32970890581000256
0.025670649570577714,0.6304527657014571,0.20055373568647167,0.1433228490414934
0.15490212442739545,0.5485046564841491,0.0615233452373395,0.2350698738511158
0.6734356731872195,0.2747116605978878,0.042259302591934944,0.00959336362295755
0.11925361849988514,0.2563990999391449,0.14995112863368928,0.4743961529272806
0.13474719156654716,0.20035993515100195,0.1570778475971671,0.5078150256852837
0.24765009274910488,0.41671206442015474,0.03951458096472177,0.29612326186601856
0.27262801369731526,0.013499294210649155,0.1018033453319051,0.6120693467601304
0.026988905963112497,0.264703143641246,0.3759352914842906,0.3323726589113508
0.032934598249097675,0.26304767485405267,0.46668002185472424,0.2373377050421254
0.2357853121217927,0.27018317817522064,0.17679490213109902,0.3172366075718876
0.06540130821957159,0.12110670473957552,0.6407104451156076,0.1727815419252454
0.0013292935332206155,0.40330010509573677,0.353111073997538,0.2422595273735045
0.3289624126277719,0.037389427114117434,0.31163377440821927,0.3220143858498913
0.108201163840601,0.574976777041848,0.20746559420599087,0.10935646491156006
0.3094365678808231,0.02313638254551308,0.21750889611828741,0.4499181534553764
0.2817785947920073,0.2213623415352943,0.37229176965288535,0.12456729401981309
0.160512701951519,0.11261300415587547,0.165528745583081,0.5613455483095245
0.34595377067869093,0.0769064141512008,0.24948660626426797,0.3276532089058404
0.6000158468022198,0.280054423445241,0.08465259000388504,0.035277139748654096
0.4604473180531882,0.15162017604308592,0.08009343885687355,0.30783906704685243
0.10896460091444397,0.6101847713751181,0.0811890218816588,0.19966160582877912
0.2956460241952699,0.08880753195529577,0.15095354944871164,0.4645928944007226
0.18733299683126473,0.5183789467483518,0.19265443233140003,0.10163362408898344
0.1007793714558433,0.6684049998865795,0.004190894147564327,0.2266247345100129
0.19849134825131975,0.09230240569741704,0.6632698468187221,0.045936399232540955
0.6671859134812224,0.23489089046400166,0.08458814783813821,0.013335048216637578
0.2638757585149684,0.011658138502088248,0.18874027502277363,0.5357258279601697
0.05467201489200612,0.3292242672452024,0.34425192567273943,0.271851792190052
0.28231430532229024,0.2873657664524246,0.1472404273148503,0.2830795009104349
0.2677469304855813,0.012605787968835519,0.623277605885688,0.09636967565989522
0.026240121423043907,0.5940422831702722,0.2920504806689419,0.08766711473774202
0.021228543416332686,0.12409318506148774,0.4913136686911253,0.36336460283105426
0.6088365914797695,0.11445172032864741,0.023808892834927497,0.25290279535665566
0.12911576851914172,0.5018063435880327,0.3362251170325167,0.032852770860309084
0.6832720945946819,0.04192919354058067,0.15069852881275395,0.12410018305198343
0.08390953506667138,0.30433037435241317,0.24861337650891138,0.363146714072004
0.41964859347452405,0.2596284841585289,0.123800614927521,0.19692230743942604
0.39607773393552465,0.2846821034417269,0.007175191018601557,0.312064971604147
0.49609213034320876,0.040575546327828185,0.38100978526966345,0.08232253805929962
0.14584043876895073,0.11686598915895205,0.3835087962627542,0.3537847758093431
0.31409362939917185,0.400196702841881,0.026216354478119073,0.25949331328082825
0.44324159521423506,0.018377160296189757,0.3252974905412782,0.21308375394829704
0.014212113396437239,0.4420335085508133,0.049160951009291305,0.4945934270434581
0.7113945753287204,0.09534641566710614,0.03826717327145603,0.15499183573271735
0.35071194697735564,0.3360727231947069,0.18196040956418752,0.1312549202637501
0.1888673625910105,0.04239480890713612,0.3744204393933278,0.39431738910852565
0.00264656779956815,0.4250655814735959,0.32589089410272293,0.24639695662411298
0.19350649919136095,0.06803817148742335,0.10503313119758834,0.6334221981236274
0.12426041564614146,0.13972330001706423,0.07085033598684172,0.6651659483499526
0.2630611499929488,0.02866506486558468,0.47660068351204915,0.23167310162941732
0.06424017726422915,0.47704106892641585,0.10007379289211062,0.3586449609172443
0.6707981538104315,0.010881371941803553,0.11845013099288422,0.19987034325488082
0.11689512570774668,0.26456210301057226,0.11059974863596939,0.5079430226457116
0.17036210252336248,0.3654340637686499,0.062487854407346104,0.40171597930064146
0.3536595298276024,0.05195737254003996,0.34302980010255235,0.25135329752980545
0.28563859445133444,0.42909567938865933,0.271584011759578,0.01368171440042818
0.05186874949346708,0.29002989716172567,0.38162169780675387,0.2764796555380532
0.07804142964011292,0.061737746737589354,0.32039329872045286,0.5398275249018449
0.19640542422447316,0.2559105718482222,0.4415267342810309,0.10615726964627385
0.18813107355661746,0.12143600642220556,0.5654219305467583,0.12501098947441866
0.6190114781065346,0.0024382120452320828,0.3440475208688343,0.03450278897939893
0.09326302579847573,0.24614120378932466,0.02075427938881247,0.6398414910233873
0.3107355908879564,0.056243820053786746,0.3825467871171135,0.2504738019411436
0.2602155666000335,0.1807784579994468,0.15450167458929026,0.4045043008112293
0.3240366659116453,0.10234392661593304,0.21554247294397716,0.3580769345284445
0.46841525993769445,0.011981973177339962,0.30089972562916456,0.21870304125580098
0.11773822215416499,0.2856901289108879,0.41572033421669086,0.1808513147182562
0.32629386816084244,0.01208030468226819,0.6516415670637926,0.009984260093096702
0.6937278511686052,0.006990347873260351,0.13723684091957944,0.162044960038555
0.3344579730602862,0.01587836815391161,0.20510097304777075,0.44456268573803165
0.22153469624220284,0.13553743101476756,0.4871577645999162,0.15577010814311334
0.12368404615562449,0.34265880148234823,0.4588343442726014,0.07482280808942592
0.17057542278419832,0.2065417712861043,0.2803725556691145,0.34251025026058285
0.25922569735329004,0.22355075610128744,0.45663204864162915,0.060591497903793444
0.292353881676829,0.1220757716458574,0.4028589237161358,0.18271142296117776
0.05253519728061012,0.14000131613601988,0.5042458045598761,0.303217682023494
0.2824037530559131,0.5338360013538138,0.03236792088282689,0.15139232470744624
0.39542622790812054,0.1581748114146112,0.24742160672964097,0.19897735394762728
0.64765705072516,0.0844232822440536,0.016152498235853324,0.2517671687949331
0.17619629951053262,0.5030649288337515,0.015846175104503455,0.3048925965512124
0.39009759850636916,0.03515961323719873,0.3504972339289965,0.2242455543274356
0.3851309688729739,0.1939034824423024,0.40730270947977093,0.013662839204952775
0.24577963946476078,0.08620200880198343,0.4920129101265998,0.17600544160665593
0.22263137734482769,0.38652254889015125,0.14074784048917077,0.2500982332758504
0.29590692016189096,0.37584769170214966,0.3215297517220432,0.006715636413916106
0.21522638601671115,0.04006955378434457,0.4042688416395847,0.34043521855935954
0.3068843695443065,0.23881619006426053,0.03595315475119467,0.41834628564023824
0.1053886089548008,0.15593406189295808,0.13721463540800286,0.6014626937442381
0.2262800296066331,0.11701867643149601,0.5926346720925348,0.06406662186933595
0.08588557916933609,0.26291850246432674,0.2971879799216452,0.35400793844469197
0.2293718273647198,0.43344297064013654,0.10093451536709717,0.2362506866280466
0.16737382306096477,0.4386149511701598,0.10018904699900948,0.29382217876986594
0.44951787449061886,0.08782798256208481,0.4110302506829965,0.05162389226429996
0.022464677439262875,0.475974209759643,0.4260181022904962,0.07554301051059795
0.17644857962382912,0.24470944847081072,0.5092409600864168,0.06960101181894313
0.7635924157678662,0.13765866409187483,0.0967568239274633,0.0019920962127956536
0.7558065986207814,0.18250824568844926,0.019218566021473527,0.042466589669295805
0.19234226872686863,0.054705612130764296,0.400126269301136,0.35282584984123117
0.388248810550374,0.32099036769825995,0.17479516936444622,0.11596565238691993
0.8172088446983686,0.05036345777712603,0.02872312501212,0.10370457251238545
0.25104151365544686,0.575929537616683,0.09811641535786522,0.07491253337000471
0.34016854466543855,0.01742733111921448,0.2828906419578671,0.3595134822574798
0.03967796866678586,0.12650557248384917,0.014987508240324647,0.8188289506090404
0.19418279783809575,0.2708350303777903,0.43754845989129737,0.09743371189281652
0.24668407420081628,0.3376172416811042,0.17822493523733626,0.23747374888074335
0.031913383373019744,0.7647334871447877,0.01707412404562174,0.18627900543657072
0.008145130339809306,0.14221266258566476,0.6955340497528688,0.15410815732165706
0.03296841611980384,0.6311145130687631,0.04235489406617187,0.29356217674526114
0.030827369217179455,0.357973444620708,0.49114919063871615,0.12004999552339647
0.29534345683225466,0.021708640783641472,0.34472028368867524,0.33822761869542856
0.28011129418158875,0.04394653794618006,0.2743233710332618,0.40161879683896945
0.23704477718612596,0.23899747847779299,0.5233567410871693,0.000601003248911768
0.5766884357958484,0.11907989665665578,0.07004148542954931,0.23419018211794637
0.1637968767384382,0.602452266333847,0.1080547313971601,0.12569612553055473
0.09908180516241462,0.24751675698356448,0.39494502958325806,0.2584564082707628
0.042904889467322634,0.4359223005831989,0.08144293897817798,0.4397298709713005
0.28895646989240464,0.4540230471127974,0.20875242017430878,0.04826806282048917
0.41293633767983484,0.36459896590851054,0.16809791842786034,0.05436677798379454
0.08583490708119408,0.15587917729455902,0.4874015704936074,0.27088434513063936
0.7360851334183143,0.021168389543899786,0.14298107030787557,0.09976540672991047
0.13585825984104224,0.4176518426803441,0.37198204696702397,0.0745078505115895
0.30664776737987487,0.06108617586018999,0.49339877103666546,0.13886728572326956
0.33638790558936743,0.12481909713944996,0.3551825143292226,0.18361048294195992
0.5100107316192507,0.1166604371939971,0.2858813126582278,0.08744751852852449
0.23049385030111486,0.06833438720163174,0.023262535336971982,0.6779092271602813
0.25872842538863183,0.26050213560009905,0.019685496251543984,0.46108394275972514
0.01937991127552889,0.18617116505825057,0.5925567543562017,0.20189216931001883
0.05198042583951655,0.14038534510633444,0.23349886963237293,0.5741353594217761
0.6091523431887186,0.3224065396738175,0.033925577830695226,0.03451553930676871
0.06561612842844863,0.0364805956753574,0.3510218024607279,0.5468814734354661
0.29725528295754206,0.14680838581420363,0.35653372827518554,0.1994026029530688
0.663989127672357,0.1242069380347973,0.14834687252394768,0.06345706176889813
0.6313799290264216,0.032180031575034074,0.08421691785667508,0.25222312154186927
0.016370468027881818,0.0012908299385109676,0.5913977778056262,0.39094092422798105
0.42449122250395493,0.15685532367483937,0.009107601383464937,0.4095458524377407
0.06157061595209755,0.275347585753326,0.2869487339718434,0.37613306432273313
0.41380330792230696,0.49997842542772875,0.06026521134439233,0.025953055305571942
0.13315980761135876,0.3059622168072583,0.2768043765709517,0.2840735990104311
0.029238131053625237,0.178439353208321,0.7255435696893193,0.06677894604873458
0.09745111941833468,0.42809479025455954,0.205227356295148,0.2692267340319578
0.35412529495575695,0.19858803386492307,0.1367170345465707,0.3105696366327492
0.32407944234989666,0.12725047551658328,0.48173215469497127,0.06693792743854877
0.033302640865465714,0.061923193307700505,0.035248343221002836,0.869525822605831
0.0023566044527089255,0.09536576251161634,0.2559534469376414,0.6463241860980333
0.05166936794684921,0.0754286007727956,0.5002723537871173,0.372629677493238
0.4248967181637983,0.17613123032254424,0.32537059697207804,0.0736014545415795
0.21623702222215357,0.05203424855882833,0.6674709020565671,0.06425782716245101
0.36578144802990376,0.15606809022650572,0.2603627368911043,0.2177877248524864
0.07994497002633068,0.23365096647406294,0.30615373806612356,0.3802503254334828
0.004733824768167964,0.3218410721245501,0.333297070537173,0.34012803257010904
0.6898588304366341,0.10594823201404008,0.06434694181797714,0.1398459957313487
0.4926751371374448,0.2271613152659122,0.049391833680401204,0.23077171391624168
0.08845914447187711,0.05820480779637041,0.342323464065653,0.5110125836660994
0.236925743859987,0.673104418093526,0.08193675883576916,0.008033079210717815
0.421665961932615,0.00048119711449883624,0.3531640221730108,0.22468881877987557
0.6509681044293805,0.21516299558936533,0.07597057643951281,0.05789832354174137
0.3868634115399965,0.20627591633130832,0.2891688053820206,0.1176918667466747
0.20255233394842245,0.09697902782468909,0.3447096143280722,0.35575902389881636
0.4827735536147898,0.09450865641787846,0.13337528948258437,0.2893425004847472
0.10308497704720446,0.33907078387432993,0.15740854059999765,0.400435698478468
0.036202009325974796,0.5413159582971179,0.19948855434162607,0.22299347803528133
0.18780409845642362,0.17157216246883583,0.36216143586199057,0.2784623032127501
0.4875954067803198,0.18153949190368993,0.22697502292619415,0.10389007838979612
0.2616581353903985,0.16033955173289385,0.3707962182159577,0.20720609466074982
0.5073308103527523,0.1947206693603906,0.1140650498450724,0.1838834704417847
0.28114561341365496,0.17634548938371244,0.19789826235964608,0.3446106348429866
0.363653477447056,0.1558216139765872,0.21824463143100056,0.2622802771453562
0.21113665712629537,0.1338623414094233,0.33594110191357773,0.3190598995507036
0.07485824804382095,0.11679731595665076,0.4419645630359107,0.3663798729636176
0.1372489358319099,0.49322434446658037,0.14722970581180675,0.22229701388970294
0.1389575701524163,0.2076295349942256,0.4984835476681359,0.15492934718522214
0.43437841786632525,0.11145952380637437,0.3916527768395157,0.06250928148778467
0.24875674223352914,0.1778144697917859,0.29059313733875825,0.28283565063592686
0.06471719376129893,0.30181206136155375,0.09308460604349719,0.54038613883365
0.21113809123610117,0.19901354477924887,0.06126318891517378,0.5285851750694762
0.21687892250256968,0.017805090584570277,0.21980778061349415,0.5455082062993658
0.03530449243946996,0.32087130918837975,0.028807567237490683,0.6150166311346594
0.02419769501057656,0.5119661496771706,0.44900209751685216,0.014834057795400634
0.14941387506974396,0.24880990015797524,0.2563038719349292,0.3454723528373515
0.4232294979145127,0.18394942883077506,0.006756301853374555,0.3860647714013378
0.03763823264413949,0.0173850648359618,0.02249381125280219,0.9224828912670965
0.6485467254623254,0.29520724290602046,0.04551715524688166,0.01072887638477242
0.07106574803941523,0.09863958884508738,0.1891787157806332,0.6411159473348642
0.01416703651395868,0.4262261400596237,0.3270854935473571,0.23252132987906046
0.10980326349138769,0.18951611300696788,0.5593974026102133,0.14128322089143125
0.25216219465843903,0.20470187772576753,0.1512123242544924,0.391923603361301
0.7099776124964076,0.2718356594006164,0.00464848061188196,0.013538247491094111
0.07692545806547638,0.017257816176679396,0.8683211567101483,0.03749556904769602
0.08241978783384447,0.798623915271377,0.10038841563003438,0.018567881264744044
0.06852687545447372,0.29645221526281595,0.17766174889220854,0.45735916039050173
0.4934719360171708,0.09985244055410676,0.2075089832775862,0.19916664015113633
0.43949981919842507,0.06711318076217077,0.11552252225949872,0.3778644777799053
0.18590626919092682,0.14784727994853292,0.27589540819348296,0.3903510426670575
0.8292237188541912,0.029003159474990093,0.07564920781547388,0.0661239138553449
0.051598208227101434,0.3155020347545586,0.055590682543803886,0.5773090744745362
0.1380868679359822,0.22147226751374616,0.1991904536397365,0.44125041091053513
0.02648817753116679,0.08205348550361667,0.06034397316271009,0.8311143638025064
0.11159805694565511,0.12791384333341588,0.6363529853565285,0.12413511436440056
0.3770046839767787,0.06202440465624721,0.4056086028908768,0.15536230847609722
0.5170240010290821,0.3216537825727416,0.03765003284340347,0.12367218355477289
0.28454985792860765,0.5294981823581238,0.07789525955017144,0.10805670016309712
0.06668484983897421,0.35622952546706244,0.3151200794792102,0.2619655452147531
0.7941050997111652,0.15677913635862623,0.026931590975605546,0.02218417295460308
0.2976837479458793,0.031035521118941065,0.35008828681577436,0.32119244411940523
0.21799833782465217,0.23742593327099035,0.061966740012476325,0.4826089888918811
0.06788436150139608,0.2724546681067235,0.03657015977538492,0.6230908106164956
0.0023017901867028725,0.46554193695085244,0.18202107990864203,0.3501351929538026
0.06804428436370887,0.15630812873854116,0.34456654605737486,0.43108104084037513
0.13383640970165006,0.028506063672377027,0.6290740605809889,0.20858346604498396
0.07065246612367052,0.2847202708766136,0.24078072211961454,0.40384654088010136
0.04347116259557995,0.15736084868723732,0.23914488065769235,0.5600231080594903
0.5255570954769361,0.02595962077535539,0.3957071488319361,0.05277613491577242
0.443864801775934,0.13428062560769619,0.2847589722296548,0.13709560038671503
0.0847653460575511,0.3301060493292192,0.3502762047019954,0.23485239991123436
0.6999359196403372,0.16214808765245564,0.01682089162028868,0.12109510108691852
0.09695550602257674,0.354600248188664,0.19056754360703587,0.3578767021817233
0.12800680102189754,0.21549339143972376,0.5789970507569157,0.07750275678146308
0.2894930506646008,0.25570041789619846,0.4313825792558712,0.023423952183329586
0.04764266669190941,0.42157489676014714,0.5041060347682071,0.026676401779736236
0.10805835921555113,0.7196971508596864,0.16088076997068196,0.01136371995408041
0.35445408415266777,0.2918928372024048,0.0018714873924256807,0.35178159125250186
0.3694378857550129,0.4740793793958463,0.1176154588829976,0.03886727596614329
0.13051966314180793,0.16850002252563023,0.4042949367701678,0.29668537756239405
0.5790337445223759,0.15098161380731812,0.2514746534162569,0.018509988254049092
0.17321507380586276,0.701748066625972,0.05237463067728474,0.07266222889088035
0.03505290831555818,0.004625124462100483,0.3604901296447273,0.5998318375776139
0.09964010690464374,0.45093921799552944,0.44754637375872025,0.0018743013411066523
0.2398526399289862,0.001098865085439864,0.05717039237240497,0.701878102613169
0.24718612709033594,0.46369263608175565,0.20361119558630597,0.08551004124160241
0.29156251868339084,0.054440376658101794,0.3629016378822547,0.29109546677625275
0.2305301584728962,0.019186969905203393,0.4600522596082961,0.29023061201360434
0.0012386528534743609,0.6143876101554121,0.12770926825651224,0.25666446873460136
0.5670489857827921,0.10007678423902486,0.16042391387924318,0.1724503160989399
0.24446666710041876,0.46201412146743936,0.22504972477782959,0.06846948665431225
0.03660008984628979,0.4367593515278375,0.185515286210135,0.34112527241573776
0.2574440906533101,0.2912644286053201,0.14058933479074562,0.3107021459506243
0.22338290729445284,0.018704406849357754,0.18565554617268373,0.5722571396835057
0.03138357052351288,0.2579577504060214,0.07306482641058938,0.6375938526598764
0.27774390811869254,0.044775532617116,0.6316975938538858,0.045782965410305444
0.3960265927647272,0.054879924670350806,0.41160111016755924,0.13749237239736276
0.11789030614451676,0.6822719367062587,0.15952234915756816,0.040315407991656484
0.3247461605087615,0.10499507630888676,0.33475368433521874,0.23550507884713293
0.13197696080217286,0.3165608146913415,0.03134691656965442,0.5201153079368314
0.00017041491083115087,0.03405328544570554,0.6816547766434479,0.2841215230000154
0.489760743183572,0.47303680862625663,0.03123112195841881,0.005971326231752499
0.11675118058983619,0.00785579268628354,0.38186681892483193,0.4935262077990485
0.5807007489154289,0.011330102422830782,0.28035783788341373,0.12761131077832674
0.28509946729204244,0.4272444635859446,0.2372382181988528,0.050417850923160305
0.30037008897546347,0.24656319372989144,0.24454657670713909,0.20852014058750612
0.22165105520900685,0.30023628063535507,0.3975367698475143,0.08057589430812379
0.44336829412788703,0.2979824120263926,0.24129305011974023,0.017356243725980245
0.11543345570427864,0.018189906588610028,0.4800557769987195,0.38632086070839183
0.6176053172987956,0.2635990364361666,0.07099401678916883,0.0478016294758689
0.2738268586988202,0.031103351203506036,0.5873541259391578,0.10771566415851613
0.04759795782994653,0.16839537774046673,0.13781509349546892,0.6461915709341179
0.5035272623582208,0.2557669951324596,0.06668033468949347,0.17402540781982617
0.02268021731146502,0.5218085296085606,0.08689211352242841,0.3686191395575461
0.1521856902918178,0.25115678968970895,0.09381229159002864,0.5028452284284446
0.14970713575376668,0.1614901689719551,0.3754433300985215,0.3133593651757567
0.6134504316882126,0.15920305170657584,0.19172725750657788,0.03561925909863384
0.23355256159524335,0.0656675618480696,0.525043265742564,0.175736610814123
0.33999821739233455,0.33278442794058494,0.1206458265208255,0.20657152814625496
0.4276650461777252,0.07609423130897039,0.11076393502721774,0.3854767874860866
0.00751418530330886,0.13066984041132962,0.04172670259143424,0.8200892716939274
0.11837964565130835,0.6773036987087413,0.1083168472591324,0.09599980838081794
0.486742755138833,0.31994880437514595,0.11930758410749934,0.07400085637852176
0.048366673890599,0.3397405639328357,0.11403303336781213,0.4978597288087532
0.07358016218115773,0.2492018624275784,0.02854176692627901,0.6486762084649849
0.06025392639004106,0.5023615719886048,0.27032861034884037,0.16705589127251375
0.11014934821773406,0.5727389573509404,0.2673388325831424,0.049772861848183005
0.24388346902018104,0.07646771659878684,0.4875550868970549,0.19209372748397724
0.10972587397327052,0.13631973383862334,0.5009474230241193,0.25300696916398685
0.4224287769609726,0.052998219062481866,0.15647787844518188,0.3680951255313637
0.4979464805717957,0.4173716977234356,0.06604702009963469,0.018634801605133994
0.2341928867034787,0.014366175628244845,0.06239456910266936,0.6890463685656072
0.10074357649558514,0.6187213295016633,0.12051204179506775,0.1600230522076838
0.3057842466274355,0.5773985919100943,0.0800976635736222,0.03671949788884791
0.2893602011098684,0.33341412023373074,0.2627306827949363,0.11449499586146453
0.05893560499743654,0.004791518264423868,0.21359701871259548,0.722675858025544
0.3708718194291681,0.49896938299465515,0.02323195890886111,0.10692683866731556
0.11283317829848753,0.569071333244795,0.2496969340752918,0.06839855438142581
0.04056383876043018,0.3254825719822841,0.3385567518501169,0.2953968374071687
0.3670923430592556,0.44740268435748676,0.12967429965334884,0.05583067292990886
0.7130018871079142,0.1362472217819497,0.12324743267777521,0.027503458432360912
0.3788580595439177,0.2246478184703452,0.2524804904909626,0.14401363149477442
0.038641297358378714,0.5949172147142336,0.24199457286695453,0.12444691506043312
0.28637843289535775,0.03987864647276988,0.5751908044129741,0.09855211621889823
0.48700863855923665,0.09178043084698363,0.3534946672257569,0.06771626336802282
0.009771441931418151,0.5534862185143663,0.08337830303596805,0.35336403651824744
0.2925830431757677,0.1375222121772439,0.09982531843951259,0.4700694262074759
0.2781867464842054,0.03703478638079548,0.25768610935616787,0.4270923577788313
0.04554605847099593,0.21993264785496214,0.4456428791378651,0.28887841453617685
0.163994271077166,0.4433173651067861,0.20711652783953588,0.18557183597651178
0.004775563017767513,0.8326458888427527,0.1327948920598708,0.02978365607960914
0.49752835137678303,0.1781375320557712,0.03936208086613012,0.2849720357013156
0.40380457396941877,0.24705627881685913,0.33087617393758484,0.018262973276137205
0.4244127306651126,0.02734875660118926,0.3727978190406094,0.17544069369308862
0.2186307633610977,0.21612900167851334,0.26750956679391,0.297730668166479
0.27836121529388724,0.09674057055231716,0.2380399496775225,0.3868582644762731
0.37025743837692693,0.05387990090802998,0.49297627992275767,0.08288638079228537
0.08349725526549058,0.014369402781160842,0.3478285842734419,0.5543047576799066
0.06493638862776223,0.2066489083906688,0.15973545150906626,0.5686792514725029
0.5515036418264767,0.14104888607807725,0.11032170947203288,0.1971257626234131
0.1461995440181281,0.2755878651458686,0.26206692151034006,0.3161456693256631
0.11369046837226178,0.29128904093862173,0.36062752944521975,0.2343929612438967
0.23965970126987718,0.053145407273875275,0.6355981821545285,0.0715967093017191
0.6284725258229048,0.09844853978309497,0.1730523415102,0.10002659288380024
0.2895026662568267,0.05496503330574758,0.19018764691061757,0.46534465352680804
0.38602018378109343,0.3900048044180005,0.053121363371202206,0.1708536484297037
0.0021482282679342545,0.4939359779269554,0.2748414690023547,0.22907432480275575
0.02202574342836477,0.6553776110048949,0.11832078926920035,0.20427585629753992
0.39307034967961335,0.469286081643832,0.022429841850409908,0.11521372682614453
0.12843028529866168,0.6248416869229811,0.13273934526487197,0.11398868251348505
0.17307989451117314,0.3473598219918791,0.27743439837324263,0.2021258851237051
0.04661590212720192,0.5383498481966154,0.22722526245587715,0.18780898722030556
0.24974019265626887,0.5552557978790144,0.19296539895051434,0.002038610514202341
0.10965237945318738,0.3843641859680442,0.23137254280206485,0.2746108917767036
0.1563802378149418,0.5007358223622772,0.3354303954320733,0.007453544390707778
0.09027242041991096,0.056824606188653155,0.2169896192319583,0.6359133541594777
0.24044225396798863,0.2795235733446799,0.13633622416581295,0.34369794852151847
0.12310671497608523,0.2696933712568045,0.5353638627092228,0.07183605105788748
0.42070739104131094,0.18113609669121103,0.3333775664818123,0.06477894578566572
0.1641644080797004,0.46346546337023486,0.173276900807288,0.19909322774277668
0.5098462652296505,0.1034047805297411,0.08503033296860847,0.30171862127199994
0.09830314248733173,0.26203410765176666,0.4696431199493479,0.17001962991155375
0.4817637193966061,0.27734933537864725,0.17753281668800439,0.06335412853674219
0.5561638841170541,0.14131480219201226,0.1537427757288962,0.14877853796203752
0.12886464460957475,0.13259032495263062,0.33296915389511184,0.4055758765426828
0.17135457108255062,0.42084182535797304,0.26971435845931324,0.13808924510016302
0.09285793130966481,0.5851409732696242,0.16332201395209264,0.1586790814686183
0.028237269505441823,0.1278477895524792,0.5661285895684163,0.27778635137366264
0.06917283404521221,0.032513973106138544,0.1925290362532477,0.7057841565954014
0.2154653055628052,0.08592982039829385,0.4546718270780692,0.24393304696083173
0.19278291510610363,0.3165456596217324,0.408808926177529,0.08186249909463482
0.00838761116367172,0.307873148568753,0.14774524531250505,0.5359939949550704
0.10037730428888812,0.3711673196014284,0.2920589735266114,0.23639640258307199
0.06898249094879742,0.4471031396579976,0.15588307487455544,0.32803129451864954
0.3577351314713816,0.0620193332555502,0.564226895255582,0.016018640017486235
0.3982000990783322,0.00023161079390264096,0.28995350442463946,0.3116147857031257
0.7020878960097487,0.2676921435321112,0.023700154643693554,0.006519805814446549
0.8079897572892222,0.05133919980737192,0.11787581333711696,0.022795229566288953
0.24387289788552297,0.06217023874525915,0.4097707008605027,0.2841861625087153
0.016221395929821563,0.27094434403803497,0.6707593911748285,0.04207486885731508
0.11187812948212755,0.05226317414756644,0.42751751538157995,0.4083411809887262
0.022899357872520343,0.14686741018319996,0.3652725722600495,0.4649606596842303
0.1476607927763448,0.343065176280328,0.41981260436415435,0.08946142657917272
0.029758736761822936,0.25922442627305453,0.3123954546746811,0.3986213822904414
0.3612220241198913,0.24726536035975716,0.3309083083227137,0.060604307197637874
0.17425814988538912,0.011038459254482077,0.791371164115299,0.023332226744829813
0.33002658597210444,0.24763785894484086,0.36746935257276325,0.0548662025102915
0.1504222626303715,0.34830774178749535,0.20430228915399692,0.29696770642813625
0.09386190635436062,0.0512365948503262,0.7759581529975775,0.07894334579773553
0.1792944964173014,0.34112343920620786,0.32120609890001506,0.15837596547647562
0.47366099531856454,0.021211952113497405,0.504251414618575,0.000875637949363031
0.030477022969183715,0.07865120838912895,0.315834775796133,0.5750369928455543
0.45968784032170673,0.11795426985625586,0.0963013964366556,0.3260564933853817
0.5851277645867934,0.05976445719780848,0.2905146548857434,0.06459312332965479
0.21581692017640675,0.22562970800582444,0.34662329337588754,0.2119300784418813
0.4356073460212075,0.252197257206579,0.09367606338218026,0.21851933339003318
0.3093096897581826,0.12945520056562662,0.2794494823342429,0.28178562734194784
0.25233671310198236,0.17797343091451168,0.5061030611220678,0.06358679486143806
0.6464351357886433,0.04369099666418726,0.14583327800298782,0.16404058954418152
0.4736390423144015,0.1856923886723599,0.2003486810156544,0.140319887997584
0.5661441285783042,0.04381070032893714,0.24205798816523497,0.14798718292752358
0.3156816428637989,0.40360237594998966,0.06027438139384117,0.2204415997923703
0.04428045081683129,0.18355366506107423,0.5237894777666043,0.24837640635549008
0.0856171487875691,0.1137551828949988,0.12014857035490929,0.6804790979625229
0.11766106951317691,0.12811809239829916,0.4896295903159573,0.2645912477725666
0.40029035875809865,0.2057763928853133,0.20612152023666602,0.187811728119922
0.7820305141653865,0.07835357996098576,0.0022324330302736254,0.1373834728433541
0.09271270829426136,0.02337629029456784,0.2014366855114298,0.6824743158997408
0.10078050499842843,0.07545759289054599,0.12391163800733669,0.6998502641036889
0.008408778152698861,0.23383627829141126,0.4352369952456225,0.3225179483102673
0.38180011351189796,0.3573091626898893,0.12270827720766668,0.1381824465905461
0.6431691915516209,0.007941808387830061,0.1148542582662799,0.23403474179426922
0.519438069850369,0.14068954949678283,0.15703534436989106,0.18283703628295725
0.11929657913978552,0.1281813749450807,0.5064134062739601,0.2461086396411736
0.8780379213729358,0.03946229114356705,0.03202967307975262,0.05047011440374448
0.3114296604402592,0.25919616776159493,0.2577819396318511,0.1715922321662948
0.028227978183429377,0.21036326075915496,0.20076089523020216,0.5606478658272133
0.22841098374682794,0.3560864892905209,0.24105102688640423,0.17445150007624688
0.5950766841183083,0.30644468298787786,0.03917853570108819,0.05930009719272587
0.3022279371412266,0.03494535455909431,0.011372466756483492,0.6514542415431955
0.3637779537682493,0.412788879051103,0.1303391324356648,0.09309403474498289
0.30810200545967675,0.03161423520721688,0.45617242293226734,0.20411133640083912
0.19897173401756676,0.34429044268899434,0.433373775482207,0.023364047811231952
0.3853534178879736,0.011257321524859884,0.562645290384353,0.04074397020281358
0.46161918917357403,0.07088249349724535,0.3881826777715872,0.07931563955759333
0.2548651490619391,0.010798672499702875,0.7164969756438659,0.01783920279449206
0.008182746468253559,0.5449364612216513,0.1066977868873651,0.34018300542273
0.49912072803255625,0.2343680043000012,0.213842813126178,0.052668454541264495
0.10389167801531073,0.07540430018472144,0.041891483824092815,0.7788125379758749
0.2599307336465862,0.024446505431656253,0.6999850000527915,0.015637760868965928
0.0858615498955685,0.6671396635260979,0.1987519272679573,0.04824685931037625
0.051931203539644116,0.2989071148225918,0.1406265994170967,0.5085350822206675
0.03874737912172033,0.7557105387187499,0.026845391554110396,0.1786966906054194
0.4952288435906095,0.2532067783852455,0.06440666486374295,0.18715771316040203
0.663464948047782,0.14908726078907575,0.14252050459568025,0.04492728656746208
0.3958708546312548,0.4148720444950906,0.14164617323111142,0.04761092764254305
0.2633117597261822,0.013349306361317377,0.4820192473335802,0.24131968657892033
0.6143132791975762,0.06430470302315151,0.27502663189702015,0.046355385882252166
0.026097067054187316,0.37791134506099894,0.14425774974219155,0.4517338381426222
0.012914354769070177,0.25433489519864283,0.5331197308514125,0.19963101918087445
0.008245786717198968,0.13893276988201522,0.3611034896469105,0.49171795375387534
0.35614295232795196,0.3195260004929481,0.02316362486758862,0.3011674223115112
0.2973930972018523,0.4862804388540479,0.16445312358584566,0.05187334035825417
0.23032211038692524,0.47681454496582787,0.06052560619250575,0.23233773845474112
0.544490415143934,0.27675952906895446,0.16901368450468174,0.009736371282429596
0.19081900828693155,0.18340051892026185,0.5386906116075749,0.08708986118523167
0.06168909375042249,0.23540813688809303,0.5345234214111209,0.16837934795036363
0.36860541878748776,0.4549211829851516,0.04811125371147608,0.1283621445158845
0.48491283005724173,0.14101233233526203,0.31636035794500084,0.0577144796624953
0.07434483196236948,0.020830961777034248,0.6326472312701287,0.2721769749904676
0.00509257506898161,0.5738307240250033,0.1404237029868397,0.28065299791917536
0.28903615874281297,0.09926669491586196,0.5845579898071531,0.02713915653417189
0.11373498426822023,0.4389448826538113,0.0903544846613049,0.3569656484166637
0.6390008776944689,0.16638586923416765,0.18602369205245234,0.008589561018911212
0.5391824972492608,0.06429165359039941,0.20098537131487795,0.19554047784546189
0.7424840131106996,0.16858997043888996,0.027802515828550596,0.061123500621859776
0.5027155435386498,0.31362650563280486,0.18077894971892033,0.002879001109625048
0.0025933161375565226,0.3106783962593131,0.5108487382034204,0.17587954939970996
0.2207576241495271,0.5031678953490151,0.21571210925997808,0.0603623712414798
0.17902002388450133,0.2816836421686596,0.27128886163702326,0.2680074723098159
0.39614680017160725,0.19434980639481167,0.2565058595592885,0.1529975338742924
0.1485113574347627,0.3103664468867233,0.3162947216361859,0.2248274740423281
0.15910724681170962,0.5428538267887946,0.07398638576308718,0.22405254063640864
0.15386987182704134,0.38064304493532936,0.273611812407014,0.1918752708306154
0.67633587294823,0.13258617846377813,0.18715227822880642,0.003925670359185412
0.1061093161509299,0.5478656867628269,0.20993979269251548,0.1360852043937277
0.056853547897665335,0.08220368388857806,0.5065791077851741,0.3543636604285826
0.020993217969788317,0.6829119322886509,0.14681149242060992,0.1492833573209508
0.1370234763622727,0.026154512442055324,0.0993308151183899,0.7374911960772822
0.052698567111419785,0.0016879164320740287,0.8034999497355529,0.14211356672095313
0.6128283678482319,0.12672388358135886,0.014519055593284565,0.24592869297712475
0.05914764085000726,0.7621726789629129,0.09575337762108489,0.08292630256599495
0.242487004509204,0.1711739431896427,0.468477073352387,0.11786197894876624
0.07527986348841141,0.19262630980409645,0.07496855677321784,0.6571252699342743
0.22688978476332122,0.3630412820326224,0.10080983110613669,0.30925910209791985
0.22157973135834108,0.11042299357354061,0.09951363837928616,0.5684836366888321
0.11923138190440115,0.04845863649976413,0.7551400246652257,0.07716995693060896
0.1287517872120468,0.10785859298943075,0.5325972053113489,0.2307924144871735
0.1566363981456747,0.41555099424931,0.061444778026382575,0.3663678295786327
0.2554484399548402,0.09930196130184628,0.46129895964394607,0.18395063909936737
0.210504726111764,0.05968084582552789,0.3457433690185392,0.38407105904416894
0.01038817450010276,0.651032992249942,0.07732868827907134,0.2612501449708839
