ISO3,country,AI_INDEX,LEGAL_WGI_SCORE,PQC,RES_INDEX,AI_OBSERVED,LEGAL_OBSERVED,PQC_OBSERVED,RES_OBSERVED,AI_IMPUTED,LEGAL_IMPUTED,PQC_IMPUTED,RES_IMPUTED,CONFIDENCE_SCORE,CONFIDENCE_TIER,AI_NORM,LEGAL_NORM,PQC_NORM,RES_NORM,QSSI_SCORE,QSSI_RANK,QSSI_TIER,AI_INDEX_N,LEGAL_WGI_SCORE_N,PQC_N,RES_INDEX_N,CONFIDENCE_SCORE_N,AI_NORM_N,LEGAL_NORM_N,PQC_NORM_N,RES_NORM_N,QSSI_SCORE_N,QSSI_RANK_N,CAPABILITY_TRUE,RVI,RANK_FLIP_PROB,STABILITY_SCORE,UNCERTAINTY,SOVEREIGN_STATE_SCORE,REGIME_CLUSTER,REGIME_LABEL
AUS,Australia,0.906168036193777,0.8913983025818323,0.884983007646559,0.5490572416395311,True,True,True,True,False,False,False,False,1.0,A,0.906168036193777,0.9208145048971131,0.884983007646559,0.6254735096915155,0.8336274411720743,7,Gold,0.9061680352876088,0.9208145039239393,0.8849830067615759,0.625473508885704,0.9999999980000001,0.9061680352876088,0.9208145039762986,0.8849830067615759,0.6254735090660419,0.9057138427435956,0.030927835051386972,0.7828654350677577,0.27377688934948563,0.0077,0.6857554595482964,0.2814768893494856,0.999999997416216,1,CORE STABLE POWERS
DEU,Germany,0.89455549229934,0.8678682433117846,0.9203483432455396,0.5402794163871945,True,True,True,True,False,False,False,False,1.0,A,0.89455549229934,0.8959464775918611,0.9203483432455396,0.6141648407745427,0.8311842392131947,8,Gold,0.8945554914047844,0.8959464766449693,0.9203483423251911,0.6141648399833004,0.9999999980000001,0.8945554914047844,0.8959464766959145,0.9203483423251911,0.6141648401603778,0.9027057792595413,0.03608247422661813,0.7808016865846064,0.324845101301429,0.0315,0.6763997939809077,0.35634510130142905,0.9702043959019963,1,CORE STABLE POWERS
DNK,Denmark,0.9129101593157498,0.9663234009914472,0.9027187765505524,0.7176088170442433,True,True,True,True,False,False,False,False,1.0,A,0.9129101593157498,1.0,0.9027187765505524,0.8426222802458929,0.9102083119938362,1,Platinum,0.9129101584028396,0.999999998943138,0.9027187756478335,0.8426222791603238,0.9999999980000001,0.9129101584028396,0.9999999989999999,0.9027187756478335,0.8426222794032706,0.9999999987688029,0.0,0.8469547655797165,0.6567294783851605,0.0097,0.6456758441419828,0.6664294783851605,0.9688252359728885,2,HIGH CAPABILITY VOLATILE POWERS
JPN,Japan,0.8297091768673535,0.8575007215242297,0.8318819031435853,0.5028744758535763,True,True,True,True,False,False,False,False,1.0,A,0.8297091768673535,0.8849894369851297,0.8318819031435853,0.565975217924493,0.7753749207242515,16,Gold,0.8297091760376443,0.884989436049818,0.8318819023117033,0.5659752171953345,0.9999999980000001,0.8297091760376443,0.8849894361001401,0.8318819023117033,0.5659752173585177,0.8339935009288845,0.07731958762846743,0.7396749590872598,0.1554011597216475,0.0493,0.6963721367202097,0.20470115972164749,0.9611096328553826,1,FRAGILE / TRANSITIONAL SYSTEMS
AUT,Austria,0.8154764620245336,0.8328247550093182,0.8584324553950722,0.4541127096524097,True,True,True,True,False,False,False,False,1.0,A,0.8154764620245336,0.8589103437693538,0.8584324553950722,0.503154342146744,0.7568217067466849,21,Gold,0.815476461209057,0.8589103428616041,0.8584324545366396,0.5031543414985191,0.9999999980000001,0.815476461209057,0.8589103429104434,0.8584324545366396,0.5031543416435896,0.8111508352724788,0.10309278350462324,0.7260173470166048,0.1341899174222302,0.0457,0.7000501526813343,0.17988991742223018,0.9491982903274412,1,FRAGILE / TRANSITIONAL SYSTEMS
SGP,Singapore,0.8926495831531893,0.9467529926189896,0.8584324553950722,0.6450186156262884,True,True,True,True,False,False,False,False,1.0,A,0.8926495831531893,0.9793167775654217,0.8584324553950722,0.7491026975641232,0.86554201869884,3,Platinum,0.8926495822605397,0.9793167765304189,0.8584324545366396,0.7491026965990374,0.9999999980000001,0.8926495822605397,0.9793167765861048,0.8584324545366396,0.7491026968150204,0.9450069821905306,0.010309278350462324,0.810392661696903,0.538576610842792,0.0403,0.6532513298764633,0.578876610842792,0.940637885166388,2,CORE STABLE POWERS
NLD,Netherlands,0.9102167307466248,0.905486435430314,0.8230671197960918,0.6180221334971404,True,True,True,True,False,False,False,False,1.0,A,0.9102167307466248,0.9357037182363259,0.8230671197960918,0.7143225248510428,0.8445531740330362,5,Gold,0.910216729836408,0.9357037172474162,0.8230671189730246,0.714322523930765,0.9999999980000001,0.910216729836408,0.9357037173006221,0.8230671189730246,0.7143225241367201,0.9191655747775132,0.020618556700924648,0.7914913008829843,0.4445923502809409,0.0696,0.6593542973692381,0.5141923502809409,0.9327793059674364,2,CORE STABLE POWERS
PRT,Portugal,0.7673731459526376,0.7015072825442665,0.8496176720475787,0.4112874191223301,True,True,True,True,False,False,False,False,1.0,A,0.7673731459526376,0.7201258871116308,0.8496176720475787,0.44798156096738273,0.6986369294618578,32,Silver,0.7673731451852644,0.7201258863505571,0.8496176711979609,0.44798156039023806,0.9999999980000001,0.7673731451852644,0.7201258863915049,0.8496176711979609,0.44798156051940113,0.7395138986523984,0.15979381443216603,0.6790458397729742,0.10196517554933916,0.0626,0.7023868006872246,0.16456517554933917,0.8821505560823966,1,FRAGILE / TRANSITIONAL SYSTEMS
SVN,Slovenia,0.7389614484756891,0.6988159302417848,0.9027187765505524,0.4494852847268657,True,True,True,True,False,False,False,False,1.0,A,0.7389614484756891,0.7172814989280717,0.9027187765505524,0.4971927269497231,0.71512261020339,27,Gold,0.7389614477367276,0.7172814981700041,0.9027187756478335,0.4971927263091786,0.9999999980000001,0.7389614477367276,0.7172814982107901,0.9027187756478335,0.4971927264525303,0.7598110231157068,0.13402061855601022,0.6914673214166674,0.14637550023904275,0.1577,0.6828340603485279,0.30407550023904273,0.8502047409026677,1,FRAGILE / TRANSITIONAL SYSTEMS
BEL,Belgium,0.7715866701521545,0.7950749198037986,0.955819881053526,0.4741843546733551,True,True,True,True,False,False,False,False,1.0,A,0.7715866701521545,0.819013974538588,0.955819881053526,0.5290130920803288,0.7664870392368277,19,Gold,0.7715866693805679,0.8190139736730032,0.955819880097706,0.5290130913987894,0.9999999980000001,0.7715866693805679,0.819013973719574,0.955819880097706,0.5290130915513156,0.8230507658611781,0.09278350515416091,0.7333364998467791,0.2740403898139979,0.2434,0.6590367210253554,0.5174403898139979,0.8415382550804377,2,FRAGILE / TRANSITIONAL SYSTEMS
CYP,Cyprus,0.6912733086887354,0.6576950523475349,0.8672472387425658,0.4598269958805703,True,True,True,True,False,False,False,False,1.0,A,0.6912733086887354,0.6738224025206163,0.8672472387425658,0.510516185108232,0.6865873290734432,33,Silver,0.691273307997462,0.6738224018084791,0.8672472378753185,0.5105161844505226,0.9999999980000001,0.691273307997462,0.6738224018467939,0.8672472378753185,0.5105161845977159,0.7246784640318166,0.16494845360739718,0.6704859254625714,0.11471382189794008,0.1642,0.6860923733152641,0.2789138218979401,0.8267047720055338,1,FRAGILE / TRANSITIONAL SYSTEMS
IRL,Ireland,0.8259901416078436,0.875736521594103,0.7787807986406118,0.7233035359814183,True,True,True,True,False,False,False,False,1.0,A,0.8259901416078436,0.9042621625174443,0.7787807986406118,0.8499589142280498,0.8358344032030074,6,Gold,0.8259901407818534,0.904262161561764,0.778780797861831,0.8499589131330287,0.9999999980000001,0.8259901407818534,0.9042621616131821,0.778780797861831,0.8499589133780908,0.9084310482827513,0.02577319587615581,0.786562569921122,0.6444807986674728,0.21,0.6316343216740421,0.8544807986674727,0.8157285311775003,2,HIGH CAPABILITY VOLATILE POWERS
SWE,Sweden,0.807195928866983,0.908237582907886,0.7610450297366185,0.5811283859477431,True,True,True,True,False,False,False,False,1.0,A,0.807195928866983,0.9386113016728082,0.7610450297366185,0.6667914833745165,0.7868401672724403,14,Gold,0.807195928059787,0.9386113006808255,0.7610450289755734,0.6667914825154742,0.9999999980000001,0.807195928059787,0.9386113007341967,0.7610450289755734,0.666791482707725,0.848109480720052,0.06701030927800511,0.7511279335188181,0.4327105007404694,0.2535,0.6440636805504005,0.6862105007404694,0.8139071072252679,2,HIGH CAPABILITY VOLATILE POWERS
USA,United States of America,1.0,0.7699644775485605,0.8496176720475787,0.6490939635691801,True,True,True,True,False,False,False,False,1.0,A,1.0,0.7924757003896105,0.8496176720475787,0.7543530596165418,0.8594878229939522,4,Platinum,0.9999999989999999,0.792475699552073,0.8496176711979609,0.7543530586446918,0.9999999980000001,0.9999999989999999,0.7924756995971347,0.8496176711979609,0.7543530588621886,0.937553073208916,0.015463917525693486,0.795082713253329,0.6812958456472609,0.2759,0.6250256515412936,0.9571958456472609,0.7972750955852841,2,HIGH CAPABILITY VOLATILE POWERS
ARE,United Arab Emirates,0.7817914268610413,0.7280314666812258,0.840696686491079,0.6142531708339929,True,True,True,True,False,False,False,False,1.0,A,0.7817914268610413,0.748158291441656,0.840696686491079,0.7094668858182855,0.7717099794239848,17,Gold,0.7817914260792498,0.748158290650956,0.8406966856503822,0.7094668849042635,0.9999999980000001,0.7817914260792498,0.7481582906934977,0.8406966856503822,0.7094668851088186,0.829481235351957,0.08247422680369859,0.7338347304520414,0.2872439824030696,0.3832,0.6453458399053495,0.6704439824030696,0.7921655418861232,2,FRAGILE / TRANSITIONAL SYSTEMS
ESP,Spain,0.8851748838237983,0.6889226499688639,0.9027187765505524,0.4507107159205246,True,True,True,True,False,False,False,False,1.0,A,0.8851748838237983,0.7068256661933584,0.9027187765505524,0.49877147740911854,0.757290161875729,20,Gold,0.8851748829386233,0.7068256654463412,0.9027187756478335,0.49877147676654005,0.9999999980000001,0.8851748829386233,0.7068256654865327,0.9027187756478335,0.498771476910347,0.8117275959297279,0.09793814432939207,0.7178770309128905,0.2654794691240442,0.3483,0.6501419800435028,0.6137794691240441,0.7857853362158954,2,FRAGILE / TRANSITIONAL SYSTEMS
ITA,Italy,0.7930010538413984,0.6444358429294295,0.8937977909940527,0.4252730928791866,True,True,True,True,False,False,False,False,1.0,A,0.7930010538413984,0.6598092469194646,0.8937977909940527,0.46599961778105464,0.7098115177300893,29,Gold,0.7930010530483973,0.6598092462221373,0.8937977901002548,0.4659996171806969,0.9999999980000001,0.7930010530483973,0.6598092462596553,0.8937977901002548,0.46599961731505496,0.7532720207744116,0.14432989690647252,0.6838924844505212,0.17950350437392792,0.2773,0.6651732664265473,0.4568035043739279,0.7853105775841582,1,FRAGILE / TRANSITIONAL SYSTEMS
LUX,Luxembourg,0.762188958278292,0.937967768108498,0.7787807986406118,0.6912954714143279,True,True,True,True,False,False,False,False,1.0,A,0.762188958278292,0.9700320069448999,0.7787807986406118,0.8087222075886736,0.819538840429789,9,Gold,0.762188957516103,0.97003200591971,0.778780797861831,0.8087222065467787,0.9999999980000001,0.762188957516103,0.9700320059748678,0.778780797861831,0.8087222067799513,0.8883679965354001,0.041237113401849296,0.7790048221740385,0.656815246218092,0.2613,0.6274622436958529,0.9181152462180919,0.7843362885651066,2,HIGH CAPABILITY VOLATILE POWERS
CAN,Canada,0.8640010094156945,0.8537832796331456,0.9823704333050128,0.4474138939284242,True,True,True,True,False,False,False,False,1.0,A,0.8640010094156945,0.8810606136280698,0.9823704333050128,0.49452410777995737,0.8046360608215648,11,Gold,0.8640010085516934,0.8810606126969102,0.9823704323226423,0.4945241071428509,0.9999999980000001,0.8640010085516934,0.8810606127470091,0.9823704323226423,0.4945241072854332,0.8700197355627525,0.05154639175231162,0.76049804063054,0.4946156666512973,0.353,0.632100385206445,0.8476156666512973,0.7774565285298369,2,HIGH CAPABILITY VOLATILE POWERS
CHE,Switzerland,0.7265760665428697,0.922336409910996,0.796516567544605,0.556696497294005,True,True,True,True,False,False,False,False,1.0,A,0.7265760665428697,0.95351181725849,0.796516567544605,0.6353153338888657,0.7666331587729266,18,Gold,0.7265760658162935,0.9535118162507595,0.7965165667480884,0.6353153330703748,0.9999999980000001,0.7265760658162935,0.953511816304978,0.7965165667480884,0.6353153332535504,0.8232306678292691,0.08762886597892976,0.7395180996196932,0.38101995787272186,0.3818,0.6381336745811425,0.7628199578727218,0.7715179417509386,2,FRAGILE / TRANSITIONAL SYSTEMS
EST,Estonia,0.8512163435893891,0.8336284625831961,0.9823704333050128,0.4236893502131618,True,True,True,True,False,False,False,False,1.0,A,0.8512163435893891,0.85975975182495,0.9823704333050128,0.46395924662477184,0.7888992734242529,12,Gold,0.8512163427381727,0.8597597509163025,0.9823704323226423,0.4639592460270428,0.9999999980000001,0.8512163427381727,0.8597597509651902,0.9823704323226423,0.4639592461608126,0.8506446465103985,0.05670103092754278,0.7474506563299019,0.4579149856948281,0.3712,0.6333725267043193,0.8291149856948281,0.7629958134265173,2,FRAGILE / TRANSITIONAL SYSTEMS
MYS,Malaysia,0.694076623688973,0.6343759533959803,0.7256796941376381,0.3700095659368269,True,True,True,True,False,False,False,False,1.0,A,0.694076623688973,0.6491773311756703,0.7256796941376381,0.3948023779853557,0.6181789713725745,45,Silver,0.6940766229948964,0.6491773304895795,0.7256796934119584,0.394802377476723,0.9999999980000001,0.6940766229948964,0.649177330526493,0.7256796934119584,0.3948023775905533,0.6404542835230279,0.2268041237101711,0.6177027685572962,0.10349893572893666,0.1384,0.6910896610922681,0.24189893572893667,0.7583140296885269,1,FRAGILE / TRANSITIONAL SYSTEMS
ISL,Iceland,0.7126327491624229,0.8667066751187339,0.7875955819881053,0.4998310502301324,True,True,True,True,False,False,False,False,1.0,A,0.7126327491624229,0.8947188602191133,0.7875955819881053,0.56205430451376,0.7301460684180159,25,Gold,0.7126327484497901,0.8947188592735188,0.7875955812005097,0.5620543037896528,0.9999999980000001,0.7126327484497901,0.8947188593243943,0.7875955812005097,0.5620543039517056,0.7783078632542739,0.12371134020554789,0.7105474715545176,0.2583377040674085,0.4173,0.6449210431196651,0.6756377040674085,0.754392774791071,2,FRAGILE / TRANSITIONAL SYSTEMS
FRA,France,0.947399817300537,0.7571854095710073,0.9027187765505524,0.441822938333823,True,True,True,True,False,False,False,False,1.0,A,0.947399817300537,0.7789699880684354,0.9027187765505524,0.48732115443658675,0.787523925550633,13,Gold,0.9473998163531371,0.7789699872451715,0.9027187756478335,0.48732115380876,0.9999999980000001,0.9473998163531371,0.7789699872894654,0.9027187756478335,0.48732115394926556,0.8489513220181387,0.061855670102773944,0.740329677855956,0.39951785879449286,0.4336,0.6330952625304146,0.8331178587944928,0.7507071986014895,2,FRAGILE / TRANSITIONAL SYSTEMS
GRC,Greece,0.713970911747825,0.5675206587019025,0.8584324553950722,0.4584474136236569,True,True,True,True,False,False,False,False,1.0,A,0.713970911747825,0.5785205055862281,0.8584324553950722,0.5087388383806913,0.6716881980855339,36,Silver,0.713970911033854,0.5785205049748118,0.8584324545366396,0.5087388377252717,0.9999999980000001,0.713970911033854,0.5785205050077076,0.8584324545366396,0.5087388378719525,0.7063346952303939,0.18041237113309067,0.6550974982803833,0.14616714986928434,0.2933,0.667011983280657,0.43946714986928437,0.7465751580957862,1,FRAGILE / TRANSITIONAL SYSTEMS
SAU,Saudi Arabia,0.8473691074935811,0.6354236916438878,0.7875955819881053,0.4748710573334173,True,True,True,True,False,False,False,False,1.0,A,0.8473691074935811,0.6502846459962024,0.7875955819881053,0.5298977865010772,0.7136410035696105,28,Gold,0.8473691066462119,0.6502846453089411,0.7875955812005097,0.5298977858183981,0.9999999980000001,0.8473691066462119,0.6502846453459177,0.7875955812005097,0.5298977859711794,0.7579868731322775,0.13917525773124137,0.6843142151819454,0.1982867937570191,0.3895,0.6524458076781514,0.5877867937570191,0.7422556219505142,2,FRAGILE / TRANSITIONAL SYSTEMS
NOR,Norway,0.890230870661846,0.9247920136946012,0.796516567544605,0.7897549500073996,True,True,True,True,False,False,False,False,1.0,A,0.890230870661846,0.956107051772808,0.796516567544605,0.9355697595891448,0.891312253336553,2,Platinum,0.8902308697716151,0.9561070507623347,0.7965165667480884,0.9355697583838293,0.9999999980000001,0.8902308697716151,0.9561070508167009,0.7965165667480884,0.935569758653575,0.9767352236924166,0.005154639175231162,0.8307943956839541,1.16275024286795,0.1651,0.6057735865364192,1.32785024286795,0.741945818632883,2,HIGH CAPABILITY VOLATILE POWERS
LTU,Lithuania,0.774994360523512,0.7764022725384304,0.9646346644010196,0.3767825358870458,True,True,True,True,False,False,False,False,1.0,A,0.774994360523512,0.7992795617720376,0.9646346644010196,0.40352814690303185,0.734394923337474,24,Gold,0.7749943597485176,0.7992795609273095,0.9646346634363849,0.40352814638315754,0.9999999980000001,0.7749943597485176,0.799279560972758,0.9646346634363849,0.4035281464995037,0.7835390416616976,0.11855670103031672,0.7079062910767772,0.34725959532981215,0.4007,0.6392465840262693,0.7479595953298122,0.7272133444254283,2,FRAGILE / TRANSITIONAL SYSTEMS
LVA,Latvia,0.6839439135939636,0.7128040076102724,0.8672472387425658,0.3520303797343967,True,True,True,True,False,False,False,False,1.0,A,0.6839439135939636,0.7320649674249117,0.8672472387425658,0.3716393896237721,0.6613178246547559,37,Silver,0.6839439129100195,0.73206496665122,0.8672472378753185,0.37163938914498074,0.9999999980000001,0.6839439129100195,0.7320649666928466,0.8672472378753185,0.37163938925213263,0.6935667201885621,0.18556701030832182,0.6535386128917037,0.1968748027311501,0.3126,0.6598177316469706,0.5094748027311501,0.7204934822474842,2,FRAGILE / TRANSITIONAL SYSTEMS
RWA,Rwanda,0.5764678672268,0.5707738424204216,0.6460280373831776,0.4160237011195762,True,True,True,True,False,False,False,False,1.0,A,0.5764678672268,0.5819586720869014,0.6460280373831776,0.45408341916853767,0.564359958723349,58,Silver,0.5764678666503321,0.5819586714718513,0.6460280367371495,0.45408341858353185,0.9999999980000001,0.5764678666503321,0.5819586715049427,0.6460280367371495,0.45408341871445423,0.5741924642290446,0.2938144329881762,0.5804620802060876,0.060374094893084165,0.146,0.6961286928052658,0.20637409489308417,0.7136656770322646,1,STABLE MEDIUM SYSTEMS
FIN,Finland,0.8135522384731969,0.9584398153347,0.9734494477485132,0.43820065135753,True,True,True,True,False,False,False,False,1.0,A,0.8135522384731969,0.991668137290889,0.9734494477485132,0.4826544809770922,0.8064252811815382,10,Gold,0.8135522376596446,0.9916681362428326,0.9734494467750636,0.48265448035527764,0.9999999980000001,0.8135522376596446,0.9916681362992208,0.9734494467750636,0.48265448049443765,0.8722226187137755,0.046391752577080454,0.7673875428683672,0.6349105013663668,0.503,0.6148502275725675,1.1379105013663668,0.6997600037081725,2,HIGH CAPABILITY VOLATILE POWERS
GBR,"United Kingdom of Great
Britain and Northern Ireland",0.9240477396822298,0.8121727144061772,0.8053313508920986,0.3746771689064801,True,True,True,True,False,False,False,False,1.0,A,0.9240477396822298,0.8370839852492189,0.8053313508920986,0.4008157554566874,0.7461678955417093,22,Gold,0.9240477387581819,0.8370839843645367,0.8053313500867672,0.4008157549403075,0.9999999980000001,0.9240477387581819,0.8370839844121348,0.8053313500867672,0.40081575505587164,0.7980338924281832,0.1082474226798544,0.7128035426882533,0.37948666155214605,0.4938,0.6303738877508727,0.8732866615521461,0.6955460638534572,2,FRAGILE / TRANSITIONAL SYSTEMS
CZE,Czechia,0.7541098835777815,0.7569119935642942,1.0,0.3450915684313845,True,True,True,True,False,False,False,False,1.0,A,0.7541098835777815,0.7786810250597748,1.0,0.3626999635760474,0.7226441609793013,26,Gold,0.7541098828236715,0.7786810242368163,0.9999999989999999,0.3626999631087729,0.9999999980000001,0.7541098828236715,0.7786810242810936,0.9999999989999999,0.3626999632133474,0.7690715355961624,0.12886597938077904,0.6989926592240286,0.4216502910624806,0.5152,0.6262826832369236,0.9368502910624805,0.6545407561356938,2,FRAGILE / TRANSITIONAL SYSTEMS
CHL,Chile,0.6894589715685118,0.698529211303743,0.8584324553950722,0.3056448142298205,True,True,True,True,False,False,False,False,1.0,A,0.6894589715685118,0.7169784765557808,0.8584324553950722,0.3118798264360484,0.6428114572394898,40,Silver,0.6894589708790527,0.7169784757980334,0.8584324545366396,0.3118798260342467,0.9999999980000001,0.6894589708790527,0.7169784758388023,0.8584324545366396,0.31187982612416854,0.6707817318898949,0.20103092783401533,0.6386647374864133,0.27486943057129115,0.3798,0.6466509590701046,0.6546694305712912,0.649713771770752,2,FRAGILE / TRANSITIONAL SYSTEMS
BHR,Bahrain,0.6466986177833073,0.6083831998322443,0.6017417162276976,0.4328446736044962,True,True,True,True,False,False,False,False,1.0,A,0.6466986177833073,0.6217065756648891,0.6017417162276976,0.4757542548510813,0.5877248932376646,49,Silver,0.6466986171366086,0.621706575007831,0.6017417156259558,0.4757542542381565,0.9999999980000001,0.6466986171366086,0.6217065750431825,0.6017417156259558,0.47575425437532703,0.6029593068817334,0.24742268041109577,0.5947440281347687,0.12012369922469307,0.3501,0.6637763268689825,0.4702236992246931,0.6425560647472969,1,STABLE MEDIUM SYSTEMS
URY,Uruguay,0.6743093254595549,0.7147129937076987,0.8141461342395921,0.3008470431696006,True,True,True,True,False,False,False,False,1.0,A,0.6743093254595549,0.7340825024362482,0.8141461342395921,0.30569875049756157,0.6290705193094046,44,Silver,0.6743093247852455,0.7340825016604242,0.814146133425446,0.305698750103723,0.9999999980000001,0.6743093247852455,0.7340825017021656,0.814146133425446,0.30569875019186277,0.6538639271730472,0.22164948453493996,0.630180620889777,0.27263292763785985,0.4286,0.6428622672932337,0.7012329276378598,0.6215933478333493,2,FRAGILE / TRANSITIONAL SYSTEMS
NZL,New Zealand,0.7427354269507555,0.9170317897565512,0.6460280373831776,0.4102926180501374,True,True,True,True,False,False,False,False,1.0,A,0.7427354269507555,0.9479055653859058,0.6460280373831776,0.4466999364601414,0.6855837346232376,34,Silver,0.7427354262080199,0.9479055643841003,0.6460280367371495,0.44669993588464785,0.9999999980000001,0.7427354262080199,0.9479055644380001,0.6460280367371495,0.44669993601344143,0.7234428413247002,0.17010309278262833,0.6782076235198051,0.3344738553981016,0.6699,0.622202889643931,1.0043738553981016,0.601709310488918,2,FRAGILE / TRANSITIONAL SYSTEMS
PAN,Panama,0.3780987882333529,0.4550758091891383,0.5751911639762107,0.3411463829258876,True,True,True,True,False,False,False,False,1.0,A,0.3780987882333529,0.4596818084148246,0.5751911639762107,0.35761729270767617,0.43856811232394255,101,Bronze,0.3780987878552541,0.4596818079290043,0.5751911634010195,0.3576172922469498,0.9999999980000001,0.3780987878552541,0.45968180795514274,0.5751911634010195,0.35761729235005885,0.41931789138802933,0.5154639175231162,0.4978145372640771,0.05005848272101004,0.1349,0.6992883669640725,0.18495848272101004,0.5935221486357977,1,STABLE MEDIUM SYSTEMS
POL,Poland,0.8372766592295362,0.651838110314837,0.9380841121495328,0.3102924411351294,True,True,True,True,False,False,False,False,1.0,A,0.8372766592295362,0.6676324226007692,0.9380841121495328,0.31786746829617346,0.6986973774004412,31,Silver,0.8372766583922595,0.6676324218951738,0.9380841112114486,0.31786746788665765,0.9999999980000001,0.8372766583922595,0.6676324219331367,0.9380841112114486,0.31786746797830595,0.73958832198694,0.15463917525693485,0.6741771649222332,0.4135773011309438,0.6009,0.621614518108923,1.0144773011309438,0.5923944305676659,2,FRAGILE / TRANSITIONAL SYSTEMS
IND,India,0.7804532642756392,0.4908191446875781,0.7610450297366185,0.5379361059928162,True,True,True,True,False,False,False,False,1.0,A,0.7804532642756392,0.497457584198248,0.7610450297366185,0.611145901497679,0.6766752289309157,35,Silver,0.7804532634951858,0.4974575836725039,0.7610450289755734,0.611145900710326,0.9999999980000001,0.7804532634951858,0.49745758370079035,0.7610450289755734,0.6111459008865331,0.7124747137930526,0.1752577319578595,0.6534487270602349,0.3018696723700417,0.6232,0.6270218894539094,0.9250696723700417,0.5875521910410398,2,FRAGILE / TRANSITIONAL SYSTEMS
OMN,Oman,0.6513333733020896,0.6219728920815022,0.5751911639762107,0.435304029798536,True,True,True,True,False,False,False,False,1.0,A,0.6513333733020896,0.6360690060372896,0.5751911639762107,0.47892269853135383,0.5861422788249759,50,Silver,0.6513333726507562,0.6360690053650524,0.5751911634010195,0.478922697914347,0.9999999980000001,0.6513333726507562,0.6360690054012205,0.5751911634010195,0.4789226980524311,0.6010107964007046,0.25257731958632695,0.5942382357112395,0.1781626763401984,0.4695,0.6472379714866863,0.6476626763401984,0.583106091683195,2,STABLE MEDIUM SYSTEMS
MLT,Malta,0.7284453468786497,0.6159298724988426,0.5751911639762107,0.4503893289071978,True,True,True,True,False,False,False,False,1.0,A,0.7284453468786497,0.6296823678115607,0.5751911639762107,0.4983574273200079,0.6128572254499617,46,Silver,0.7284453461502043,0.6296823671460733,0.5751911634010195,0.4983574266779629,0.9999999980000001,0.7284453461502043,0.6296823671818783,0.5751911634010195,0.4983574268216504,0.6339021646844499,0.2319587628854023,0.611746684772715,0.2114132723011927,0.5244,0.6401692546573693,0.7358132723011926,0.5819935008807838,2,FRAGILE / TRANSITIONAL SYSTEMS
GHA,Ghana,0.5177079893507044,0.4831825899719507,0.6282922684791844,0.3350681388628944,True,True,True,True,False,False,False,False,1.0,A,0.5177079893507044,0.48938679912258043,0.6282922684791844,0.3497865547140429,0.4977094624280342,84,Bronze,0.5177079888329964,0.4893867986053661,0.6282922678508921,0.34978655426340505,0.9999999980000001,0.5177079888329964,0.48938679863319356,0.6282922678508921,0.3497865543642563,0.49213255781346266,0.42783505154418644,0.5354831660537861,0.07375633806450553,0.3075,0.6734825247572378,0.38125633806450554,0.581196566901253,1,STABLE MEDIUM SYSTEMS
ROU,Romania,0.6618152681024874,0.5630706906556661,0.9380841121495328,0.3381785657104029,True,True,True,True,False,False,False,False,1.0,A,0.6618152681024874,0.5738175031155895,0.9380841121495328,0.353793787302727,0.636277555916929,42,Silver,0.6618152674406721,0.5738175025091435,0.9380841112114486,0.35379378684692653,0.9999999980000001,0.6618152674406721,0.573817502541772,0.9380841112114486,0.35379378694893315,0.6627372106805957,0.21134020618447763,0.62991806827419,0.2627684059228741,0.5982,0.6311968243086065,0.860968405922874,0.5708718295237666,2,FRAGILE / TRANSITIONAL SYSTEMS
HRV,Croatia,0.535914930118766,0.5810184233716522,0.8318819031435853,0.3765200018275658,True,True,True,True,False,False,False,False,1.0,A,0.535914930118766,0.5927857811860427,0.8318819031435853,0.4031899183928097,0.5880995906569371,48,Silver,0.535914929582851,0.5927857805595499,0.8318819023117033,0.4031899178733711,0.9999999980000001,0.535914929582851,0.5927857805932569,0.8318819023117033,0.4031899179896198,0.6034206333064223,0.24226804123586462,0.5975667030315631,0.15833771530080343,0.5516,0.6421749565099155,0.7099377153008034,0.5682510705863383,2,STABLE MEDIUM SYSTEMS
KOR,Republic of Korea,0.9183507486626918,0.7523304073788578,0.615016992353441,0.5588750506231096,True,True,False,True,False,False,True,False,0.75,B,0.9183507486626918,0.7738389203692086,0.615016992353441,0.638122012947583,0.7435577599979053,23,Gold,0.918350747744341,0.7738389195513676,0.615016991738424,0.6381220121254761,0.49999999900000003,0.918350747744341,0.7738389195953697,0.615016991738424,0.6381220123094609,0.7948203007767796,0.11340206185508556,0.6635345185617335,0.4650521834399279,0.6108,0.6181562748104628,1.075852183439928,0.5573569023322996,0,FRAGILE / TRANSITIONAL SYSTEMS
HUN,Hungary,0.7380445172095522,0.555070976174037,0.9468988954970264,0.3087459909887522,True,True,True,True,False,False,False,False,1.0,A,0.7380445172095522,0.565362908255448,0.9468988954970264,0.3158751419283948,0.6501794461703106,38,Silver,0.7380445164715076,0.5653629076579374,0.9468988945501274,0.3158751415214458,0.9999999980000001,0.7380445164715076,0.565362907690085,0.9468988945501274,0.3158751416125196,0.6798531794520447,0.190721649483553,0.6366307043146233,0.3501935399897059,0.6034,0.6252464318214511,0.953593539989706,0.5527335385958253,2,FRAGILE / TRANSITIONAL SYSTEMS
JOR,Jordan,0.6523785054045246,0.5474503285051612,0.9468988954970264,0.3433287020041328,True,True,True,True,False,False,False,False,1.0,A,0.6523785054045246,0.5573089347342446,0.9468988954970264,0.3604288232653731,0.6340072682588062,43,Silver,0.652378504752146,0.557308934145246,0.9468988945501274,0.36042882280102456,0.9999999980000001,0.652378504752146,0.5573089341769356,0.9468988945501274,0.36042882290494427,0.6599420388046571,0.2164948453597088,0.6282242904360966,0.27336990128641825,0.6492,0.6271798324680217,0.9225699012864182,0.5492158091572434,2,FRAGILE / TRANSITIONAL SYSTEMS
AZE,Azerbaijan,0.5773847984929369,0.4373378402041625,0.7610450297366185,0.3885216544056938,True,True,True,True,False,False,False,False,1.0,A,0.5773847984929369,0.4409352216767454,0.7610450297366185,0.4186519162750817,0.5563267203861552,62,Silver,0.5773847979155521,0.44093522121073775,0.7610450289755734,0.4186519157357231,0.9999999980000001,0.5773847979155521,0.4409352212358102,0.7610450289755734,0.41865191585642975,0.5643019634405225,0.3144329896891009,0.5704335344500522,0.1604974475860705,0.5461,0.6424379368434691,0.7065974475860706,0.5272542224519315,2,STABLE MEDIUM SYSTEMS
CHN,China,0.8760530990345821,0.5099983935756449,0.6903143585386576,0.8089251899969584,True,True,True,True,False,False,False,False,1.0,A,0.8760530990345821,0.5177274050078283,0.6903143585386576,0.9602672092271544,0.7790068026533933,15,Gold,0.8760530981585289,0.5177274044606618,0.6903143578483433,0.9602672079900206,0.9999999980000001,0.8760530981585289,0.5177274044901009,0.6903143578483433,0.960267208266887,0.8384650638996582,0.07216494845323626,0.7272140134158462,0.7056666691996617,0.8102,0.5980814141478675,1.5158666691996618,0.5268263695667588,0,FRAGILE / TRANSITIONAL SYSTEMS
ISR,Israel,0.8330814494352046,0.7102983445158382,0.615016992353441,0.3721529253472198,True,True,False,True,False,False,True,False,0.75,B,0.8330814494352046,0.7294168271233924,0.615016992353441,0.3975637159301683,0.6489529773261422,39,Silver,0.8330814486021231,0.7294168263524994,0.615016991738424,0.3975637154179781,0.49999999900000003,0.8330814486021231,0.7294168263939755,0.615016991738424,0.39756371553260456,0.6783431544084476,0.19587628865878415,0.5931252187677621,0.2708322692119875,0.6121,0.629736496491669,0.8829322692119874,0.5070260271989621,2,STABLE MEDIUM SYSTEMS
KAZ,Kazakhstan,0.6431786189671082,0.477791166390182,0.7699660152931181,0.3253715210516041,True,True,True,True,False,False,False,False,1.0,A,0.6431786189671082,0.4836888079995291,0.7699660152931181,0.337294184760208,0.5665063973033697,57,Silver,0.6431786183239295,0.48368880748833676,0.769966014523152,0.3372941843256644,0.9999999980000001,0.6431786183239295,0.48368880751584026,0.769966014523152,0.3372941844229138,0.5768351534630882,0.28865979381294504,0.575795472247541,0.18625040164829626,0.6217,0.6348574171504008,0.8079504016482963,0.5035033350987209,2,STABLE MEDIUM SYSTEMS
GEO,Georgia,0.4260787474964091,0.5884643755050036,0.637213254035684,0.4096519846418876,True,True,True,True,False,False,False,False,1.0,A,0.4260787474964091,0.6006551256207797,0.637213254035684,0.4458745940885648,0.5187266114041409,73,Bronze,0.42607874707033033,0.6006551249859702,0.6372132533984707,0.44587459351413455,0.9999999980000001,0.42607874707033033,0.6006551250201245,0.6372132533984707,0.44587459364269016,0.5180088134149216,0.37113402061664363,0.5553442063756443,0.13263154388334106,0.586,0.641494885147638,0.718631543883341,0.5000213417564869,2,STABLE MEDIUM SYSTEMS
SRB,Serbia,0.733904250630777,0.4595242202315567,0.8141461342395921,0.3302184100881404,True,True,True,True,False,False,False,False,1.0,A,0.733904250630777,0.4643831653471746,0.8141461342395921,0.3435385404879441,0.6024690769405521,47,Silver,0.7339042498968728,0.46438316485638564,0.814146133425446,0.34353854004535567,0.9999999980000001,0.7339042498968728,0.4643831648827914,0.814146133425446,0.3435385401444055,0.6211123050150441,0.23711340206063344,0.5972881710590231,0.25309651529595045,0.6827,0.6263484627506839,0.9357965152959504,0.4971945657728967,0,STABLE MEDIUM SYSTEMS
MUS,Mauritius,0.5849327554430694,0.6498424329697279,0.5486406117247239,0.3852061364022879,True,True,True,True,False,False,False,False,1.0,A,0.5849327554430694,0.6655232668973741,0.5486406117247239,0.4143804601557201,0.5493397479825067,64,Bronze,0.5849327548581367,0.6655232661940078,0.5486406111760832,0.4143804596218645,0.9999999980000001,0.5849327548581367,0.6655232662318508,0.5486406111760832,0.41438045974133964,0.5556996223712042,0.3247422680395632,0.573399642933479,0.20685297201505873,0.6477,0.631629438959386,0.8545529720150588,0.4852459354696726,2,STABLE MEDIUM SYSTEMS
BGR,Bulgaria,0.6442237510695432,0.4970729169664213,0.8141461342395921,0.2941393556945477,True,True,True,True,False,False,False,False,1.0,A,0.6442237510695432,0.5040669589561376,0.8141461342395921,0.2970570864551262,0.57188132228577,56,Silver,0.6442237504253194,0.5040669584234084,0.814146133425446,0.2970570860724209,0.9999999980000001,0.6442237504253194,0.5040669584520706,0.814146133425446,0.2970570861580691,0.5834527462127697,0.2835051546377139,0.5805405232416349,0.2464279402103115,0.7013,0.6256075613438666,0.9477279402103116,0.467574063033717,0,STABLE MEDIUM SYSTEMS
SVK,Slovakia,0.5020638543017402,0.593893184063106,0.9380841121495328,0.3042331034359483,True,True,True,True,False,False,False,False,1.0,A,0.5020638543017402,0.6063926275075568,0.9380841121495328,0.31006108779458735,0.5839339817780634,51,Silver,0.5020638537996762,0.6063926268666835,0.9380841112114486,0.3100610873951287,0.9999999980000001,0.5020638537996762,0.6063926269011641,0.9380841112114486,0.31006108748452627,0.598291947193573,0.2577319587615581,0.5972024784204439,0.3028146793780034,0.7852,0.6174937221455561,1.0880146793780034,0.4508682140425085,0,STABLE MEDIUM SYSTEMS
CIV,Côte D'Ivoire,0.4542193619161699,0.4148371387851765,0.615016992353441,0.3531535453598511,True,True,False,True,False,False,True,False,0.75,B,0.4542193619161699,0.4171550836476442,0.615016992353441,0.37308638906065505,0.4667226706579038,92,Bronze,0.4542193614619505,0.4171550832067688,0.615016991738424,0.37308638857999954,0.49999999900000003,0.4542193614619505,0.41715508323048905,0.615016991738424,0.37308638868756866,0.4539817056201119,0.46907216494603576,0.4674554108792476,0.07735487650575405,0.3997,0.663073919599944,0.47705487650575407,0.44291480786399184,1,STABLE MEDIUM SYSTEMS
MNE,Montenegro,0.4093138007105392,0.5286793346803573,0.7875955819881053,0.3333746476230859,True,True,True,True,False,False,False,False,1.0,A,0.4093138007105392,0.5374705832186518,0.7875955819881053,0.3476047920115227,0.5140883503567991,77,Bronze,0.40931380030122533,0.5374705826506195,0.7875955812005097,0.34760479156369567,0.9999999980000001,0.40931380030122533,0.5374705826811812,0.7875955812005097,0.3476047916639179,0.5122981992615104,0.3917525773175683,0.5516382078310875,0.1874280418962326,0.7281,0.6276268272413867,0.9155280418962326,0.4326526226355033,0,STABLE MEDIUM SYSTEMS
DOM,Dominican Republic,0.49687845562053,0.4837470816098899,0.7787807986406118,0.2916710080424913,True,True,True,True,False,False,False,False,1.0,A,0.49687845562053,0.4899833889273383,0.7787807986406118,0.29387705887806065,0.5152246788512947,75,Bronze,0.49687845512365153,0.48998338840949346,0.778780797861831,0.2938770584994522,0.9999999980000001,0.49687845512365153,0.48998338843735484,0.778780797861831,0.29387705858418356,0.5136972437562807,0.381443298967106,0.5467436309658942,0.20282058656506044,0.6922,0.628946222844438,0.8950205865650604,0.43138609852255644,0,STABLE MEDIUM SYSTEMS
BEN,Benin,0.4745324592805576,0.4278812747746087,0.5841121495327103,0.4796786347655915,True,True,True,True,False,False,False,False,1.0,A,0.4745324592805576,0.4309409362983232,0.5841121495327103,0.5360914962082391,0.5085988364790692,78,Bronze,0.47453245880602507,0.43094093584287807,0.5841121489485981,0.5360914955175805,0.9999999980000001,0.47453245880602507,0.43094093586738225,0.5841121489485981,0.5360914956721476,0.5055395249813127,0.3969072164927995,0.5412546198075769,0.1937165203620512,0.6941,0.6294160536055347,0.8878165203620513,0.4251022047090867,0,STABLE MEDIUM SYSTEMS
ARG,Argentina,0.7006343917522271,0.4557897315810742,0.5751911639762107,0.3486768488372286,True,True,True,True,False,False,False,False,1.0,A,0.7006343917522271,0.46043632591657574,0.5751911639762107,0.3673189606417964,0.537905113863485,68,Bronze,0.7006343910515926,0.46043632542995805,0.5751911634010195,0.3673189601685712,0.9999999980000001,0.7006343910515926,0.4604363254561394,0.5751911634010195,0.3673189602744774,0.5416213325180301,0.34536082474048785,0.5540130759538989,0.21168696036167206,0.756,0.6243869787481245,0.967686960361672,0.420346252372239,0,STABLE MEDIUM SYSTEMS
TWN,Taiwan,0.7590376695795309,0.7989545033084358,0.615016992353441,0.3540554781011742,True,True,False,False,False,False,True,True,0.5,C,0.7590376695795309,0.8231141592180687,0.615016992353441,0.3742483692167633,0.6396504731100241,41,Silver,0.7590376688204932,0.8231141583481506,0.615016991738424,0.37424836873461076,0.0,0.7590376688204932,0.8231141583949545,0.615016991738424,0.3742483688425149,0.666889936985686,0.20618556700924648,0.5469008981302724,0.2916898734478491,0.6519,0.6258635578041731,0.9435898734478492,0.41669116892184555,0,STABLE MEDIUM SYSTEMS
THA,Thailand,0.7226189440159491,0.4707354303628075,0.5486406117247239,0.3676399120567997,True,True,True,True,False,False,False,False,1.0,A,0.7226189440159491,0.47623186816892055,0.5486406117247239,0.3917494998057731,0.5471295847211931,65,Bronze,0.7226189432933301,0.47623186766560915,0.5486406111760832,0.3917494993010735,0.9999999980000001,0.7226189432933301,0.47623186769268866,0.5486406111760832,0.3917494994140236,0.5529784754860713,0.32989690721479437,0.560123383973917,0.24977168258342844,0.7692,0.6213545672471228,1.0189716825834285,0.4142174889075001,0,STABLE MEDIUM SYSTEMS
VNM,Viet Nam,0.6580034498101853,0.4389350895634804,0.615016992353441,0.5087219436836803,True,True,False,True,False,False,True,False,0.75,B,0.6580034498101853,0.44262329395165784,0.615016992353441,0.5735086417273527,0.5830571022535855,52,Silver,0.6580034491521818,0.4426232934838661,0.615016991738424,0.5735086409884887,0.49999999900000003,0.6580034491521818,0.4426232935090345,0.615016991738424,0.573508641153844,0.5972123355520097,0.26288659793678926,0.5398548803095676,0.25135541178479737,0.67,0.6272567060710977,0.9213554117847974,0.4125927191098148,0,STABLE MEDIUM SYSTEMS
TZA,United Republic of Tanzania,0.4235684629791386,0.3969959946847765,0.5663763806287171,0.4301304345813827,True,True,True,True,False,False,False,False,1.0,A,0.4235684629791386,0.39829945504281306,0.5663763806287171,0.4722574399121251,0.46638888503751474,93,Bronze,0.42356846255557007,0.39829945462186545,0.5663763800623407,0.4722574393037053,0.9999999980000001,0.42356846255557007,0.39829945464451355,0.5663763800623407,0.47225743943986764,0.4535707496888818,0.4742268041212669,0.5135273659141748,0.14571126268666412,0.6458,0.6360331634101057,0.7915112626866642,0.41212981736362025,3,STABLE MEDIUM SYSTEMS
LIE,Liechtenstein,0.3973887009210851,0.883351736046467,0.615016992353441,0.8397659102225049,True,True,False,True,False,False,True,False,0.75,B,0.3973887009210851,0.9123103938781617,0.615016992353441,1.0,0.7054329371403181,30,Gold,0.39738870052369635,0.9123103929139755,0.615016991738424,0.9999999987116777,0.49999999900000003,0.39738870052369635,0.9123103929658513,0.615016991738424,0.9999999989999999,0.747881124481041,0.1494845360817037,0.6587998025162263,0.7568829406454858,0.8402,0.5950898921792467,1.5970829406454858,0.3974624843779514,0,FRAGILE / TRANSITIONAL SYSTEMS
AND,Andorra,0.4134003350806227,0.7753004172964071,0.615016992353441,0.4835957194033282,True,True,False,True,False,False,True,False,0.75,B,0.4134003350806227,0.7981150527527191,0.615016992353441,0.5411379640991478,0.5726818501878779,55,Silver,0.4134003346672223,0.7981150519092216,0.615016991738424,0.5411379634019877,0.49999999900000003,0.4134003346672223,0.798115051954604,0.615016991738424,0.5411379635580098,0.5844383539483664,0.27835051546248274,0.5543754138223604,0.3180775185430337,0.7705,0.6174632377307373,1.0885775185430338,0.3843056311052087,0,STABLE MEDIUM SYSTEMS
TUR,Türkiye,0.6721103858304366,0.3942686577959002,0.615016992353441,0.4224016387816302,True,True,False,True,False,False,True,False,0.75,B,0.6721103858304366,0.3954170361145475,0.615016992353441,0.46230025913969797,0.5500458358453253,63,Silver,0.6721103851583261,0.3954170356966462,0.615016991738424,0.4623002585441062,0.49999999900000003,0.6721103851583261,0.3954170357191304,0.615016991738424,0.46230025867739766,0.5565689557920288,0.31958762886433206,0.5150769023715583,0.22039201938095052,0.6848,0.6282885084758679,0.9051920193809505,0.37915621250506093,0,STABLE MEDIUM SYSTEMS
SLV,El Salvador,0.3990931516101961,0.3969775670809071,0.615016992353441,0.3408857799468186,True,True,False,True,False,False,True,False,0.75,B,0.3990931516101961,0.39827997960711886,0.615016992353441,0.3572815520516084,0.4424585775057449,99,Bronze,0.3990931512111029,0.39827997918619185,0.615016991738424,0.3572815515913146,0.49999999900000003,0.3990931512111029,0.39827997920883884,0.615016991738424,0.3572815516943268,0.4241078213431979,0.5051546391726539,0.4516914370086889,0.07801905568620875,0.5178,0.6517266260759953,0.5958190556862087,0.37899460310552635,3,STABLE MEDIUM SYSTEMS
QAT,Qatar,0.6568301168714523,0.6930377838391899,0.3893372982158029,0.4902462445082824,True,True,True,True,False,False,False,False,1.0,A,0.6568301168714523,0.7111747951214908,0.3893372982158029,0.5497059845796106,0.5740448147845872,54,Silver,0.6568301162146222,0.7111747943698772,0.38933729782646553,0.5497059838714121,0.9999999980000001,0.6568301162146222,0.711174794410316,0.38933729782646553,0.5497059840299046,0.5861164321843958,0.27319587628725156,0.5884916992032121,0.4731758867963662,0.8142,0.6075873986380913,1.2873758867963663,0.3781747839113833,0,STABLE MEDIUM SYSTEMS
BRN,Brunei Darussalam,0.4113295962878027,0.6961439584307305,0.615016992353441,0.4922194845494351,True,True,False,True,False,False,True,False,0.75,B,0.4113295962878027,0.7144575932509303,0.615016992353441,0.5522481539299482,0.5581066841073742,60,Silver,0.41132959587647305,0.7144575924958472,0.615016991738424,0.5522481532184745,0.49999999900000003,0.41132959587647305,0.7144575925364727,0.615016991738424,0.5522481533777,0.5664934498435523,0.3041237113386386,0.541520166094589,0.27614934084585435,0.7775,0.6193848497447163,1.0536493408458543,0.3748907172246467,0,STABLE MEDIUM SYSTEMS
ALB,Albania,0.4463222202606491,0.4876508458624123,0.955819881053526,0.2701885519067149,True,True,True,True,False,False,False,False,1.0,A,0.4463222202606491,0.49410912932224543,0.955819881053526,0.2662007293796787,0.5382236445509451,67,Bronze,0.44632221981432685,0.4941091288000402,0.955819880097706,0.26620072903672637,0.9999999980000001,0.44632221981432685,0.4941091288281363,0.955819880097706,0.266200729113478,0.5420135066180946,0.34020618556525667,0.5642839641623453,0.33499745863067126,0.8444,0.6127395296458721,1.1793974586306712,0.37253914065429117,0,STABLE MEDIUM SYSTEMS
LKA,Sri Lanka,0.5075972266814739,0.4224388172360691,0.615016992353441,0.3540554781011742,True,True,False,False,False,False,True,True,0.5,C,0.5075972266814739,0.4251890093217362,0.615016992353441,0.3742483692167633,0.4846333102613405,86,Bronze,0.5075972261738766,0.4251890088723701,0.615016991738424,0.37424836873461076,0.0,0.5075972261738766,0.42518900889654715,0.615016991738424,0.3742483688425149,0.47603323548703275,0.43814432989464874,0.43257097786839327,0.08683548353323452,0.4398,0.6581442378073786,0.5266354835332345,0.37220277896880916,3,STABLE MEDIUM SYSTEMS
MNG,Mongolia,0.427361966866255,0.433235355213235,0.4867247238742566,0.3697003596208008,True,True,True,True,False,False,False,False,1.0,A,0.427361966866255,0.43659946086956214,0.4867247238742566,0.39440402056145446,0.4358106683427167,103,Bronze,0.427361966438893,0.43659946040813674,0.4867247233875318,0.39440402005333497,0.9999999980000001,0.427361966438893,0.43659946043296266,0.4867247233875318,0.3944040201670504,0.41592293399651914,0.5257731958735785,0.4938069516894938,0.1368601838226747,0.6908,0.6334735743983118,0.8276601838226747,0.37023371664035887,3,STABLE MEDIUM SYSTEMS
PHL,Philippines,0.7182405901697629,0.438949807293756,0.5486406117247239,0.3266419423350331,True,True,True,True,False,False,False,False,1.0,A,0.7182405901697629,0.4426388485626414,0.5486406117247239,0.3389308969601404,0.5258928239346733,71,Bronze,0.7182405894515222,0.44263884809483317,0.5486406111760832,0.3389308965234882,0.9999999980000001,0.7182405894515222,0.44263884812000254,0.5486406111760832,0.33893089662120945,0.5268318344319608,0.36082474226618133,0.5440507695738986,0.2600897886032089,0.8238,0.6177176081109965,1.0838897886032088,0.36970802091536403,0,STABLE MEDIUM SYSTEMS
BTN,Bhutan,0.3877174839763055,0.6515967997708036,0.5044604927782498,0.4978538531478085,True,True,True,True,False,False,False,False,1.0,A,0.3877174839763055,0.6673773906380701,0.5044604927782498,0.5595070372186343,0.5157826058197267,74,Bronze,0.387717483588588,0.6673773899327442,0.5044604922737892,0.5595070364978089,0.9999999980000001,0.387717483588588,0.6673773899706926,0.5044604922737892,0.5595070366591272,0.5143841618943452,0.3762886597918748,0.557163420406486,0.3171817729909791,0.8397,0.6138754978489449,1.156881772990979,0.36819846838151205,0,STABLE MEDIUM SYSTEMS
PER,Peru,0.6705341359776238,0.4155681176337643,0.681393372982158,0.2685364944856179,True,True,True,True,False,False,False,False,1.0,A,0.6705341359776238,0.4179276274715938,0.681393372982158,0.26407234679402164,0.5211121962316507,72,Bronze,0.6705341353070896,0.41792762702990194,0.6813933723007646,0.26407234645381134,0.9999999980000001,0.6705341353070896,0.41792762705366615,0.6813933723007646,0.26407234652994926,0.5209459388464339,0.3659793814414125,0.5413436618700803,0.26173247300095553,0.8135,0.6181902296896729,1.0752324730009555,0.3681144810115749,0,STABLE MEDIUM SYSTEMS
UZB,Uzbekistan,0.6344231222816007,0.3713456332124479,0.5398258283772303,0.3784173048381773,True,True,True,True,False,False,False,False,1.0,A,0.6344231222816007,0.37119056074880563,0.5398258283772303,0.4056342563655291,0.5009300700199312,81,Bronze,0.6344231216471775,0.37119056035650844,0.5398258278374044,0.4056342558429414,0.9999999980000001,0.6344231216471775,0.37119056037761505,0.5398258278374044,0.4056342559598948,0.4960977609594587,0.41237113401849296,0.5282378567712795,0.22257916188527097,0.7869,0.6219048888259079,1.009479161885271,0.3676655376899049,0,STABLE MEDIUM SYSTEMS
ZMB,Zambia,0.4928847042832384,0.3785506754166776,0.615016992353441,0.4380475743788147,True,True,False,True,False,False,True,False,0.75,B,0.4928847042832384,0.37880529661555107,0.615016992353441,0.48245726847612097,0.4979950358154723,83,Bronze,0.49288470379035365,0.3788052962152061,0.615016991738424,0.48245726785456045,0.49999999900000003,0.49288470379035365,0.37880529623674575,0.615016991738424,0.4824572679936637,0.4924841549770324,0.42268041236895526,0.486681189609429,0.17086958337821057,0.6528,0.6337515207556278,0.8236695833782106,0.36043338996408475,3,STABLE MEDIUM SYSTEMS
BGD,Bangladesh,0.5512465092727128,0.2813061278746889,0.6637638062871708,0.4272125185465458,True,True,True,True,False,False,False,False,1.0,A,0.5512465092727128,0.27603122215160036,0.6637638062871708,0.46849822331611085,0.5036457046129543,79,Bronze,0.5512465087214662,0.27603122185987344,0.663763805623407,0.4684982227125341,0.9999999980000001,0.5512465087214662,0.2760312218755691,0.663763805623407,0.4684982228476126,0.49944124274802654,0.40206185566803065,0.5291438740364902,0.2614605179401579,0.7828,0.6199119329123535,1.0442605179401578,0.35853854839401267,0,STABLE MEDIUM SYSTEMS
IDN,Indonesia,0.6857033074986308,0.4672230367361789,0.4601741716227697,0.3733595901203665,True,True,True,True,False,False,False,False,1.0,A,0.6857033074986308,0.47251975254645884,0.4601741716227697,0.399118289189605,0.5150380579619747,76,Bronze,0.6857033068129275,0.47251975204707064,0.46017417116259546,0.399118288675412,0.9999999980000001,0.6857033068129275,0.47251975207393904,0.46017417116259546,0.39911828879048666,0.5134674766342934,0.38659793814233717,0.5395542227558713,0.28577392681123914,0.8131,0.6169082891753976,1.098873926811239,0.35823824868789034,0,STABLE MEDIUM SYSTEMS
BRA,Brazil,0.8309191386164575,0.4130226744470213,0.7168649107901445,0.2238163084764187,True,True,True,True,False,False,False,False,1.0,A,0.8309191386164575,0.41523744509910526,0.7168649107901445,0.20645832931869648,0.5631540406319685,59,Silver,0.8309191377855383,0.4152374446602566,0.7168649100732795,0.20645832905271158,0.9999999980000001,0.8309191377855383,0.4152374446838678,0.7168649100732795,0.20645832911223813,0.5727077412153542,0.2989690721634074,0.5646033140550428,0.4057737718756701,0.8469,0.6091919573095117,1.2526737718756702,0.35135135541835294,0,STABLE MEDIUM SYSTEMS
BWA,Botswana,0.3540654446025904,0.5953814693423877,0.477909940526763,0.3168220363280914,True,True,True,True,False,False,False,False,1.0,A,0.3540654446025904,0.6079655397785554,0.477909940526763,0.3262796920618959,0.4288601494836529,107,Bronze,0.3540654442485249,0.6079655391360197,0.477909940048853,0.32627969164154247,0.9999999980000001,0.3540654442485249,0.6079655391705898,0.477909940048853,0.32627969173561616,0.40736547443031623,0.5463917525745031,0.49874531411666756,0.1982740920153005,0.7267,0.6270279214620806,0.9249740920153005,0.3477494502577271,0,STABLE MEDIUM SYSTEMS
VUT,Vanuatu,0.2438007646197809,0.4440861468859525,0.615016992353441,0.3388281329013901,True,True,False,True,False,False,True,False,0.75,B,0.2438007646197809,0.448067251090738,0.615016992353441,0.3546306392667424,0.40516558750912773,119,Bronze,0.2438007643759801,0.4480672506171927,0.615016991738424,0.35463063880986384,0.49999999900000003,0.2438007643759801,0.44806725064267067,0.615016991738424,0.3546306389121117,0.3781927953616921,0.6082474226772772,0.437224682568147,0.07213813497288196,0.5552,0.6489667284986461,0.6273381349728819,0.34628408018031304,3,STABLE MEDIUM SYSTEMS
SMR,San Marino,0.3385482993830599,0.7315062845905829,0.615016992353441,0.5873551494671084,True,True,False,True,False,False,True,False,0.75,B,0.3385482993830599,0.7518306947135283,0.615016992353441,0.6748135623109869,0.5743882674237306,53,Silver,0.3385482990445116,0.751830693918947,0.615016991738424,0.6748135614416094,0.49999999900000003,0.3385482990445116,0.7518306939616975,0.615016991738424,0.6748135616361732,0.5865392901223384,0.26804123711202044,0.555909056250787,0.42179177417788755,0.8027,0.6105300696114392,1.2244917741778876,0.3461917425208967,0,STABLE MEDIUM SYSTEMS
UKR,Ukraine,0.7157303056524923,0.3602563960267648,0.8937977909940527,0.2106964565756289,True,True,True,True,False,False,False,False,1.0,A,0.7157303056524923,0.35947076650761484,0.8937977909940527,0.1895557301986863,0.5574516252954553,61,Silver,0.7157303049367619,0.3594707661277038,0.8937977901002548,0.18955572995447742,0.9999999980000001,0.7157303049367619,0.35947076614814405,0.8937977901002548,0.18955573000913056,0.5656869432488438,0.3092783505138697,0.5629158612796548,0.42600736381977916,0.8632,0.6075040023264231,1.2892073638197792,0.3379874635059184,0,STABLE MEDIUM SYSTEMS
MDA,Republic of Moldova,0.5928091606796755,0.4785201252258648,0.615016992353441,0.288893917030628,True,True,False,True,False,False,True,False,0.75,B,0.5928091606796755,0.4844592169484449,0.615016992353441,0.29029927031396235,0.5010636572604424,80,Bronze,0.5928091600868662,0.48445921643643836,0.615016991738424,0.2902992699399633,0.49999999900000003,0.5928091600868662,0.48445921646398565,0.615016991738424,0.29029927002366307,0.4962622331999368,0.4072164948432618,0.4880589094143481,0.17729738755674493,0.7277,0.6283010324693002,0.904997387556745,0.3373310158711676,0,STABLE MEDIUM SYSTEMS
MKD,North Macedonia,0.3794552652239404,0.4750930531211059,0.8496176720475787,0.2317360076956906,True,True,True,True,False,False,False,False,1.0,A,0.3794552652239404,0.48083727440677454,0.8496176720475787,0.21666145524318595,0.4765738162712282,89,Bronze,0.3794552648444851,0.4808372738985959,0.8496176711979609,0.21666145496405617,0.9999999980000001,0.3794552648444851,0.4808372739259372,0.8496176711979609,0.21666145502652448,0.4661104088113663,0.4536082474203422,0.5248056349210649,0.2882362705163065,0.8209,0.6163602691258999,1.1091362705163066,0.33229759298262335,0,STABLE MEDIUM SYSTEMS
MOZ,Mozambique,0.1701757940696429,0.2754857281360427,0.2743203058623619,0.262972025267563,True,True,True,True,False,False,False,False,1.0,A,0.1701757940696429,0.26987986239653244,0.2743203058623619,0.2569035164429141,0.23783466627651836,177,Emerging,0.17017579389946708,0.26987986211130666,0.27432030558804155,0.2569035161119395,0.9999999980000001,0.17017579389946708,0.26987986212665255,0.27432030558804155,0.25690351618601054,0.1721754286501067,0.9072164948406845,0.36563189790924705,0.029770351951116374,0.3152,0.6777630968530607,0.34497035195111636,0.3305747206287721,1,STABLE MEDIUM SYSTEMS
LSO,Lesotho,0.2730036145402973,0.3863100548279978,0.615016992353441,0.3581990186718076,True,True,False,True,False,False,True,False,0.75,B,0.2730036145402973,0.38700589045417977,0.615016992353441,0.3795865853591801,0.40795315688108047,117,Bronze,0.2730036142672937,0.3870058900451679,0.615016991738424,0.37958658487015023,0.49999999900000003,0.2730036142672937,0.38700589006717384,0.615016991738424,0.37958658497959347,0.3816248430508173,0.5979381443268148,0.435344468031923,0.08116579915659816,0.5899,0.6452948541820389,0.6710657991565981,0.32922475697901693,3,STABLE MEDIUM SYSTEMS
MAR,Morocco,0.4340845645761779,0.4499010939512184,0.796516567544605,0.2001909856827422,True,True,True,True,False,False,False,False,1.0,A,0.4340845645761779,0.45421284812209367,0.796516567544605,0.17602129669957728,0.46420240505831767,94,Bronze,0.4340845641420933,0.45421284764205333,0.7965165667480884,0.1760212964728051,0.9999999980000001,0.4340845641420933,0.4542128476678808,0.7965165667480884,0.17602129652355597,0.45087876159508766,0.47938144329649807,0.5138118866343859,0.2780081863895654,0.798,0.618147730183233,1.0760081863895654,0.32519941606764396,0,STABLE MEDIUM SYSTEMS
ZAF,South Africa,0.5727305175621046,0.4668883332338004,0.5044604927782498,0.3540554781011742,True,True,True,False,False,False,False,True,0.75,B,0.5727305175621046,0.472166017107853,0.5044604927782498,0.3742483692167633,0.48592957418895527,85,Bronze,0.572730516989374,0.47216601660883867,0.5044604922737892,0.37424836873461076,0.49999999900000003,0.572730516989374,0.47216601663568697,0.5044604922737892,0.3742483688425149,0.47762919204403503,0.4329896907194176,0.4779845155555846,0.18777829278273747,0.7082,0.6288840142614434,0.8959782927827376,0.32449521077096205,0,STABLE MEDIUM SYSTEMS
CRI,Costa Rica,0.5350895708785564,0.6196565913730386,0.4689889549702634,0.2405479830122125,True,True,True,True,False,False,False,False,1.0,A,0.5350895708785564,0.6336209956602579,0.4689889549702634,0.22801412045289218,0.46150183925140736,95,Bronze,0.5350895703434667,0.6336209949906079,0.46898895450127437,0.22801412015913647,0.9999999980000001,0.5350895703434667,0.6336209950266368,0.46898895450127437,0.22801412022487805,0.4475538324542411,0.48453608247172925,0.5148651993651555,0.2837156110872106,0.8229,0.6164944077251536,1.1066156110872105,0.3176424900616926,0,STABLE MEDIUM SYSTEMS
TGO,Togo,0.2933923915391562,0.3481284803612382,0.615016992353441,0.3385973020780932,True,True,False,True,False,False,True,False,0.75,B,0.2933923915391562,0.3466532323711827,0.615016992353441,0.35433325474592364,0.39968592571082456,122,Emerging,0.2933923912457638,0.346653232004818,0.615016991738424,0.3543332542894282,0.49999999900000003,0.2933923912457638,0.3466532320245294,0.615016991738424,0.35433325439159036,0.37144625093439415,0.6237113402029706,0.42854084807419146,0.0751000318224725,0.5997,0.6449893939406297,0.6748000318224725,0.31747568876738635,3,STABLE MEDIUM SYSTEMS
ETH,Ethiopia,0.4576270522875272,0.3197001893962491,0.5929269328802039,0.32023820886191,True,True,True,True,False,False,False,False,1.0,A,0.4576270522875272,0.31660844974460806,0.5929269328802039,0.3306808236676916,0.4315117447721536,106,Bronze,0.4576270518299001,0.3166084494099966,0.592926932287277,0.3306808232416681,0.9999999980000001,0.4576270518299001,0.3166084494279996,0.592926932287277,0.3306808233370107,0.41063011120454623,0.541237113399272,0.4861412487504407,0.12934808315350949,0.8308,0.6248452794704987,0.9601480831535094,0.31742969982108993,0,STABLE MEDIUM SYSTEMS
NPL,Nepal,0.4195563972366614,0.356052234405786,0.615016992353441,0.4445753857549452,True,True,False,True,False,False,True,False,0.75,B,0.4195563972366614,0.35502754752604265,0.615016992353441,0.49086719411065755,0.47334347529223153,90,Bronze,0.41955639681710494,0.3550275471508275,0.615016991738424,0.4908671934782624,0.49999999900000003,0.41955639681710494,0.3550275471710151,0.615016991738424,0.4908671936197903,0.46213322194613476,0.4587628865955734,0.4710756696429692,0.1806111733944551,0.7133,0.6290183589737656,0.8939111733944551,0.31442286617167237,0,STABLE MEDIUM SYSTEMS
KWT,Kuwait,0.4451672017271014,0.5619613041168726,0.3539719626168224,0.5664796184894159,True,True,True,True,False,False,False,False,1.0,A,0.4451672017271014,0.5726450345543261,0.3539719626168224,0.6479191480903469,0.49855194510578793,82,Bronze,0.44516720128193416,0.5726450339491194,0.3539719622628504,0.6479191472556182,0.9999999980000001,0.44516720128193416,0.5726450339816811,0.3539719622628504,0.6479191474424277,0.4931698201526191,0.41752577319372414,0.5409183891877054,0.4052532408260465,0.859,0.6086513393374755,1.2642532408260465,0.3112223823901373,0,STABLE MEDIUM SYSTEMS
JAM,Jamaica,0.4529910857618803,0.4980929489582634,0.4424384027187765,0.297716791509383,True,True,True,True,False,False,False,False,1.0,A,0.4529910857618803,0.5051449920853466,0.4424384027187765,0.30166597715854093,0.42295241911496273,110,Bronze,0.45299108530888915,0.505144991551478,0.44243840227633807,0.3016659767698979,0.9999999980000001,0.45299108530888915,0.5051449915802015,0.44243840227633807,0.3016659768568749,0.40009189316491633,0.5618556701001967,0.4878571339267291,0.17083706338795623,0.8193,0.623041482664301,0.9901370633879563,0.31094309494957423,0,STABLE MEDIUM SYSTEMS
TUN,Tunisia,0.4144454671830577,0.4221027110740237,0.796516567544605,0.2013285318234645,True,True,True,True,False,False,False,False,1.0,A,0.4144454671830577,0.4248337914653219,0.796516567544605,0.17748682287643797,0.4528012460532424,97,Bronze,0.4144454667686122,0.4248337910163312,0.7965165667480884,0.17748682264777774,0.9999999980000001,0.4144454667686122,0.4248337910404881,0.7965165667480884,0.17748682269895114,0.4368416862094778,0.49484536082219155,0.5052956672244199,0.2673419276027623,0.8164,0.617725649063528,1.0837419276027624,0.3096715722017543,0,STABLE MEDIUM SYSTEMS
KGZ,Kyrgyzstan,0.3000051028179664,0.2916136192584507,0.5929269328802039,0.2134131291287414,True,True,True,True,False,False,False,False,1.0,A,0.3000051028179664,0.2869248189011133,0.5929269328802039,0.19305568030885725,0.34388214792287786,148,Emerging,0.30000510251796125,0.2869248185978734,0.592926932287277,0.1930556800601393,0.9999999980000001,0.30000510251796125,0.2869248186141885,0.592926932287277,0.19305568011580157,0.30274079429945633,0.7577319587589808,0.4369361652779016,0.09550642983092382,0.657,0.6389042211269299,0.7525064298309239,0.30569621456339535,3,STABLE MEDIUM SYSTEMS
PNG,Papua New Guinea,0.2404834352674859,0.326978853742806,0.615016992353441,0.2943451605370392,True,True,False,True,False,False,True,False,0.75,B,0.2404834352674859,0.32430099406158525,0.615016992353441,0.2973222294442312,0.3650900348419809,138,Emerging,0.24048343502700242,0.3243009937188438,0.615016991738424,0.29732222906118433,0.49999999900000003,0.24048343502700242,0.3243009937372842,0.615016991738424,0.2973222291469089,0.3288518859279844,0.7061855670066692,0.4081167955572479,0.061376178315788614,0.5528,0.6501073393070433,0.6141761783157885,0.3054438790581146,3,STABLE MEDIUM SYSTEMS
BHS,Bahamas,0.2715555655237825,0.6121609034251185,0.615016992353441,0.4297236052569825,True,True,False,True,False,False,True,False,0.75,B,0.2715555655237825,0.625699087329249,0.615016992353441,0.4717333125795454,0.47829406335623115,88,Bronze,0.2715555652522269,0.6256990866679712,0.615016991738424,0.47173331197180085,0.49999999900000003,0.2715555652522269,0.6256990867035498,0.615016991738424,0.47173331210781205,0.468228372257303,0.4484536082451111,0.4895174446304409,0.22563135271858786,0.811,0.6203435981209852,1.036631352718588,0.2994126805866211,0,STABLE MEDIUM SYSTEMS
SEN,Senegal,0.4393420098712652,0.4862027587609999,0.3539719626168224,0.3666662555199322,True,True,True,True,False,False,False,False,1.0,A,0.4393420098712652,0.4925787009809897,0.3539719626168224,0.39049511627707967,0.41643511288105306,113,Bronze,0.43934200943192314,0.492578700460402,0.3539719622628504,0.3904951157739961,0.9999999980000001,0.43934200943192314,0.49257870048841096,0.3539719622628504,0.39049511588658453,0.39206780378279554,0.5773195876258901,0.4838329968552388,0.19615765061460186,0.8178,0.6216446445270419,1.0139576506146017,0.2974671312758224,0,STABLE MEDIUM SYSTEMS
RUS,Russian Federation,0.6604954199222706,0.2914157776347408,0.615016992353441,0.4404920315660318,True,True,False,True,False,False,True,False,0.75,B,0.6604954199222706,0.2867157275918196,0.615016992353441,0.4856065174321302,0.5306476489414379,69,Bronze,0.6604954192617751,0.2867157272888006,0.615016991738424,0.48560651680651246,0.49999999900000003,0.6604954192617751,0.28671572730510386,0.615016991738424,0.4856065169465236,0.5326859618093289,0.350515463915719,0.49807915773385325,0.30322023741833704,0.7992,0.6167183410406507,1.102420237418337,0.2928771601061866,0,STABLE MEDIUM SYSTEMS
AGO,Angola,0.2274411567617198,0.2977401710398435,0.2920560747663551,0.3009719446820423,True,True,True,True,False,False,False,False,1.0,A,0.2274411567617198,0.2933997391398675,0.2920560747663551,0.3058596639141343,0.27639122952661177,168,Emerging,0.22744115653427863,0.29339973882978443,0.292056074474299,0.3058596635200885,0.9999999980000001,0.22744115653427863,0.29339973884646775,0.292056074474299,0.30585966360827466,0.21964616252116925,0.8608247422636041,0.3925440154187767,0.04451241399081045,0.5491,0.651923547971525,0.5936124139908104,0.2880228994489698,3,STABLE MEDIUM SYSTEMS
ARM,Armenia,0.3862511205546053,0.4808759404353455,0.362786745964316,0.3360963899501744,True,True,True,True,False,False,False,False,1.0,A,0.3862511205546053,0.4869489887030817,0.362786745964316,0.351111273625082,0.3917396388043475,127,Emerging,0.38625112016835417,0.4869489881884438,0.3627867456015292,0.3511112731727375,0.9999999980000001,0.38625112016835417,0.48694898821613264,0.3627867456015292,0.3511112732739707,0.36166280450651345,0.6494845360791264,0.4713948720887901,0.15359605923566305,0.8286,0.6235141424457534,0.9821960592356631,0.287840297807782,0,STABLE MEDIUM SYSTEMS
BIH,Bosnia and Herzegovina,0.3354885827102261,0.3881540341765276,0.3717077315208156,0.2549432841158808,True,True,True,True,False,False,False,False,1.0,A,0.3354885827102261,0.3889547222978773,0.3717077315208156,0.246559909354099,0.333004429491372,153,Emerging,0.33548858237473744,0.38895472188680585,0.3717077311491078,0.24655990903645034,0.9999999980000001,0.33548858237473744,0.38895472190892255,0.3717077311491078,0.24655990910753905,0.2893481774980842,0.7835051546351366,0.43257047446551167,0.09608584953100766,0.721,0.6342125515920424,0.8170858495310076,0.27860560906321974,3,STABLE MEDIUM SYSTEMS
ZWE,Zimbabwe,0.2595193682963511,0.2235026631873492,0.1503823279524214,0.2160812941167516,True,True,True,True,False,False,False,False,1.0,A,0.2595193682963511,0.2149409324211053,0.1503823279524214,0.1964931370362207,0.20756286322028691,189,Emerging,0.2595193680368317,0.2149409321939424,0.15038232780203906,0.1964931367830742,0.9999999980000001,0.2595193680368317,0.21494093220616434,0.15038232780203906,0.19649313683972755,0.13490486858077533,0.9690721649434585,0.3406044146568076,0.05728070925351998,0.3452,0.6710686300607063,0.40248070925352,0.2717268055431148,1,STABLE MEDIUM SYSTEMS
NGA,Nigeria,0.5835579640472963,0.2750575090100442,0.5751911639762107,0.2713867808869889,True,True,True,True,False,False,False,False,1.0,A,0.5835579640472963,0.2694272938417427,0.5751911639762107,0.2677444346181754,0.43968674763113397,100,Bronze,0.5835579634637383,0.26942729355699524,0.5751911634010195,0.26774443427323424,0.9999999980000001,0.5835579634637383,0.2694272935723154,0.5751911634010195,0.26774443435043094,0.4206951520796012,0.5103092783478851,0.48389510344636155,0.21093182136450825,0.8966,0.616445615906979,1.1075318213645082,0.26935591979759066,0,STABLE MEDIUM SYSTEMS
COG,Congo,0.1002223309068626,0.2102263799083368,0.2300339847068818,0.353770955097862,True,True,True,True,False,False,False,False,1.0,A,0.1002223309068626,0.20090973210385799,0.2300339847068818,0.3738818118575969,0.22122759483395005,185,Emerging,0.10022233080664025,0.2009097318915241,0.2300339844768478,0.3738818113759166,0.9999999980000001,0.10022233080664025,0.20090973190294822,0.2300339844768478,0.373881811483715,0.1517288482919371,0.9484536082425338,0.3554798337959592,0.05658437415916381,0.4234,0.6627744651134877,0.4799843741591638,0.2683333555197824,3,STABLE MEDIUM SYSTEMS
LBR,Liberia,0.0504072981046679,0.2611678516452462,0.0972812234494477,0.1599226499175314,True,True,True,True,False,False,False,False,1.0,A,0.0504072981046679,0.2547478417143919,0.0972812234494477,0.12414269762573005,0.12142773804307319,194,Emerging,0.0504072980542606,0.25474784144515855,0.09728122335216648,0.12414269746579423,0.9999999980000001,0.0504072980542606,0.254747841459644,0.09728122335216648,0.12414269750158734,0.02885554105861172,0.9948453608196143,0.2797144564148422,0.02344736898671477,0.1288,0.7043021290716331,0.15224736898671476,0.2677462507693942,1,STABLE MEDIUM SYSTEMS
GMB,Gambia (Republic of The),0.187906560302883,0.3807149070145162,0.615016992353441,0.3790823285865545,True,True,False,True,False,False,True,False,0.75,B,0.187906560302883,0.3810925909165242,0.615016992353441,0.4064910213586941,0.3879674897022035,130,Emerging,0.18790656011497642,0.3810925905137619,0.615016991738424,0.4064910208350026,0.49999999900000003,0.18790656011497642,0.3810925905354316,0.615016991738424,0.406491020952203,0.35701854498088237,0.6649484536048199,0.42754375673899114,0.12296476861709368,0.7072,0.6332997033476504,0.8301647686170938,0.2667259468426105,3,STABLE MEDIUM SYSTEMS
KEN,Kenya,0.6230120368442038,0.3828781232875737,0.4955395072217502,0.2175382202561744,True,True,True,True,False,False,False,False,1.0,A,0.6230120368442038,0.3833788121592406,0.4955395072217502,0.1983701276202871,0.43705678219561866,102,Bronze,0.6230120362211917,0.3833788117540621,0.49553950672621067,0.19837012736472245,0.9999999980000001,0.6230120362211917,0.38337881177586175,0.49553950672621067,0.19837012742191695,0.4174571459204517,0.5206185566983473,0.48533424225728794,0.2362310552395542,0.8899,0.6154637279291157,1.1261310552395543,0.2660202380066981,0,STABLE MEDIUM SYSTEMS
GAB,Gabon,0.2365812559561215,0.2957377032633009,0.615016992353441,0.356241865601403,True,True,False,True,False,False,True,False,0.75,B,0.2365812559561215,0.2912834068870058,0.615016992353441,0.3770651412136441,0.3772515915560089,134,Emerging,0.23658125571954022,0.2912834065791594,0.615016991738424,0.3770651407278626,0.49999999900000003,0.23658125571954022,0.2912834065957224,0.615016991738424,0.37706514083657894,0.34382516086654,0.6855670103057445,0.4153896145297761,0.0976544832330425,0.6758,0.637347799286764,0.7734544832330424,0.26567427443666314,3,STABLE MEDIUM SYSTEMS
GIN,Guinea,0.0882557582795792,0.2544265790206249,0.2300339847068818,0.329246242516694,True,True,True,True,False,False,False,False,1.0,A,0.0882557582795792,0.24762324632866634,0.2300339847068818,0.34228607522675897,0.21908139173301722,186,Emerging,0.08825575819132343,0.2476232460669627,0.2300339844768478,0.34228607478578416,0.9999999980000001,0.08825575819132343,0.24762324608104308,0.2300339844768478,0.3422860748844729,0.14908644897909418,0.953608247417765,0.3562811655955877,0.04776147877683123,0.4455,0.6614304003226468,0.49326147877683124,0.26510328763990304,3,STABLE MEDIUM SYSTEMS
SYC,Seychelles,0.2132804885327768,0.6577219598234414,0.615016992353441,0.3779320618281072,True,True,False,True,False,False,True,False,0.75,B,0.2132804885327768,0.6738508400114819,0.615016992353441,0.40500910692504577,0.45376083938175116,96,Bronze,0.2132804883194963,0.6738508392993146,0.615016991738424,0.4050091064032635,0.49999999900000003,0.2132804883194963,0.673850839337631,0.615016991738424,0.40500910652003663,0.43802313485744504,0.48969072164696037,0.4765480642891356,0.24831692087979756,0.8439,0.6172664946315237,1.0922169208797976,0.26255935421321025,0,STABLE MEDIUM SYSTEMS
MMR,Myanmar,0.1148774880758125,0.1413759290844218,0.3982582837723025,0.3698399394553571,True,True,True,True,False,False,False,False,1.0,A,0.1148774880758125,0.1281443016636753,0.3982582837723025,0.3945838443892372,0.25830263879586374,172,Emerging,0.114877487960935,0.12814430152824444,0.3982582833740442,0.394583843880886,0.9999999980000001,0.114877487960935,0.128144301535531,0.3982582833740442,0.39458384399465335,0.19737553971923089,0.8814432989645287,0.3773224245720938,0.07131606709771666,0.5309,0.651158528678656,0.6022160670977167,0.26160932726507297,3,STABLE MEDIUM SYSTEMS
CPV,Cabo Verde,0.3131951075720809,0.5983001913788477,0.615016992353441,0.2561043729188966,True,True,False,True,False,False,True,False,0.75,B,0.3131951075720809,0.6110502264113478,0.615016992353441,0.2480557660702047,0.4319367671598053,105,Bronze,0.3131951072588858,0.611050225765552,0.615016991738424,0.2480557657506289,0.49999999900000003,0.3131951072588858,0.6110502258002974,0.615016991738424,0.2480557658221489,0.4111533975909024,0.5360824742240409,0.4565338229043809,0.20273946272953094,0.7926,0.6227337423588899,0.9953394627295309,0.26080076707962035,0,STABLE MEDIUM SYSTEMS
DZA,Algeria,0.4499496834942319,0.3585966585677635,0.3451571792693288,0.2755542924048365,True,True,True,True,False,False,False,False,1.0,A,0.4499496834942319,0.35771665292990135,0.3451571792693288,0.2731135330688951,0.3610959137188058,140,Emerging,0.4499496830442822,0.3577166525518442,0.34515717892417164,0.2731135327170368,0.9999999980000001,0.4499496830442822,0.35771665257218466,0.34515717892417164,0.27311353279578154,0.32393433506492675,0.7164948453571315,0.4447548429996194,0.13817740337593312,0.7991,0.6262560407909297,0.9372774033759331,0.2602724027082065,0,STABLE MEDIUM SYSTEMS
EGY,Egypt,0.7068441861169577,0.3657814179464397,0.6460280373831776,0.1450669067368024,True,True,True,True,False,False,False,False,1.0,A,0.7068441861169577,0.3653099526475107,0.6460280373831776,0.10500371088163643,0.47287318343079293,91,Bronze,0.7068441854101134,0.3653099522614285,0.6460280367371495,0.1050037107463578,0.9999999980000001,0.7068441854101134,0.3653099522822007,0.6460280367371495,0.10500371077663272,0.46155419990904945,0.4639175257708046,0.5065312267309999,0.3352621462606755,0.9234,0.6089117155905712,1.2586621462606755,0.2595594292204179,0,STABLE MEDIUM SYSTEMS
DJI,Djibouti,0.1665288054240101,0.3033750947895522,0.615016992353441,0.2732792601389062,True,True,False,True,False,False,True,False,0.75,B,0.1665288054240101,0.29935507635608716,0.615016992353441,0.2701825580345052,0.33112954449540705,154,Emerging,0.1665288052574813,0.2993550760397101,0.615016991738424,0.27018255768642296,0.49999999900000003,0.1665288052574813,0.29935507605673206,0.615016991738424,0.2701825577643226,0.2870398242845212,0.7886597938103678,0.3888969526030807,0.0647177176372881,0.602,0.6456521016666146,0.666717717637288,0.258618916917674,3,STABLE MEDIUM SYSTEMS
BLZ,Belize,0.1586499781736748,0.4261964513288163,0.615016992353441,0.3316058894347962,True,True,False,True,False,False,True,False,0.75,B,0.1586499781736748,0.42916031029251334,0.615016992353441,0.3453260612131136,0.37351281890224375,136,Emerging,0.1586499780150248,0.4291603098389501,0.615016991738424,0.3453260607682223,0.49999999900000003,0.1586499780150248,0.429160309863353,0.615016991738424,0.3453260608677875,0.33922199433169953,0.6958762886562069,0.42103681480301064,0.09891402001896472,0.7271,0.6335880936980395,0.8260140200189647,0.25793443300877816,3,STABLE MEDIUM SYSTEMS
PRY,Paraguay,0.3500533788601133,0.3713850121089205,0.615016992353441,0.2345925387626072,True,True,False,True,False,False,True,False,0.75,B,0.3500533788601133,0.3712321788111102,0.615016992353441,0.22034158820985758,0.3881020945610807,129,Emerging,0.35005337851005985,0.37123217841876904,0.615016991738424,0.22034158792598657,0.49999999900000003,0.35005337851005985,0.371232178439878,0.615016991738424,0.22034158798951597,0.3571842701102738,0.6597938144295887,0.4209333051646345,0.11866418506490195,0.7111,0.6333274826554807,0.8297641850649019,0.2566029946964731,3,STABLE MEDIUM SYSTEMS
NAM,Namibia,0.3713029329026881,0.5334794626326764,0.615016992353441,0.2090060451571411,True,True,False,True,False,False,True,False,0.75,B,0.3713029329026881,0.5425436564148135,0.615016992353441,0.18737793529896896,0.4204983430668716,112,Bronze,0.37130293253138513,0.5425436558414197,0.615016991738424,0.18737793505756575,0.49999999900000003,0.37130293253138513,0.5425436558722698,0.615016991738424,0.187377935111591,0.39707044153234633,0.572164948450659,0.4456107654004972,0.1932440901735087,0.7703,0.6246384226889858,0.9635440901735086,0.2535586968996315,0,STABLE MEDIUM SYSTEMS
IRN,Iran (Islamic Republic of),0.5408427161205154,0.2239026319542985,0.615016992353441,0.627378832189413,True,True,False,True,False,False,True,False,0.75,B,0.5408427161205154,0.21536364424276247,0.615016992353441,0.7263769693888417,0.5406740341202778,66,Bronze,0.5408427155796726,0.2153636440151528,0.615016991738424,0.726376968453034,0.49999999900000003,0.5408427155796726,0.2153636440273988,0.615016991738424,0.7263769686624646,0.5450304194682288,0.33505154639002555,0.506843873150227,0.4549401254339469,0.8288,0.607753330702131,1.2837401254339469,0.25266660294843185,0,STABLE MEDIUM SYSTEMS
VEN,"Venezuela, Bolivarian
Republic of",0.2070694831611816,0.0751131708287116,0.2124044180118946,0.0875066897166002,True,True,True,True,False,False,False,False,1.0,A,0.2070694831611816,0.05811370536501261,0.2124044180118946,0.030847593807274046,0.13455658897614917,193,Emerging,0.2070694829541121,0.05811370530359444,0.21240441779949018,0.0308475937675324,0.9999999980000001,0.2070694829541121,0.058113705306898904,0.21240441779949018,0.03084759377642645,0.04501974596023482,0.9896907216443831,0.2774164422969341,0.029684647514434805,0.1547,0.6993743400323518,0.1843846475144348,0.2520604267801551,1,STABLE MEDIUM SYSTEMS
MEX,Mexico,0.500762320526709,0.3467610006428698,0.362786745964316,0.2448524026908713,True,True,True,True,False,False,False,False,1.0,A,0.500762320526709,0.345207994916169,0.362786745964316,0.2335596007542569,0.3683568818208897,137,Emerging,0.5007623200259467,0.3452079945513318,0.3627867456015292,0.23355960045335686,0.9999999980000001,0.5007623200259467,0.34520799457096096,0.3627867456015292,0.2335596005206973,0.33287401887918544,0.701030927831438,0.4471398423692656,0.16397344025992058,0.8156,0.6236710255162913,0.9795734402599205,0.2510376783348465,0,STABLE MEDIUM SYSTEMS
LCA,Saint Lucia,0.2017192548333025,0.5746936551503691,0.615016992353441,0.2978060207966702,True,True,False,True,False,False,True,False,0.75,B,0.2017192548333025,0.5861013735089879,0.615016992353441,0.3017809332483035,0.4069355325522244,118,Bronze,0.20171925463158322,0.5861013728895597,0.615016991738424,0.3017809328595124,0.49999999900000003,0.20171925463158322,0.5861013729228866,0.615016991738424,0.3017809329465226,0.3803719467959695,0.603092783502046,0.44479107578695554,0.17742694851599303,0.7916,0.6243058627628405,0.969026948515993,0.250613525401174,0,STABLE MEDIUM SYSTEMS
LAO,"Lao People's Democratic
Republic",0.2653457711590519,0.3221225560178676,0.615016992353441,0.2329903592567963,True,True,False,True,False,False,True,False,0.75,B,0.2653457711590519,0.3191685571628848,0.615016992353441,0.2182774644598488,0.351761056983615,145,Emerging,0.2653457708937061,0.31916855682556766,0.615016991738424,0.21827746417863705,0.49999999900000003,0.2653457708937061,0.3191685568437162,0.615016991738424,0.21827746424157132,0.31244128531029997,0.7422680412332873,0.3991206266270309,0.08716416669096387,0.6566,0.6395639444509448,0.7437641666909638,0.24984209329302048,3,STABLE MEDIUM SYSTEMS
BLR,Belarus,0.2819800950948946,0.273840813735871,0.615016992353441,0.3431618404112524,True,True,False,True,False,False,True,False,0.75,B,0.2819800950948946,0.26814141474755676,0.615016992353441,0.36021385173716447,0.38203002250063106,132,Emerging,0.2819800948129145,0.2681414144641683,0.615016991738424,0.3602138512730929,0.49999999900000003,0.2819800948129145,0.2681414144794153,0.615016991738424,0.3602138513769506,0.34970835180920945,0.6752577319552822,0.415970071587345,0.10022758043540202,0.7281,0.6334271998270652,0.828327580435402,0.24935712277755498,3,STABLE MEDIUM SYSTEMS
HND,Honduras,0.1530787659767057,0.2795780487166018,0.203483432455395,0.3009161386125323,True,True,True,True,False,False,False,False,1.0,A,0.1530787659767057,0.2742048808238652,0.203483432455395,0.3057877677045945,0.22808240599778212,181,Emerging,0.15307876582362692,0.27420488053406844,0.20348343225191154,0.3057877673106413,0.9999999980000001,0.15307876582362692,0.2742048805496603,0.20348343225191154,0.3057877673988067,0.16016847280888294,0.9278350515416092,0.36010120129952233,0.0422954857879307,0.5165,0.6550971981285953,0.5587954857879307,0.24918371672693626,3,STABLE MEDIUM SYSTEMS
COL,Colombia,0.6453604551979052,0.4377352101445263,0.615016992353441,0.2117285367743431,True,True,False,True,False,False,True,False,0.75,B,0.6453604551979052,0.4413551868971405,0.615016992353441,0.1908853822397674,0.4833547675871018,87,Bronze,0.6453604545525446,0.44135518643068894,0.615016991738424,0.19088538199384547,0.49999999900000003,0.6453604545525446,0.44135518645578525,0.615016991738424,0.190885382048882,0.4744590972880989,0.4432989690698799,0.47299946316991975,0.26558911607995006,0.8605,0.6154659237026078,1.12608911607995,0.24691053405320884,0,STABLE MEDIUM SYSTEMS
UGA,Uganda,0.3485503866280423,0.3342418160529067,0.2831350892098555,0.3680186843247699,True,True,True,True,False,False,False,False,1.0,A,0.3485503866280423,0.33197694349170476,0.2831350892098555,0.39223748060400854,0.33980364714021966,149,Emerging,0.34855038627949186,0.3319769431408509,0.28313508892672035,0.39223748009868026,0.9999999980000001,0.34855038627949186,0.3319769431597278,0.28313508892672035,0.392237480211771,0.2977193554333764,0.762886597934212,0.4338550680355494,0.12860305546346718,0.7993,0.6268433304324507,0.9279030554634672,0.24625216266214825,0,STABLE MEDIUM SYSTEMS
IRQ,Iraq,0.2574107896862957,0.219908672870074,0.2124044180118946,0.1826152129705428,True,True,True,True,False,False,False,False,1.0,A,0.2574107896862957,0.2111425803507142,0.2124044180118946,0.1533780349748899,0.2108973662227277,188,Emerging,0.2574107894288849,0.21114258012756562,0.21240441779949018,0.15337803477728953,0.9999999980000001,0.2574107894288849,0.2111425801395716,0.21240441779949018,0.15337803482151183,0.1390102994407403,0.9639175257682273,0.3428726788665143,0.054549540414829845,0.4332,0.6619857885199176,0.4877495404148298,0.24617117506610475,3,STABLE MEDIUM SYSTEMS
HTI,Haiti,0.0622981910974804,0.1088655739108627,0.0,0.2515412115441287,True,True,True,True,False,False,False,False,1.0,A,0.0622981910974804,0.09378534018036788,0.0,0.24217694304530654,0.09799076112664434,195,Emerging,0.06229819103518221,0.09378534008124972,0.0,0.2421769427333046,0.9999999980000001,0.06229819103518221,0.09378534008658253,0.0,0.24217694280312957,0.0,0.9999999999948455,0.2542291768881342,0.014026531609334585,0.0946,0.7113638243628526,0.10862653160933458,0.24498162795117892,1,STABLE MEDIUM SYSTEMS
MCO,Monaco,0.3630602395623732,0.8397839801049591,0.615016992353441,0.3540554781011742,True,True,False,False,False,False,True,True,0.5,C,0.3630602395623732,0.8662652848562252,0.615016992353441,0.3742483692167633,0.529487469232508,70,Bronze,0.36306023919931296,0.8662652839407023,0.615016991738424,0.37424836873461076,0.0,0.36306023919931296,0.8662652839899598,0.615016991738424,0.3742483688425149,0.5312575517654154,0.35567010309095015,0.48400994747632975,0.3276363152703679,0.8638,0.6121412252110312,1.191436315270368,0.24451836645696887,0,STABLE MEDIUM SYSTEMS
PAK,Pakistan,0.5032371872404733,0.2905122619104253,0.4689889549702634,0.1501952428715164,True,True,True,True,False,False,False,False,1.0,A,0.5032371872404733,0.28576083608707936,0.4689889549702634,0.1116106612110464,0.3532732274348853,143,Emerging,0.503237186737236,0.2857608357850696,0.46898895450127437,0.1116106610672559,0.9999999980000001,0.503237186737236,0.2857608358013185,0.46898895450127437,0.11161066109943574,0.3143030653811616,0.731958762882825,0.43504155477218975,0.1744974503240072,0.7741,0.6255538994782186,0.9485974503240072,0.24174507015602548,0,STABLE MEDIUM SYSTEMS
GUY,Guyana,0.2080413576428749,0.4210951410137612,0.615016992353441,0.4729469762846325,True,True,False,True,False,False,True,False,0.75,B,0.2080413576428749,0.4237689288790021,0.615016992353441,0.5274189497818869,0.4327751786024948,104,Bronze,0.20804135743483354,0.4237689284311368,0.615016991738424,0.5274189491024012,0.49999999900000003,0.20804135743483354,0.4237689284552331,0.615016991738424,0.5274189492544679,0.4121856474367253,0.5309278350488097,0.4537823577341172,0.21963402373942548,0.8313,0.6195368190177911,1.0509340237394256,0.23969277137529252,0,STABLE MEDIUM SYSTEMS
KIR,Kiribati,0.1606657737509384,0.5066895171565442,0.615016992353441,0.4390000363121789,True,True,False,True,False,False,True,False,0.75,B,0.1606657737509384,0.5142303790039607,0.615016992353441,0.48368434652231107,0.4257211426450117,108,Bronze,0.16066577359027262,0.5142303784604901,0.615016991738424,0.4836843458991697,0.49999999900000003,0.16066577359027262,0.5142303784897303,0.615016991738424,0.4836843460386267,0.403500737905693,0.5515463917497343,0.4547492825637125,0.21907676400212958,0.8373,0.6192325834896455,1.0563767640021295,0.23954965613569595,0,STABLE MEDIUM SYSTEMS
TON,Tonga,0.1486992011236551,0.4975214161763795,0.615016992353441,0.354179974671984,True,True,False,True,False,False,True,False,0.75,B,0.1486992011236551,0.5045409607625769,0.615016992353441,0.37440876093796,0.39287439081246217,126,Emerging,0.14869920097495587,0.5045409602293467,0.615016991738424,0.3744087604556008,0.49999999900000003,0.14869920097495587,0.504540960258036,0.615016991738424,0.3744087605635512,0.36305990803561844,0.6443298969038952,0.4357019664429825,0.15435548177234312,0.8087,0.624668143410374,0.9630554817723431,0.23834666321699613,0,STABLE MEDIUM SYSTEMS
MLI,Mali,0.164000206501554,0.2540790397009392,0.0796516567544605,0.288416805030704,True,True,True,True,False,False,False,False,1.0,A,0.164000206501554,0.24725594520152494,0.0796516567544605,0.2896845962360045,0.19098531423838744,191,Emerging,0.16400020633755377,0.24725594494020953,0.07965165667480884,0.2896845958627973,0.9999999980000001,0.16400020633755377,0.24725594495426897,0.07965165667480884,0.2896845959463199,0.11449463619440339,0.9793814432939207,0.3322782622924223,0.045364665898529916,0.4212,0.6641549533511218,0.46656466589852996,0.23690207501257604,3,STABLE MEDIUM SYSTEMS
MWI,Malawi,0.1971199171180266,0.3713945544816081,0.615016992353441,0.2179637079453785,True,True,False,True,False,False,True,False,0.75,B,0.1971199171180266,0.3712422637829256,0.615016992353441,0.19891829294223584,0.3368682492159123,151,Emerging,0.19711991692090666,0.3712422633905737,0.615016991738424,0.19891829268596498,0.49999999900000003,0.19711991692090666,0.37124226341168326,0.615016991738424,0.19891829274331754,0.29410530164008025,0.7731958762846743,0.3938087369522686,0.09181474853803476,0.6679,0.6383647961091753,0.7597147485380348,0.23655644058543585,3,STABLE MEDIUM SYSTEMS
MDV,Maldives,0.1996851448508534,0.4499312203774921,0.2743203058623619,0.4547381138887519,True,True,True,True,False,False,False,False,1.0,A,0.1996851448508534,0.45424468759952913,0.2743203058623619,0.5039600644349821,0.34532457354949786,147,Emerging,0.19968514465116824,0.45424468711945515,0.27432030558804155,0.5039600637857191,0.9999999980000001,0.19968514465116824,0.45424468714528443,0.27432030558804155,0.503960063931022,0.304516704735403,0.7525773195837496,0.4474104022526411,0.1963772774511365,0.8395,0.6203864297115521,1.0358772774511364,0.23436341878493175,0,STABLE MEDIUM SYSTEMS
CUB,Cuba,0.277986343757603,0.3419236346590867,0.615016992353441,0.3540554781011742,True,True,False,False,False,False,True,True,0.5,C,0.277986343757603,0.34009556625674164,0.615016992353441,0.3742483692167633,0.3987313567711803,123,Emerging,0.27798634347961665,0.34009556589730755,0.615016991738424,0.37424836873461076,0.0,0.27798634347961665,0.340095565916646,0.615016991738424,0.3742483688425149,0.37027098830007926,0.6288659793782018,0.38307559159140375,0.08864755963046195,0.6415,0.6406037113791474,0.7301475596304619,0.22929214832123104,3,STABLE MEDIUM SYSTEMS
ECU,Ecuador,0.6220218479573252,0.3404036848024685,0.3893372982158029,0.1945621115089828,True,True,True,True,False,False,False,False,1.0,A,0.6220218479573252,0.3384891888947811,0.3893372982158029,0.16876949200120975,0.3938310897204069,124,Emerging,0.6220218473353033,0.33848918853704474,0.38933729782646553,0.16876949178378023,0.9999999980000001,0.6220218473353033,0.33848918855629184,0.38933729782646553,0.16876949183244025,0.3642377930810049,0.634020618553433,0.457772187333412,0.22895283578618802,0.8773,0.6165137380261217,1.106252835786188,0.2292416038851807,0,STABLE MEDIUM SYSTEMS
BFA,Burkina Faso,0.2873107980107238,0.3457137059670255,0.2477697536108751,0.3964978220282902,True,True,True,True,False,False,False,False,1.0,A,0.2873107980107238,0.3441011488901288,0.2477697536108751,0.42892779170860207,0.3241878555111122,156,Emerging,0.28731079772341295,0.3441011485264614,0.24776975336310533,0.4289277911560048,0.9999999980000001,0.28731079772341295,0.34410114854602764,0.24776975336310533,0.42892779127967423,0.2784932360356749,0.7989690721608301,0.42669829889797356,0.1319259675506716,0.8172,0.6255213038958365,0.9491259675506716,0.22864894463808594,0,STABLE MEDIUM SYSTEMS
KHM,Cambodia,0.3249565887217305,0.3055012264081449,0.2124044180118946,0.3840682768923968,True,True,True,True,False,False,False,False,1.0,A,0.3249565887217305,0.30160210423387185,0.2124044180118946,0.41291453025833896,0.3141371345308519,157,Emerging,0.3249565883967739,0.30160210391512,0.21240441779949018,0.41291452972637194,0.9999999980000001,0.3249565883967739,0.3016021039322697,0.21240441779949018,0.41291452984542437,0.26611881620547684,0.8041237113360613,0.4158179823048412,0.13015056989148913,0.7719,0.628490943683937,0.9020505698914891,0.2262466502345255,3,STABLE MEDIUM SYSTEMS
FJI,Fiji,0.3599455796739829,0.581653791059161,0.3274214103653356,0.2005442969368084,True,True,True,True,False,False,False,False,1.0,A,0.3599455796739829,0.5934572771997377,0.3274214103653356,0.1764764755032122,0.3526496008092794,144,Emerging,0.35994557931403726,0.5934572765725352,0.3274214100379142,0.17647647527585358,0.9999999980000001,0.35994557931403726,0.5934572766062804,0.3274214100379142,0.1764764753267357,0.3135352580071738,0.7371134020580562,0.45138637641368523,0.20119431804632298,0.8827,0.6177173618085636,1.083894318046323,0.22605179956483684,0,STABLE MEDIUM SYSTEMS
LBY,Libya,0.2584009785731744,0.1207095039707569,0.1858538657604078,0.3088199064908667,True,True,True,True,False,False,False,False,1.0,A,0.2584009785731744,0.10630274069987569,0.1858538657604078,0.31597036892565383,0.22423690038344285,183,Emerging,0.2584009783147734,0.10630274058752835,0.1858538655745539,0.3159703685185821,0.9999999980000001,0.2584009783147734,0.10630274059357295,0.1858538655745539,0.3159703686096834,0.155433896948636,0.9381443298920715,0.34787583008442996,0.06564135631254138,0.5165,0.6529552302276486,0.5821413563125414,0.22253870327546987,3,STABLE MEDIUM SYSTEMS
FSM,"Micronesia (Federated States
of)",0.1304678909160848,0.5354405506229956,0.615016992353441,0.4403672562210656,True,True,False,True,False,False,True,False,0.75,B,0.1304678909160848,0.5446162559408733,0.615016992353441,0.4854457665599426,0.42317930819134597,109,Bronze,0.13046789078561688,0.544616255365289,0.615016991738424,0.4854457659345319,0.49999999900000003,0.13046789078561688,0.5446162553962569,0.615016991738424,0.4854457660744968,0.40037123836727206,0.5567010309249655,0.45528782510099036,0.2540084488000838,0.8627,0.6159591263478948,1.1167084488000838,0.2222587673361154,0,STABLE MEDIUM SYSTEMS
PLW,Palau,0.1577879901230943,0.620845503984753,0.615016992353441,0.325152025345286,True,True,False,True,False,False,True,False,0.75,B,0.1577879901230943,0.6348775123121011,0.615016992353441,0.3370114035245269,0.4123189984688405,115,Bronze,0.1577879899653063,0.6348775116411232,0.615016991738424,0.33701140309034755,0.49999999900000003,0.1577879899653063,0.6348775116772235,0.615016991738424,0.3370114031875155,0.3870000551201988,0.5876288659763524,0.45127424664547466,0.23211229654599497,0.8649,0.6170082449711226,1.097012296545995,0.22193890455061202,0,STABLE MEDIUM SYSTEMS
BDI,Burundi,0.0909125580383334,0.2267693547307254,0.0088147833474936,0.2993663040932398,True,True,True,True,False,False,False,False,1.0,A,0.0909125580383334,0.21839337482960886,0.0088147833474936,0.3037910811733709,0.1491039085076379,192,Emerging,0.09091255794742083,0.2183933745987972,0.008814783338678816,0.3037910807819901,0.9999999980000001,0.09091255794742083,0.21839337461121547,0.008814783338678816,0.3037910808695798,0.0629303654710373,0.9845360824691519,0.2992081853976337,0.03492356218321996,0.3305,0.6753258992306903,0.36542356218322,0.22042618425450997,1,STABLE MEDIUM SYSTEMS
TTO,Trinidad and Tobago,0.3066373395088269,0.4455109750341536,0.615016992353441,0.1895207317474974,True,True,False,True,False,False,True,False,0.75,B,0.3066373395088269,0.4495730979264007,0.615016992353441,0.16227456951546193,0.37622871190515395,135,Emerging,0.3066373392021895,0.44957309745126395,0.615016991738424,0.16227456930639997,0.49999999900000003,0.3066373392021895,0.44957309747682755,0.615016991738424,0.16227456935318735,0.34256579427380457,0.6907216494809757,0.41820831256578966,0.14749099260253337,0.7914,0.6261554872337798,0.9388909926025334,0.218623244810261,0,STABLE MEDIUM SYSTEMS
KNA,Saint Kitts and Nevis,0.1288733266580864,0.6156816392360751,0.615016992353441,0.366263621581845,True,True,False,True,False,False,True,False,0.75,B,0.1288733266580864,0.6294200194899637,0.615016992353441,0.38997639395467376,0.41579434847244734,114,Bronze,0.12887332652921307,0.6294200188247536,0.615016991738424,0.3899763934522585,0.49999999900000003,0.12887332652921307,0.6294200188605437,0.615016991738424,0.3899763935646973,0.3912788964178504,0.5824742268011213,0.4545751439505908,0.25369926681544863,0.8813,0.6150012554445619,1.1349992668154485,0.21568548735836338,0,STABLE MEDIUM SYSTEMS
VCT,"Saint Vincent and the
Grenadines",0.1408203738733197,0.5847582147774828,0.615016992353441,0.2949131312725436,True,True,False,True,False,False,True,False,0.75,B,0.1408203738733197,0.596738224897671,0.615016992353441,0.2980539588666914,0.3898614949465632,128,Emerging,0.1408203737324993,0.5967382242670011,0.615016991738424,0.29805395848270183,0.49999999900000003,0.1408203737324993,0.5967382243009327,0.615016991738424,0.2980539585686374,0.35935043899130553,0.6546391752543576,0.43774988270970744,0.20601171006384195,0.8446,0.6195548832450067,1.050611710063842,0.21493538200347462,0,STABLE MEDIUM SYSTEMS
SLE,Sierra Leone,0.143991187984131,0.2853842964313312,0.615016992353441,0.3788767527858566,True,True,False,True,False,False,True,False,0.75,B,0.143991187984131,0.2803412838415468,0.615016992353441,0.4062261734492628,0.35457640461422457,142,Emerging,0.14399118784013978,0.2803412835452647,0.615016991738424,0.40622617292591257,0.49999999900000003,0.14399118784013978,0.28034128356120547,0.615016991738424,0.4062261730430366,0.31590753351453715,0.7268041237075938,0.40307844804133436,0.12686557785511834,0.7496,0.6301631480845578,0.8764655778551184,0.2144037216270964,3,STABLE MEDIUM SYSTEMS
SWZ,Eswatini,0.2420047419047426,0.3150557358363591,0.2300339847068818,0.2152922721463523,True,True,True,True,False,False,False,False,1.0,A,0.2420047419047426,0.31169990291011956,0.2300339847068818,0.1954766223557664,0.24131905491910877,176,Emerging,0.24200474166273786,0.31169990258069574,0.2300339844768478,0.1954766221039295,0.9999999980000001,0.24200474166273786,0.3116999025984196,0.2300339844768478,0.19547662216028977,0.17646539829503768,0.9020618556654534,0.366996159425727,0.05985405587333116,0.6427,0.6427575394280248,0.7025540558733312,0.21316375451561734,3,STABLE MEDIUM SYSTEMS
BRB,Barbados,0.1717337295172703,0.6669772305511315,0.615016992353441,0.2728533184678624,True,True,False,True,False,False,True,False,0.75,B,0.1717337295172703,0.6836323846532617,0.615016992353441,0.2696338078375821,0.40940929583358926,116,Bronze,0.17173372934553657,0.6836323839307566,0.615016991738424,0.2696338074902068,0.49999999900000003,0.17173372934553657,0.6836323839696292,0.615016991738424,0.2696338075679483,0.38341763729561207,0.5927835051515836,0.4505668151430598,0.2691194149899611,0.8706,0.6147565813672272,1.1397194149899612,0.20806225433556083,0,STABLE MEDIUM SYSTEMS
NER,Niger,0.0923239782444772,0.3128209392553556,0.615016992353441,0.3540554781011742,True,True,False,True,False,False,True,False,0.75,B,0.0923239782444772,0.30933803115449576,0.615016992353441,0.3742483692167633,0.3368811400967934,150,Emerging,0.09232397815215322,0.30933803082756817,0.615016991738424,0.37424836873461076,0.49999999900000003,0.09232397815215322,0.3093380308451577,0.615016991738424,0.3742483688425149,0.294121172856913,0.7680412371094432,0.394910649817942,0.10990708362242703,0.7479,0.6314096560951339,0.8578070836224271,0.20752859020464604,3,STABLE MEDIUM SYSTEMS
DMA,Dominica,0.103263733174511,0.5592302091456025,0.615016992353441,0.3122368462693197,True,True,False,True,False,False,True,False,0.75,B,0.103263733174511,0.5697586438512974,0.615016992353441,0.3203724889899002,0.3787782190584481,133,Emerging,0.10326373307124725,0.5697586432491412,0.615016991738424,0.3203724885771571,0.49999999900000003,0.10326373307124725,0.5697586432815387,0.615016991738424,0.32037248866952767,0.34570474041875443,0.6804123711305133,0.4311764385405432,0.19843717593944962,0.8435,0.6200430682570631,1.0419371759394496,0.20736448801858623,0,STABLE MEDIUM SYSTEMS
WSM,Samoa,0.1674640510953324,0.6132492421239146,0.615016992353441,0.2420002829906095,True,True,False,True,False,False,True,False,0.75,B,0.1674640510953324,0.6268493112266225,0.615016992353441,0.22988515105007182,0.3868346134248024,131,Emerging,0.16746405092786834,0.6268493105641292,0.615016991738424,0.22988515075390564,0.49999999900000003,0.16746405092786834,0.6268493105997731,0.615016991738424,0.22988515082018665,0.3556237508462361,0.6701030927800511,0.43674162279062423,0.227873273533649,0.8535,0.617854607748458,1.081373273533649,0.20410623998927874,0,STABLE MEDIUM SYSTEMS
GRD,Grenada,0.0975655311481084,0.5567795170459108,0.615016992353441,0.3638131436347989,True,True,False,True,False,False,True,False,0.75,B,0.0975655311481084,0.5671686003094404,0.615016992353441,0.3868193883188973,0.3931624745744052,125,Emerging,0.09756553105054286,0.5671685997100214,0.615016991738424,0.38681938782054925,0.49999999900000003,0.09756553105054286,0.5671685997422717,0.615016991738424,0.3868193879320779,0.3634145959653249,0.6391752577286641,0.439611897588804,0.22541224265354942,0.8715,0.6170136218715289,1.0969122426535494,0.2038891303226591,0,STABLE MEDIUM SYSTEMS
CMR,Cameroon,0.3436592294366638,0.2599941544673645,0.615016992353441,0.2200696394748562,True,True,False,True,False,False,True,False,0.75,B,0.3436592294366638,0.2535074056775472,0.615016992353441,0.20163141170959087,0.35796135098226656,141,Emerging,0.34365922909300456,0.25350740540962485,0.615016991738424,0.2016314114498246,0.49999999900000003,0.34365922909300456,0.25350740542403977,0.615016991738424,0.20163141150795943,0.3200750701065012,0.7216494845323627,0.3972140571902882,0.12481654884895022,0.7612,0.6295339651547741,0.8860165488489502,0.20235686411705733,3,STABLE MEDIUM SYSTEMS
MRT,Mauritania,0.2519152571237976,0.3001384654321052,0.159303313508921,0.4476831529382637,True,True,True,True,False,False,False,False,1.0,A,0.2519152571237976,0.29593440553183514,0.159303313508921,0.4948710001943828,0.2983050366693323,160,Emerging,0.2519152568718823,0.2959344052190733,0.15930331334961767,0.4948709995568294,0.9999999980000001,0.2519152568718823,0.2959344052359007,0.15930331334961767,0.49487099969951176,0.24662638117360206,0.8195876288617547,0.40638745074451565,0.162111232230934,0.7751,0.6262601677009635,0.937211232230934,0.2008128686484247,3,STABLE MEDIUM SYSTEMS
TUV,Tuvalu,0.0953299627086195,0.5357063741251519,0.615016992353441,0.5408179286813268,True,True,False,True,False,False,True,False,0.75,B,0.0953299627086195,0.5448971947194005,0.615016992353441,0.6148586182270435,0.44504733040158706,98,Bronze,0.09532996261328953,0.5448971941435193,0.615016991738424,0.6148586174349073,0.49999999900000003,0.09532996261328953,0.5448971941745032,0.615016991738424,0.6148586176121847,0.4272950867376614,0.49999999999742273,0.4697727834366932,0.3681857260826985,0.8972,0.608598748722504,1.2653857260826986,0.2005940855496021,0,STABLE MEDIUM SYSTEMS
ATG,Antigua and Barbuda,0.2048522291268782,0.6072894192836624,0.1503823279524214,0.4546139035781736,True,True,True,True,False,False,False,False,1.0,A,0.2048522291268782,0.6205506004828498,0.1503823279524214,0.5038000415092545,0.34911138120005236,146,Emerging,0.20485222892202595,0.6205505998270134,0.15038232780203906,0.5038000408601977,0.9999999980000001,0.20485222892202595,0.6205505998622992,0.15038232780203906,0.5038000410054544,0.30917901182523266,0.7474226804085184,0.45597928047607683,0.2870459169830303,0.9061,0.6120567671451383,1.1931459169830303,0.2005560642920721,0,STABLE MEDIUM SYSTEMS
STP,Sao Tome and Principe,0.0850128975548908,0.3890443138806801,0.615016992353441,0.3947561861511011,True,True,False,True,False,False,True,False,0.75,B,0.0850128975548908,0.3898956251548607,0.615016992353441,0.4266840031911888,0.3639082431835968,139,Emerging,0.0850128974698779,0.3898956247427948,0.615016991738424,0.42668400264148226,0.49999999900000003,0.0850128974698779,0.38989562476496503,0.615016991738424,0.4266840027645048,0.32739686731176854,0.7113402061819003,0.4156323732567291,0.17017248580912783,0.8162,0.6232651137536813,0.9863724858091278,0.20012122061501378,0,STABLE MEDIUM SYSTEMS
SLB,Solomon Islands,0.1387496350804999,0.3921028065990511,0.615016992353441,0.5191449944200035,True,True,False,True,False,False,True,False,0.75,B,0.1387496350804999,0.3931280301208007,0.615016992353441,0.5869368914923514,0.4207389675097582,111,Bronze,0.13874963494175024,0.3931280297053186,0.615016991738424,0.5869368907361875,0.49999999900000003,0.13874963494175024,0.39312802972767263,0.615016991738424,0.5869368909054145,0.3973666976798938,0.5670103092754278,0.44836728185366037,0.28930920593659676,0.88,0.6132457417103646,1.1693092059365968,0.19583591562994582,0,STABLE MEDIUM SYSTEMS
PSE,State of Palestine,0.3183988206584764,0.312102136629925,0.615016992353441,0.3540554781011742,True,True,False,False,False,False,True,True,0.5,C,0.3183988206584764,0.3085783559190386,0.615016992353441,0.3742483692167633,0.40455165777390173,120,Bronze,0.31839882034007755,0.3085783555929138,0.615016991738424,0.37424836873461076,0.0,0.31839882034007755,0.3085783556104602,0.615016991738424,0.3742483688425149,0.37743692677227947,0.6134020618525082,0.38393855105111735,0.10896532005538061,0.7376,0.6321719754836481,0.8465653200553807,0.19401440027469216,3,STABLE MEDIUM SYSTEMS
TCD,Chad,0.1065065938991995,0.2007546910387879,0.2212192013593882,0.4842051068569534,True,True,True,True,False,False,False,False,1.0,A,0.1065065938991995,0.19089946333523553,0.2212192013593882,0.5419230516073972,0.2609174340785033,171,Emerging,0.1065065937926929,0.1908994631334811,0.22121920113816898,0.5419230509092255,0.9999999980000001,0.1065065937926929,0.19089946314433603,0.22121920113816898,0.5419230510654741,0.20059486842818144,0.8762886597892975,0.38163455857561085,0.16249143917997172,0.6757,0.6327454440410027,0.8381914391799716,0.19305073458379127,3,STABLE MEDIUM SYSTEMS
MHL,Marshall Islands,0.07196940804226,0.5074425213986395,0.615016992353441,0.4447700811557835,True,True,False,True,False,False,True,False,0.75,B,0.07196940804226,0.5150262006310331,0.615016992353441,0.49111802455720255,0.4011298167665456,121,Bronze,0.07196940797029058,0.5150262000867214,0.615016991738424,0.4911180239244842,0.49999999900000003,0.07196940797029058,0.5150262001160069,0.615016991738424,0.49111802406608446,0.3732239656025907,0.6185567010277394,0.44345835574918696,0.2673658626445978,0.8925,0.6137236536963296,1.1598658626445977,0.19103615531902365,0,STABLE MEDIUM SYSTEMS
NIC,Nicaragua,0.1542887277258097,0.1964772709589441,0.1769328802039082,0.3890415032781305,True,True,True,True,False,False,False,False,1.0,A,0.1542887277258097,0.18637882026669073,0.1769328802039082,0.41932164922330634,0.2326260147278847,179,Emerging,0.15428872757152096,0.18637882006971404,0.17693288002697533,0.41932164868308486,0.9999999980000001,0.15428872757152096,0.1863788200803119,0.17693288002697533,0.41932164880398465,0.16576255129149803,0.9175257731911468,0.35973931593788483,0.08717428834809679,0.6513,0.639966101791626,0.7384742883480968,0.19046893199880435,3,STABLE MEDIUM SYSTEMS
COD,"Democratic Republic of the
Congo",0.2195818549234346,0.1377349069019973,0.615016992353441,0.3495978886492175,True,True,False,True,False,False,True,False,0.75,B,0.2195818549234346,0.12429624339861096,0.615016992353441,0.3685055568650877,0.3366144424613847,152,Emerging,0.21958185470385272,0.12429624326724699,0.615016991738424,0.3685055563903337,0.49999999900000003,0.21958185470385272,0.12429624327431471,0.615016991738424,0.3685055564965821,0.2937928154669557,0.7783505154599054,0.3842676929308993,0.11630208454013065,0.7777,0.6290124447979468,0.8940020845401306,0.1798189609955858,3,STABLE MEDIUM SYSTEMS
GTM,Guatemala,0.2618465087617673,0.3121409483360726,0.159303313508921,0.2923819781985882,True,True,True,True,False,False,False,False,1.0,A,0.2618465087617673,0.3086193745393984,0.159303313508921,0.2947930176576009,0.25380191032804034,173,Emerging,0.26184650849992075,0.3086193742132303,0.15930331334961767,0.2947930172778125,0.9999999980000001,0.26184650849992075,0.308619374230779,0.15930331334961767,0.2947930173628079,0.1918342552967547,0.8865979381397598,0.37523241983820194,0.07502977362587658,0.7883,0.6310382863949817,0.8633297736258766,0.1753072084937605,3,STABLE MEDIUM SYSTEMS
BOL,Bolivia (Plurinational State of),0.225132330701489,0.2513381211757334,0.2831350892098555,0.1402940729491456,True,True,True,True,False,False,False,False,1.0,A,0.225132330701489,0.244359172356883,0.2831350892098555,0.09885476219004745,0.21190899653179904,187,Emerging,0.22513233047635664,0.2443591720986291,0.28313508892672035,0.09885476206269064,0.9999999980000001,0.22513233047635664,0.2443591721125238,0.28313508892672035,0.09885476209119268,0.14025581587503272,0.9587628865929961,0.3456346734217472,0.051815357580216735,0.6711,0.6411621020628041,0.7229153575802167,0.1735500764249353,3,STABLE MEDIUM SYSTEMS
NRU,Nauru,0.1213986273286956,0.5061455163677087,0.0972812234494477,0.4807901905859778,True,True,True,True,False,False,False,False,1.0,A,0.1213986273286956,0.5136554452005402,0.0972812234494477,0.5375235384731654,0.29785186771937,161,Emerging,0.12139862720729695,0.5136554446576772,0.09728122335216648,0.5375235377806618,0.9999999980000001,0.12139862720729695,0.5136554446868847,0.09728122335216648,0.5375235379356418,0.24606844081769555,0.8247422680369859,0.4191389430031339,0.23943354103226627,0.8654,0.6165894249238725,1.1048335410322663,0.16977501380122534,0,STABLE MEDIUM SYSTEMS
TJK,Tajikistan,0.304365142258967,0.273922688120869,0.1238317757009345,0.2979852033444324,True,True,True,True,False,False,False,False,1.0,A,0.304365142258967,0.2682279446801151,0.1238317757009345,0.30201177813870544,0.2514160200736231,174,Emerging,0.30436514195460185,0.26822794439663517,0.1238317755771027,0.3020117777496169,0.9999999980000001,0.30436514195460185,0.2682279444118872,0.1238317755771027,0.30201177783669364,0.18889675382448004,0.891752577314991,0.370683873508883,0.0897856026126659,0.805,0.6289614953714194,0.8947856026126659,0.1585184318360806,3,STABLE MEDIUM SYSTEMS
SUR,Suriname,0.0737471163521128,0.3785423411676922,0.615016992353441,0.1714482387703455,True,True,False,True,False,False,True,False,0.75,B,0.0737471163521128,0.37879648846386055,0.615016992353441,0.13899137194570824,0.28638552367319325,162,Emerging,0.07374711627836568,0.3787964880635249,0.615016991738424,0.13899137176664256,0.49999999900000003,0.07374711627836568,0.37879648808506405,0.615016991738424,0.13899137180671686,0.2319511097900454,0.8298969072122171,0.36135926834161725,0.10349449079539128,0.7682,0.6304796877298388,0.8716944907953913,0.15120582160809004,3,STABLE MEDIUM SYSTEMS
TLS,Timor-Leste,0.080396456441294,0.3399575702057176,0.615016992353441,0.1788387898264873,True,True,False,True,False,False,True,False,0.75,B,0.080396456441294,0.33801770729560826,0.615016992353441,0.14851278443744623,0.2826049225892317,164,Emerging,0.08039645636089754,0.3380177069383702,0.615016991738424,0.1485127842461139,0.49999999900000003,0.08039645636089754,0.33801770695759054,0.615016991738424,0.14851278428893344,0.22729644420781267,0.8402061855626793,0.35739913703637666,0.09030780170640769,0.7626,0.6317408267816194,0.8529078017064077,0.15089817521696702,3,STABLE MEDIUM SYSTEMS
MDG,Madagascar,0.1258502387956234,0.289553912480526,0.0707306711979609,0.3393296968596327,True,True,True,True,False,False,False,False,1.0,A,0.1258502387956234,0.28474799291838215,0.0707306711979609,0.3552768153503848,0.20120654185944986,190,Emerging,0.12585023866977316,0.28474799261744277,0.07073067112723024,0.35527681489267376,0.9999999980000001,0.12585023866977316,0.28474799263363415,0.07073067112723024,0.35527681499510794,0.12707898332845022,0.9742268041186896,0.3431379291072732,0.06895253573708783,0.7261,0.6357782050245196,0.7950525357370878,0.14686751190145136,3,STABLE MEDIUM SYSTEMS
GNB,Guinea Bissau,0.0060083359076905,0.1945991519391104,0.615016992353441,0.3302411871781132,True,True,False,True,False,False,True,False,0.75,B,0.0060083359076905,0.18439390749908074,0.615016992353441,0.3435678847232176,0.27832750154128794,166,Emerging,0.006008335901682164,0.1843939073042018,0.615016991738424,0.3435678842805914,0.49999999900000003,0.006008335901682164,0.18439390731468683,0.615016991738424,0.3435678843796497,0.22203009526212628,0.8505154639131417,0.3518654360667827,0.09943996980091258,0.7545,0.6316709213922114,0.8539399698009125,0.14199856668739824,3,STABLE MEDIUM SYSTEMS
COM,Comoros,0.131274935751109,0.2179697149691569,0.615016992353441,0.3540554781011742,True,True,False,False,False,False,True,True,0.5,C,0.131274935751109,0.20909336927689767,0.615016992353441,0.3742483692167633,0.3285174949732633,155,Emerging,0.13127493561983405,0.20909336905591483,0.615016991738424,0.37424836873461076,0.0,0.13127493561983405,0.2090933690678043,0.615016991738424,0.3742483688425149,0.2838238761482873,0.793814432985599,0.3397186945046588,0.10294261127480417,0.7315,0.6330037489868431,0.8344426112748042,0.1292386511802662,3,STABLE MEDIUM SYSTEMS
LBN,Lebanon,0.3142402396745158,0.2330648139015806,0.1769328802039082,0.3540554781011742,True,True,True,False,False,False,False,True,0.75,B,0.3142402396745158,0.2250468068827619,0.1769328802039082,0.3742483692167633,0.27707674563407503,167,Emerging,0.31424023936027556,0.2250468066449185,0.17693288002697533,0.37424836873461076,0.49999999900000003,0.31424023936027556,0.2250468066577151,0.17693288002697533,0.3742483688425149,0.22049016805378466,0.8556701030883729,0.3415542599814926,0.10381036039450504,0.7442,0.6320735029188137,0.8480103603945051,0.12785759428018634,3,STABLE MEDIUM SYSTEMS
SDN,Sudan,0.0598416387889014,0.098329870948969,0.615016992353441,0.1810731530476861,True,True,False,True,False,False,True,False,0.75,B,0.0598416387889014,0.0826505552684612,0.615016992353441,0.1513913646304242,0.22608469193632896,182,Emerging,0.05984163872905975,0.08265055518111096,0.615016991738424,0.1513913644353833,0.49999999900000003,0.05984163872905975,0.08265055518581063,0.615016991738424,0.15139136447903284,0.15770889279012978,0.9329896907168403,0.30986360752029773,0.07218233538941712,0.6313,0.6426840423090943,0.7034823353894171,0.12429603638327799,3,STABLE MEDIUM SYSTEMS
SOM,Somalia,0.1498725340623882,0.0469753292328884,0.615016992353441,0.2619649703562118,True,True,False,True,False,False,True,False,0.75,B,0.1498725340623882,0.028375887661913825,0.615016992353441,0.25560610504016934,0.2682927120995018,169,Emerging,0.14987253391251565,0.028375887631924425,0.615016991738424,0.25560610471086626,0.49999999900000003,0.14987253391251565,0.028375887633537936,0.615016991738424,0.2556061047845632,0.20967529029796692,0.8659793814388352,0.33394524607268844,0.08522805363858409,0.7688,0.6316649591088017,0.8540280536385841,0.1141900471491343,3,STABLE MEDIUM SYSTEMS
YEM,Yemen,0.0285386873063819,0.0865224006450518,0.615016992353441,0.2086405444075195,True,True,False,True,False,False,True,False,0.75,B,0.0285386873063819,0.07017168768237159,0.615016992353441,0.18690705249513598,0.22307695494053312,184,Emerging,0.02853868727784321,0.0701716876082098,0.615016991738424,0.18690705225433946,0.49999999900000003,0.02853868727784321,0.0701716876121999,0.615016991738424,0.1869070523082289,0.15400577533239765,0.9432989690673026,0.30896123465592845,0.07346223086529673,0.6778,0.638997742902309,0.7512622308652966,0.10769444173063586,3,STABLE MEDIUM SYSTEMS
GNQ,Equatorial Guinea,0.0560676603138352,0.1671001434614802,0.615016992353441,0.17404236677194,True,True,False,True,False,False,True,False,0.75,B,0.0560676603138352,0.15533124829194653,0.615016992353441,0.14233344516486593,0.2372241571321166,178,Emerging,0.056067660257767535,0.15533124812778282,0.615016991738424,0.14233344498149456,0.49999999900000003,0.056067660257767535,0.15533124813661528,0.615016991738424,0.14233344502253248,0.1714237714826418,0.9123711340159156,0.32011759952357866,0.07497492799193096,0.7528,0.6334655990759704,0.827774927991931,0.10093243655163718,3,STABLE MEDIUM SYSTEMS
PRK,"Democratic People's Republic
of Korea",0.0935156255883958,0.1296405029326368,0.615016992353441,0.3540554781011742,True,True,False,False,False,False,True,True,0.5,C,0.0935156255883958,0.11574157480982294,0.615016992353441,0.3742483692167633,0.29851934303103445,159,Emerging,0.09351562549488016,0.11574157468750006,0.615016991738424,0.37424836873461076,0.0,0.09351562549488016,0.11574157469408136,0.615016991738424,0.3742483688425149,0.24689023457249684,0.8144329896865236,0.3143971223349396,0.10979276840347015,0.7485,0.6313769142654684,0.8582927684034702,0.08255998692942168,3,STABLE MEDIUM SYSTEMS
SYR,Syrian Arab Republic,0.1358913768647058,0.0743948159425676,0.615016992353441,0.3540554781011742,True,True,False,False,False,False,True,True,0.5,C,0.1358913768647058,0.05735450332822768,0.615016992353441,0.3742483692167633,0.29955465411760834,158,Emerging,0.1358913767288144,0.057354503267611885,0.615016991738424,0.37424836873461076,0.0,0.1358913767288144,0.05735450327087317,0.615016991738424,0.3742483688425149,0.24816490671445418,0.8092783505112924,0.3111332489341667,0.11504157573178894,0.7672,0.6297819360482017,0.882241575731789,0.07007592282576756,3,STABLE MEDIUM SYSTEMS
TKM,Turkmenistan,0.1431475143387359,0.1742850609877841,0.615016992353441,0.0635626880057608,True,True,False,True,False,False,True,False,0.75,B,0.1431475143387359,0.16292471514978615,0.615016992353441,0.0,0.22928344541993825,180,Emerging,0.14314751419558838,0.16292471497759722,0.615016991738424,0.0,0.49999999900000003,0.14314751419558838,0.16292471498686142,0.615016991738424,0.0,0.16164718921853832,0.922680412366378,0.3115005493106727,0.08302147241624001,0.8038,0.6294812107629449,0.88682147241624,0.06922888862951933,3,STABLE MEDIUM SYSTEMS
CAF,Central African Republic,0.0205523956386631,0.1518859585218665,0.615016992353441,0.3540554781011742,True,True,False,False,False,False,True,True,0.5,C,0.0205523956386631,0.1392519532012164,0.615016992353441,0.3742483692167633,0.2813324497243933,165,Emerging,0.020552395618110703,0.13925195305404628,0.615016991738424,0.37424836873461076,0.0,0.020552395618110703,0.13925195306196442,0.615016991738424,0.3742483688425149,0.22572977914139897,0.8453608247379105,0.3062936383895922,0.11260379223573136,0.7627,0.6302400891651727,0.8753037922357314,0.0647209220717049,3,STABLE MEDIUM SYSTEMS
AFG,Afghanistan,0.0610516005380055,0.102615014056443,0.615016992353441,0.3540554781011742,True,True,False,False,False,False,True,True,0.5,C,0.0610516005380055,0.08717936051202571,0.615016992353441,0.3742483692167633,0.28306769265635784,163,Emerging,0.06105160047695389,0.08717936041988915,0.615016991738424,0.37424836873461076,0.0,0.06105160047695389,0.08717936042484635,0.615016991738424,0.3742483688425149,0.22786620543257602,0.8350515463874483,0.30344639951569463,0.11038439895348037,0.7651,0.6302281223780587,0.8754843989534804,0.060250991349307025,3,STABLE MEDIUM SYSTEMS
ERI,Eritrea,0.0,0.088856877889039,0.615016992353441,0.3540554781011742,True,True,False,False,False,False,True,True,0.5,C,0.0,0.07263890815048414,0.615016992353441,0.3742483692167633,0.2618441220226479,170,Emerging,0.0,0.07263890807371483,0.615016991738424,0.37424836873461076,0.0,0.0,0.07263890807784523,0.615016991738424,0.3742483688425149,0.20173580405806807,0.8711340206140664,0.2906071238070607,0.11067654675516712,0.8111,0.6272300391937187,0.9217765467551672,0.026061832733642622,3,STABLE MEDIUM SYSTEMS
SSD,South Sudan,0.0077494154071724,0.0201261421088243,0.615016992353441,0.3540554781011742,True,True,False,False,False,False,True,True,0.5,C,0.0077494154071724,0.0,0.615016992353441,0.3742483692167633,0.2496411650147028,175,Emerging,0.007749415399422984,0.0,0.615016991738424,0.37424836873461076,0.0,0.007749415399422984,0.0,0.615016991738424,0.3742483688425149,0.18671155719232138,0.8969072164902222,0.27978621141230575,0.1096514150726427,0.8424,0.6253411796114386,0.9520514150726427,0.0,3,STABLE MEDIUM SYSTEMS
