1.325948547283346546e-01,1.718877495032278269e-01,8.641416758348050564e-01,5.270291636874834262e-01,7.058367737667123887e-01,3.730625262330647951e-01,5.324855829188415157e-01,9.771031403876917487e-01,3.297030369681380746e-01,6.747885275082744494e-01,1.725055571952297528e-01,1.217398852603333026e-01,7.836401112590297702e-01,8.441082099871656252e-01,6.683116953494154799e-01,1.581958375444750819e-01,2.405879656425385926e-01,9.111757080951116139e-01,2.887040487997563076e-01,8.188605161971175272e-01,2.859372889104015991e-01,9.394625693234345265e-01,9.144529128370030291e-01,4.326317362878795425e-02,7.704139868674085845e-01,1.694617602344070662e-01,2.152716259063814919e-01,4.598452123314757944e-01,5.763181497494500594e-01,3.257997189704919805e-01,5.753833655542092140e-01,1.706583713411365943e-01,2.233765438103707535e-02,5.712243883617631468e-01,5.174152599623188520e-01,6.896539640759249412e-01,6.498220619678245491e-01,8.974863802339554386e-01,4.594686201615458820e-01,8.369474692942024951e-03,6.306526815968540589e-01,6.751324296032183980e-01,5.214949893959697214e-01,6.893048702412156725e-01,3.235838132361527064e-01,1.488083031910791831e-01,6.645536639564065817e-01,2.451864292155286895e-01,4.563159092842048459e-01,4.916227306116486284e-01,4.771995504683884670e-01,5.984491436799558306e-01,2.945370892585885692e-02,9.896824949300880858e-01,7.163104739385712794e-01,4.253877817987626875e-01,1.913300302902443129e-01,8.017732244335629144e-02,6.721904206261218873e-01,3.169556149585582849e-01,2.294784582498680114e-01,3.799543871123334249e-01,5.929230878077100808e-01,6.717052166840011829e-01,6.451700693545301402e-01,8.632655834919735760e-01,2.187574310701152491e-01,6.367461631971355063e-01,1.011143761860940904e-01,5.479346898991778181e-01,5.839584024896712355e-01,2.162372989341736496e-01,3.916931299912368436e-01,8.271928895838024376e-01,1.484090537529634268e-01,4.345061976158401951e-01,9.327330712114518807e-01,5.041089276996009172e-01,7.251337118332870091e-01,8.268660395555509357e-01,2.037743748454924342e-01,2.182172355329323743e-01,7.585914560983835209e-01,7.533067381764009252e-01,6.018332063961906453e-02,3.224982406949643554e-01,3.985324919084379802e-01,8.290404034711537085e-01,4.218622554297374316e-01,9.259288904032437761e-01,9.966077771406400831e-01,7.807261656943496053e-01,6.663866895672574397e-01,3.918971659871227642e-01,6.703944605203338014e-02,5.731387563961305442e-01,3.617049055439909289e-01,3.508980758323435589e-01,6.877092527094356145e-01,4.636393585966357422e-01
7.520938447714500263e-01,3.981732226853791357e-01,1.508633854865626400e-01,4.613475261902465485e-01,9.510125143253632674e-01,8.015246291165583070e-01,2.057492550733667214e-01,3.913005016449426776e-01,9.277920952205377381e-01,1.236990587265665020e-01,2.539502418649359772e-01,2.622226458718963649e-01,5.709328756619834744e-01,4.107333197113227641e-01,7.987067399629987907e-02,6.291814545770856304e-01,9.907786452015021617e-02,6.064149319790781423e-01,5.070083802260257899e-01,4.936686607253125691e-01,6.749624529922981786e-02,6.392204468835358533e-01,4.313202585893307628e-01,4.111061222856865482e-01,5.964513964185367279e-01,6.062480599465474018e-01,1.503329576198852990e-02,1.252259012032066465e-01,2.365182208447206280e-01,6.779773333459790940e-01,5.767411270296074477e-01,7.576291323847537118e-01,7.406078055438569674e-01,8.531828692061507180e-01,3.768148612724139257e-01,3.450638661833027587e-01,8.310154030534632197e-01,2.376015338671845223e-01,4.611723736736069723e-01,1.943256520222497175e-01,9.138407421392136243e-01,4.078030130966253664e-01,2.124868982308283361e-01,6.920133905689119791e-01,2.446446782104786388e-01,9.435036031702234149e-01,3.676170148094114465e-01,6.646407121018370612e-01,3.452449311574133928e-01,8.072455829934737093e-01,8.969227410227758046e-01,7.879183594147861625e-01,8.484990187275199824e-01,1.018808279376359760e-01,9.240646770330663839e-01,6.243007288752803197e-01,8.692175321661996801e-01,6.844367641854154360e-01,2.018476685437103901e-01,6.095551016456765003e-01,9.094623972314097582e-02,6.957230302181586223e-01,4.090011410805727277e-01,1.517331731002089512e-01,9.792298158684140663e-01,9.010844242106811341e-01,8.935437134032537809e-01,7.888203063522528646e-01,6.919811251435176169e-01,6.550794802922451643e-01,1.060938377038552760e-01,9.005662353184541447e-01,8.811283963046103729e-01,7.478526265248534033e-01,9.273149590751225135e-01,5.530834513979919764e-01,4.476423347175553236e-01,9.679474021662787253e-01,4.641311877976560529e-01,6.413244410671576912e-01,3.730621468584389699e-01,6.363262260197278808e-01,7.200989956256876878e-01,6.246555252885503950e-01,5.145629412161977223e-01,3.001107976252328502e-01,6.438456761362233438e-01,9.084288952613628343e-01,6.912591169667359203e-03,1.339290274296903727e-01,1.197731584998557031e-01,9.232053028928540739e-01,6.627476889626147116e-01,9.517881064701505522e-01,5.828132732124282622e-01,4.617328971592536968e-01,7.923429118143624494e-01,1.609422674752245541e-01,3.813381163173213961e-01,4.662742405342237273e-01
2.984583945121181969e-01,3.712856124084784604e-01,7.810518692441825728e-02,1.979835894495579618e-01,3.354967203309283663e-01,7.958904332331343534e-01,1.824973548428638903e-01,3.466403739842246479e-01,6.492028819693518304e-02,5.571043448266059794e-01,6.112508881409277617e-01,8.655164634621669295e-01,8.191159985019640377e-01,2.853779546838804970e-01,1.369536891898597286e-01,1.560831822104037370e-01,9.689639430404445308e-01,6.732258140073573704e-01,4.257078780323930722e-02,1.367792550450945832e-01,4.858000651009557469e-01,2.078288042931197843e-01,8.036589850000188662e-01,5.732171175693648868e-01,6.126322077892983886e-01,4.628255480492118323e-01,2.560627754263155031e-01,5.894036132025465280e-01,7.169700461607317887e-01,3.709480776301669058e-01,5.049436306178353151e-01,8.396839704720332476e-01,1.486817618224602899e-01,5.452244192741003692e-01,3.484126618292281430e-01,7.027947582172304752e-01,1.881024316239465755e-02,6.704732998031887048e-01,1.028977340161874032e-01,6.476775299365800098e-02,7.246233009586129370e-01,6.403421529040734805e-01,8.949359308926587708e-01,5.196549558006451353e-01,5.300244255271671090e-01,7.070178355765505129e-01,3.233975763532511705e-01,3.691245542193255513e-02,2.300458257190578504e-01,2.380134118963666001e-01,3.356588502781938654e-01,9.434627330404629086e-01,8.048427986631478959e-01,9.359562452051920500e-01,9.986095901130004338e-01,4.337790040870445063e-01,2.270733166803046155e-01,5.600041612552490999e-01,8.811344139481187554e-01,4.657318610145781967e-01,5.053993025722535171e-01,1.344391059278267075e-01,4.204554925677610466e-01,3.869948098085781441e-01,3.516885028654496148e-01,8.872986699241998121e-01,5.930143321233294351e-02,9.721471828973469176e-01,8.246825273136026979e-03,9.455940139498090202e-01,5.480475028385435321e-01,7.024452444001157980e-01,1.871328496951232268e-01,6.542115390166070021e-01,8.819576685277326078e-01,1.394801398336515952e-01,1.270816122732899567e-01,3.039779091494727581e-01,1.617258924753981475e-01,1.106458480933470989e-01,6.783190359852917517e-01,2.138266139124908038e-01,6.670148994019862165e-01,8.619292271158163210e-01,6.520247914130005151e-01,1.193670699154009140e-01,5.735775740474450268e-01,3.936286842115508389e-01,3.433709367224947462e-01,3.185314686298321707e-01,9.294322238196455199e-01,7.425074566777277729e-01,1.338487895802950023e-01,4.760054797324637654e-01,3.182230752539195739e-01,9.779383125459581994e-01,9.780289729531694842e-01,3.195344743330349457e-01,3.521131161454547076e-01,5.994142071365455848e-01
4.793070143275001138e-01,2.131008721584414234e-01,6.604121669886113821e-01,3.341286438752384402e-01,6.537164983321676059e-01,3.836815223277997289e-01,7.002098938562716368e-01,6.677994708896505260e-01,5.088127559210007256e-01,7.047399907108308215e-01,4.609656762320152312e-01,1.161382996501229004e-01,1.821062533373546399e-01,2.459931341656128589e-01,6.322892822569659010e-02,7.113812206306701080e-01,3.673902268316183717e-01,9.352329632699729611e-02,8.199581207255802751e-01,6.836542844635749017e-01,4.522242371277008788e-01,2.474253350927342332e-01,1.517458937928467533e-01,4.583741917550619993e-01,8.852457430105623581e-01,1.883953232719699500e-01,5.686592289914879084e-01,9.616859952222559516e-01,6.371165747646129196e-01,4.399647301558683443e-01,7.163729729389084477e-01,8.245779190187064733e-01,5.905162978868421231e-01,8.718323589929926065e-01,5.145917593757376451e-01,8.300290022062566386e-01,9.520192404056951885e-01,5.012434670235170753e-01,6.050017155853252282e-01,6.094675429498349617e-01,7.814348635982906188e-01,8.229658401774228027e-01,2.722931620606072745e-02,7.333595640903878277e-01,7.838152446302376619e-01,7.004294394582368799e-01,7.136956593230960877e-01,4.140285918426944711e-02,4.420386619489060642e-01,8.181796497217406205e-01,9.340071412951036489e-01,2.294679205719347692e-01,5.791949403527950624e-01,8.043302395505836921e-01,7.524076428591857102e-01,6.188901169800791191e-01,1.869118826200022454e-02,7.238858401115658703e-01,7.732425032788149410e-01,7.228495066256349633e-01,7.658091614899567023e-01,4.309148926788602951e-01,9.937521459253909617e-01,7.707869158726589065e-01,5.786800052799855321e-01,9.341912697466239202e-01,9.081983394580183111e-01,8.145670653342649281e-01,5.636949189837663354e-01,5.271010191467134787e-01,3.287079319745207506e-01,2.508779791039483786e-01,5.123595169750865264e-01,5.777817617119738181e-01,2.445264314588455612e-01,9.226012436534787309e-01,5.572739967343185441e-01,5.265053253821465606e-01,4.356383883661402168e-01,5.807129571686053815e-02,8.824013344598492514e-01,3.169942264430297696e-01,6.424603344682944250e-01,6.074335589700353699e-01,5.844868253845267869e-01,5.257122020115840844e-01,1.814398334313280792e-01,2.806057410479655401e-01,5.241880712703000933e-01,7.893424515969259536e-01,4.319889706504186355e-01,2.039225530461308278e-01,8.794442480542596918e-02,6.630110034940241981e-01,4.233399706211645741e-01,1.253708926226418940e-01,6.744668799869837361e-01,2.075787308543731724e-01,5.090160483036770822e-01,3.061879750768604636e-01
9.316900644340003756e-01,2.282880662711656017e-01,4.199185215420284667e-01,9.594935968280058347e-01,3.187251799383153950e-01,6.445931630110001143e-01,3.167270437063252064e-01,1.106749791172489950e-01,6.275472326842927995e-01,9.160315352853404258e-01,4.525646672340918331e-01,6.261765426924671418e-01,6.088984132566230834e-01,4.150897026278759228e-01,6.148966387647305520e-01,2.593180844189721945e-01,3.780379046030520884e-01,4.423188563623751124e-01,8.640086835624805062e-01,3.483328948332549135e-01,6.351370481158263859e-01,2.134038374188986786e-01,2.525697290539267170e-01,6.484288754599776272e-01,7.623099273666036346e-01,4.621171765262814812e-01,3.350996967777665203e-01,9.102715559322724914e-01,1.358078150490427127e-01,7.207142376493470559e-01,6.901707497471029074e-01,6.902451627277941260e-01,9.354204444235243443e-01,7.281903009807921823e-01,3.015651894095841001e-01,3.534092242323092492e-01,3.911109731998942962e-01,3.080867409810605917e-02,9.135103154082570009e-01,7.355260386480388934e-02,6.997942820974716316e-01,7.301610048433117006e-01,8.437150506305396425e-01,5.533622555955225453e-01,7.252644238565368884e-01,3.027229244659510599e-01,7.455840109127900295e-01,3.434157372618859005e-01,9.028384784266960672e-01,1.633818077663827806e-01,3.157573106739535174e-01,4.987694515551306385e-01,7.758505571480978080e-01,7.487991051030319367e-01,2.107168743245034781e-01,1.442356966117963601e-01,3.039696042940982501e-01,4.837541516759025217e-01,5.390050448257506233e-01,4.291375909552791468e-01,6.630901166480069886e-01,4.275589435972376728e-01,9.463290099387946519e-01,2.609688479815359674e-01,6.273721206700947350e-01,6.113779386601317922e-01,2.815747218822840514e-01,4.116876245140272950e-01,3.654736194399708094e-01,1.724990600204893143e-01,4.772952126315439525e-01,3.866622530218414289e-01,1.783173600671593695e-01,4.498800454177614982e-01,4.218439682587391548e-01,1.313656776594597231e-01,1.311875419180108526e-01,6.475073798456973950e-01,7.065808047171039386e-01,9.411804199089047751e-01,8.700469046109982063e-02,1.178614923782534962e-01,5.181812846791100657e-02,5.322284307569300488e-01,6.227466142952264860e-01,4.035234519321576618e-01,7.979022209611327243e-01,6.866994360038001233e-01,9.858404209468599744e-01,1.378949832996786418e-01,5.831566434250134989e-02,2.748037055693878239e-01,1.905019531684404299e-02,9.326114278665126323e-01,3.039516586881754190e-01,5.524301669714588581e-01,3.180696328787419036e-01,2.458086219888234725e-01,1.523647239748799898e-01,3.203659203291355784e-01
6.154189304079745737e-01,9.716211996875278034e-01,5.580920403671494334e-01,5.327090660990051463e-01,3.526301810514687052e-02,8.400990156676927390e-01,4.484137499757323564e-02,9.062322741034791740e-01,5.386717253567179231e-01,1.684666052340354492e-01,4.517073920064587078e-01,9.949844806831983357e-01,3.050828520440930225e-01,2.694597685485786709e-01,1.180058950425059150e-01,5.971423487908388283e-01,8.922699901396291544e-02,7.660080638040771550e-01,9.192235143305580447e-01,9.318711112154993703e-01,1.079162528774377794e-01,5.582625973529687924e-01,9.710985490216661464e-02,5.720161414842972469e-01,8.149805852095810543e-01,5.377901623032846912e-01,8.720538261066811403e-01,8.016743548493776572e-01,2.765483499399283840e-01,6.301022828824416333e-01,7.412126476131430941e-03,3.960419159248643739e-01,2.379601677842951846e-01,9.371163459434861398e-01,4.053890117231599977e-01,6.540644284224805816e-01,7.319816092736072255e-01,7.732125386815075219e-01,7.357751920175288340e-01,2.891650609877347566e-01,6.860676967292220763e-01,5.490094822622832993e-01,5.973726647975188264e-01,8.146173087548724823e-04,2.582576009528565475e-01,9.306836967156555396e-01,2.900760833057257626e-01,4.380155222496425749e-01,1.866739821957410506e-01,1.386025519036897524e-01,2.086689686387050990e-01,5.536473288669729875e-01,9.190286513901081422e-01,3.261991798961902944e-01,3.234079522079710278e-01,5.641405868868683005e-01,3.567427176931352584e-01,9.104160479839880082e-01,3.778480426422619054e-01,4.904422525194670479e-01,5.333892839704108546e-01,7.820677951304711994e-01,5.639059394148836502e-01,2.391551001473241067e-01,1.239872066263673078e-01,9.377745466889639836e-01,8.015629946391074068e-01,2.296521028891573835e-02,8.215289843235475953e-01,5.905977939047687419e-01,5.188942350349433630e-01,1.222917902355891151e-02,7.808640563844151394e-01,1.980650142412501147e-01,7.279812131940790465e-01,1.586824736581726736e-02,7.963536496661861586e-01,2.303946835504055990e-02,2.358929040725190607e-01,2.682782125127134432e-01,1.575086381069263908e-01,4.810581961953690477e-01,2.836879596167088957e-01,9.932879757272566890e-01,5.799687933654389393e-01,5.664778250542404914e-01,2.208696301064552170e-01,4.086894387149113683e-01,1.239779943600000101e-01,7.625292522503862580e-01,3.311592461534769161e-01,7.519658333932103256e-01,3.716959999294754402e-01,9.887572401148455592e-01,1.711216222546217969e-01,1.523893883331295385e-03,5.948255413783857248e-01,9.529532000878381259e-01,6.470540549059793367e-01,8.572352274818095808e-02
5.404803824662254286e-01,9.094869361377273531e-01,6.506067880012733617e-03,1.669122128377987790e-01,8.145615561026163798e-01,8.939071065774828462e-01,7.071606208682709171e-01,9.915601636398208019e-01,9.021592958656932115e-02,5.456765158365602941e-01,6.849947226475862072e-01,7.026447203690878718e-01,7.934846153441826866e-01,9.176260450993831697e-01,3.616414456171146430e-01,4.296339280763583623e-02,3.624419144809583049e-01,6.716147633872349143e-01,2.134560873336435183e-01,8.099729515587104078e-01,2.197644577228308194e-01,1.006340238017333633e-02,5.080807742235793345e-01,7.264615714036199989e-01,3.496553405368340028e-01,7.488957995367867548e-01,4.384043341210082101e-01,1.717146173067354287e-01,9.055839379895491703e-02,7.105871649073474128e-01,3.857147876028778066e-01,9.127737679237702961e-01,5.402550585739497313e-01,3.484324182207025888e-01,3.489909269897231159e-01,1.314378644526491557e-01,5.937891535891566264e-01,5.821671354103221674e-01,7.999936919364935006e-01,2.011969624670760792e-01,2.907896424758273923e-01,9.723796909558168888e-02,2.953422022689067283e-01,4.281021157544007139e-01,9.640284059539837580e-01,6.530660028749133428e-01,7.828739297791954543e-01,3.255098852204901805e-01,1.445128128080964691e-01,2.567199419133298077e-01,2.564676909993210963e-01,5.831153282934271598e-01,3.414711324550286919e-01,8.573988643332788318e-01,9.885445192364979983e-01,3.432984052634484584e-01,7.050602736870107412e-01,6.574865819203687956e-01,1.944624877322814749e-01,9.180085948206340163e-01,1.994425871884012436e-01,7.369571316696987839e-01,3.476096422743124581e-01,3.670815670089713212e-01,4.554490528889603151e-01,8.645079780551395698e-01,1.402519415112121193e-01,5.456957783475391288e-02,4.020408189137814059e-01,5.558509914208809022e-02,6.876008830574404929e-01,7.603250750272132485e-01,8.547123947532588861e-01,7.438422454835968978e-01,9.163513936926791503e-01,7.483011227232221341e-01,9.360756398784015886e-01,1.931107942093631680e-01,4.998631328677302088e-01,9.939305997049087127e-01,6.815781825427156271e-01,8.786411179892573697e-01,3.039379383285523151e-02,8.717578985684373283e-01,6.977132345720976625e-01,1.707554339877106475e-01,2.568095642359657926e-02,2.599265781256528962e-01,9.157733589927702367e-01,6.681329387002864495e-01,9.194691042833242900e-01,4.461507824942594347e-01,9.366270952352410140e-01,4.629598154450056402e-01,2.042547244183344768e-01,1.513934641844473239e-01,9.938118130350442891e-01,3.338626614745708876e-01,1.600530253175876938e-01,8.408430890752160991e-03
2.855695665296223984e-01,8.891161436025389886e-01,5.340093206773016687e-01,6.324350515249549387e-01,9.223911038905329152e-01,5.128399181070292245e-01,8.382798458526146135e-01,3.238332780763536478e-01,9.771018628412199147e-01,7.881387351245239259e-02,7.248295255132646275e-01,6.605662867602943855e-01,1.916715058508169367e-01,3.888439988465359765e-01,3.128291167770064218e-01,9.449286833249537221e-02,5.847880229508412020e-01,9.936698455651654660e-01,5.595881410533892764e-01,5.452599068793619885e-01,4.031370735454831156e-02,1.392202233636904429e-01,5.132190891022609947e-01,9.851785641840713481e-01,8.766077354618588835e-01,3.402091213731675001e-01,5.430042542281274809e-01,5.527022222541366769e-01,6.853606127621831856e-01,6.877820412391385529e-01,7.897924883859737122e-01,2.497102483968238751e-02,9.436801906374457927e-01,7.006204598924659077e-02,4.761601114769399290e-01,9.195792763590426855e-01,4.876688292310797923e-01,6.363683423311683462e-02,2.292400198119391996e-01,5.786667553684227139e-01,8.786161789896906882e-02,4.236779310172964497e-01,3.290932661914048873e-01,8.152076278242395002e-01,1.101319383354492087e-01,6.827984501587862631e-01,4.065890708759091199e-01,5.877506804723285905e-01,2.055317719205447258e-01,6.097036847616255084e-01,6.739777274161127263e-01,7.023156466107782769e-02,8.243442675829369959e-01,8.612541128882413854e-01,6.355405568279470785e-02,6.031874880972857289e-01,5.940114969722269933e-01,1.245841186844331983e-02,3.423464139559513342e-01,9.689257827137476298e-01,5.554507522687429644e-01,9.332118027415050587e-01,6.756446358773839922e-01,2.839051822327642860e-02,7.771319804839205148e-02,7.221789553674229367e-01,5.545677903690193755e-01,1.271516645998757022e-01,6.140626783536162758e-01,8.102873605681961688e-01,7.529824301326120128e-01,2.461624600320669876e-01,2.581949666560439116e-01,9.678378051021137018e-01,8.874048021527162211e-01,3.183373144308719871e-01,8.240544896690084054e-01,1.617385297325454330e-01,1.968411013265644049e-01,1.811960538453453173e-01,8.772077501351516204e-02,8.546781161613553612e-01,5.788068982045753152e-01,2.589560924939385833e-01,8.486550327275941275e-01,8.026467593928202637e-01,1.009515181277556017e-01,6.441393737349718762e-01,7.218336015257705851e-01,7.158273369859639024e-01,7.231427078539375275e-01,1.694577856490373513e-01,3.150864542687693559e-01,8.441785085044624104e-01,8.983917502275495792e-01,2.791888865648702867e-01,2.301951617775244152e-02,8.597669471661081309e-01,3.770918378250825986e-01,3.294635559599363717e-01
3.469996796886256618e-01,4.156964239676415040e-01,3.782666216549210869e-01,5.664308991335603727e-01,7.894027849819018616e-02,9.715401943085151260e-01,9.364510344721612700e-01,9.344066466154992145e-01,8.792776240819134559e-01,6.603263021817297185e-01,2.211085627484323801e-01,4.948348714637229584e-02,9.932106478176661035e-02,3.239925004656055707e-01,5.038830254957854526e-01,9.932530711847940008e-01,4.354434917945991801e-01,5.246460904913767820e-01,6.951572471880805848e-01,1.807339704477962661e-01,9.328270015622557310e-01,5.290346058427342069e-01,2.762563456017685937e-01,9.351089863388404311e-01,6.254506185589501222e-01,4.836897312492104417e-01,5.801559099607741521e-01,7.483022189052266349e-01,1.545380036929533407e-01,8.648304307032252947e-01,9.595068102982129421e-01,5.669996517500744959e-01,6.822708467975980851e-01,8.598334808462407830e-01,3.748106314165005060e-01,9.928317948823983663e-01,6.805013693068976410e-01,4.239986983579820956e-01,6.773379750016271794e-01,5.216800325134364202e-01,1.116415715383651808e-01,7.958653047693184934e-01,5.643755802529321075e-01,7.958455578738886649e-01,1.549119403674658058e-01,5.383571568007756714e-01,7.666242722129128495e-01,9.883045675907983219e-01,8.843972763852586683e-01,8.643496270606393361e-01,2.474601381463980010e-01,8.379846017090474275e-01,1.692812775429630712e-01,1.981076645484335375e-01,1.101167437434720231e-01,8.575965307137871640e-01,1.082544964513186825e-01,1.381114797450100351e-01,2.458871500823858192e-01,5.726624091206410361e-01,8.801801853004030951e-01,4.182281552555681126e-01,5.462859491917851917e-01,1.664893999572529815e-01,2.659458558977916276e-01,1.339257624857749240e-01,4.099188448670897378e-01,5.903356586781923765e-01,2.840195300334541484e-01,8.459958555747926212e-01,9.812383510066343684e-01,1.201548523145810066e-01,1.786005601532414389e-02,7.897769073947837892e-01,1.906426778033448732e-01,3.531465926608590156e-01,3.942312182758103134e-01,9.165993889009445006e-01,6.588382157661619720e-01,4.060949030289073836e-02,1.481024071415459886e-02,1.995680975302801530e-01,3.181719408727113896e-01,4.845238340865989368e-01,8.378394123088555023e-01,3.148177560347594772e-01,3.765372192716552879e-01,3.293379300096576090e-01,8.965336032905613095e-03,9.552015391181197801e-01,1.389958841364737907e-01,2.876674782032470068e-01,1.293033020964418078e-01,4.905431561567226151e-01,9.321661149424991244e-01,1.007007176254862690e-01,4.408969235884960813e-01,2.237484577157844434e-02,7.708982213861481636e-01,6.412261435544249766e-01
6.996986637071501702e-01,4.723363608957327209e-01,9.076330295564057904e-01,4.095574508726095297e-01,5.140850747870769899e-01,6.952892222706293923e-01,5.205606410954599639e-01,1.893356479163279538e-01,3.170706180449119893e-01,9.229446813880526346e-02,4.326134972172978044e-01,6.093920930863280239e-01,1.185299442691406524e-01,6.305871214701289640e-01,8.928721397521093284e-01,3.377237329855196091e-01,2.220330962188198365e-01,8.930060638419030639e-01,6.919452358975486383e-01,1.053948680565538476e-01,4.081119520617324525e-01,6.740895997545487406e-01,5.743838749754547335e-01,6.185471193498730536e-01,5.671351739739260989e-01,7.980613653048902467e-01,3.204269567969786348e-01,7.084623478993630208e-01,9.910794424942842573e-01,3.899588577811803347e-01,7.910483145547930750e-01,2.461092371361710551e-01,2.818967122840493333e-01,9.348638741835431087e-01,2.593835624868878753e-02,2.174273448608292636e-01,4.829206978120030858e-01,4.018476217041864196e-01,6.291697312350312821e-01,1.927220503603819246e-01,7.054700436853134082e-02,3.693333978047570465e-01,5.243552421441809441e-01,5.620018370849113598e-01,6.014935235424667681e-01,5.486619957615549437e-01,2.457519709711876166e-01,7.645497359690017758e-01,8.778026173939856847e-02,1.983538795521829767e-01,7.393780090191141019e-01,2.797261341052517114e-01,4.934734416094052056e-01,3.271977408555588607e-01,5.069812116160031801e-01,3.466557999473650620e-01,9.942079899060504156e-01,3.574775893581466635e-01,6.270494173976454144e-01,8.883432176508774258e-01,6.379349943647504295e-01,5.658572551096086034e-01,5.692294547562082307e-01,4.964607109233855065e-01,8.075804014044550838e-01,5.042407836138196320e-02,8.851299079293276639e-01,5.862922202456427589e-01,8.488732212557482670e-01,1.039270254420854300e-02,8.692764039616176497e-01,1.201375191732668712e-01,7.212180063923991913e-01,4.165213928878437333e-01,6.810723910979243900e-01,6.281897376773641906e-01,1.633965470672418263e-01,5.146137644475518025e-01,2.772304731945407497e-01,5.604368428480124287e-01,7.380032830528440169e-01,8.125841458183791222e-02,5.157624235310253047e-01,6.176298207622584746e-01,2.953674535972138360e-01,9.530034827960071064e-01,5.203028255068294916e-01,1.825170898459327340e-01,1.077882617992840242e-01,5.416595491653655170e-01,3.752383811269289771e-01,1.925470977683846341e-01,3.069848678577458134e-02,5.666000800378799829e-01,5.986002368336619250e-01,1.418026011814684795e-01,6.017380497703043174e-01,9.519727547075984564e-01,9.782956099897394120e-01,8.884929365570050086e-01
8.070785808357405777e-01,2.093678367133312568e-01,1.564351824959301362e-01,4.449476022853544599e-01,6.196317513185524151e-01,8.506786840083779833e-01,2.319630411368015510e-01,4.796479005203325707e-01,6.474402419568459077e-01,4.455938545344191315e-01,4.541936770792842637e-01,2.251171610282790558e-01,9.866609049110759422e-01,4.751932834074433787e-01,5.327419454054919123e-01,2.185592912868290494e-01,5.141367183318186207e-01,2.553495585343067420e-01,2.023362513834664478e-01,2.757222509429344548e-01,2.759648505280987152e-03,5.701511120016838907e-01,3.874800055228432294e-01,8.986890191939302941e-01,4.070717361252118582e-02,4.320030085575010670e-02,8.858735173125834583e-01,1.266446422043412401e-01,2.160104124001804848e-03,1.789138637130137655e-01,8.238761750976041354e-01,8.027140827601022544e-01,3.401322108434510216e-01,6.680309172598519751e-01,5.072497073358277486e-01,9.047349898459060569e-01,5.642347541742231964e-02,8.131791287366317844e-01,1.705986694274600479e-01,3.916208974317593183e-01,1.919571514347658825e-01,7.026144095941390111e-01,6.783261797532577075e-01,5.478976016990269038e-01,6.981630368036552126e-01,6.395647806046738104e-01,7.764420556842680510e-01,2.394066512905487221e-01,4.289126149407205268e-01,1.516265293542287118e-01,4.295935642201940130e-01,7.016917514203412365e-01,6.913911607843515883e-01,7.094269032949428455e-01,3.087675286443565259e-01,6.622139737909238377e-01,3.674663195889381617e-01,9.444920461050498872e-01,3.433663658803387531e-01,6.030182340443880351e-01,7.501457141921760163e-01,9.064074290263411937e-01,4.379286034539109362e-01,3.604851082082679570e-01,4.300281753165889898e-01,3.236963515497808253e-01,6.539244900673140126e-01,9.327167640085840539e-01,1.260710064893667548e-01,5.609220647701569362e-01,8.976487253603310235e-01,1.001145446560175456e-01,4.938654107662808768e-01,8.652295958604461212e-01,9.004522117120823399e-01,5.143521611529164872e-01,2.495188446771745561e-02,1.056391784278216672e-01,5.867167452412337392e-01,1.238586064663449449e-01,1.494177769112707832e-01,7.721170977821139036e-01,7.506920585755003650e-01,8.427727594254719179e-01,1.057351365061056647e-01,1.981448810968177154e-01,8.329614298586506260e-01,7.210876086977920929e-01,8.059561278280401586e-01,9.897456749079220906e-01,8.644316061557021369e-01,5.204632508497603061e-01,3.107681847972574296e-01,5.696765865747011048e-01,6.385865502344524325e-01,3.353121412596209439e-01,7.709370374846784557e-01,9.275379265788674665e-02,7.793928506817099366e-01,3.199851868194847349e-02
4.979660607214901891e-01,8.614364634832663015e-01,8.649527402139756127e-02,5.177389364941696881e-01,1.593914389613163562e-01,8.948157500609352777e-01,8.323455270336301837e-01,9.339172432934876866e-01,8.749823415300935769e-01,7.365533098659906575e-01,1.848891955885028082e-01,3.025026156689006873e-01,4.968551583080074163e-01,5.888967815147236884e-01,7.821833953132099060e-01,2.269596281870609467e-01,1.282773941469632639e-01,4.826101705936360897e-01,1.578414108729205845e-01,6.937368023295722441e-01,5.756308900917173066e-01,7.411077970188847397e-01,6.343655965510841543e-02,9.646975604442038499e-01,5.536675737993768109e-06,3.254424150135347693e-01,6.796347933662397756e-01,4.514207386211888107e-02,8.334958135760694997e-02,7.668143722822029495e-02,5.815097267209793364e-01,8.959253150385381170e-01,5.554369777122619700e-01,6.035713522796716246e-01,3.460016512079894246e-01,1.874115865553227511e-02,2.161471775121637240e-02,8.883099664809113172e-01,1.025724387196467191e-01,9.997893718125953066e-01,1.644226115112781272e-01,6.746344439551894556e-01,9.489554721809057014e-01,3.622892776420262306e-01,7.344331887479893517e-01,3.508566434423351366e-01,3.049410567614453393e-01,2.018040825754389145e-01,8.209349068988645026e-01,2.573870636091478703e-01,2.831581629058576022e-01,9.989697421987774328e-01,3.273104354453197917e-01,4.227744888320489336e-01,9.900554577748348350e-01,3.693003454174262901e-01,3.661520072358669387e-01,8.277144662138602449e-01,3.119303684876920668e-01,2.337861036424071504e-01,4.232102551753222919e-01,7.006408005761927127e-01,4.324302497926535427e-02,3.739160272185667599e-01,3.462449019458403443e-01,2.448183472620325540e-01,6.542873359043449577e-01,2.899900804136773536e-01,6.067315590080030185e-01,5.043368414546269829e-01,2.171898708258985788e-01,2.665660570421816145e-01,1.706000533065639146e-01,5.662921485095784302e-02,6.191884631049116017e-01,6.727886939143343792e-01,1.659999936086699046e-01,6.153923846860732683e-01,9.820847400575780650e-01,7.440209493782212746e-02,4.903708724988636858e-01,7.330382136438537977e-01,4.600919782972689998e-02,7.782734939976156952e-01,9.795112370928859002e-01,8.848786353275317484e-02,8.222299054659253370e-01,3.785815445120942480e-01,1.441162024340117975e-01,4.931932091963477927e-01,7.151873578121570318e-02,5.221014081671842000e-01,1.935678800404960764e-02,7.286114416727301757e-01,4.879696858115886160e-01,4.589396609351805711e-01,1.961914937420836669e-01,3.612631557947657557e-01,1.818694324216663105e-01,7.353901005357392773e-01
1.990252994330272696e-01,6.167533270517150390e-01,2.796075010677521178e-01,6.569821959233271835e-01,5.404549589213423211e-01,4.234386316527199989e-01,6.730008334104714551e-01,4.157220716082291601e-01,8.213706025750328044e-01,7.295984582352659231e-01,5.406389945130811725e-01,8.770606825859970090e-01,8.288618214680555374e-01,5.318393946204992284e-01,6.844769370079750725e-02,5.659963521992440461e-01,3.552569895602855077e-01,5.401129428037341196e-01,6.471304604975933739e-01,6.448385748506396675e-01,6.735240435180014362e-01,6.792686250450148400e-01,1.092814187135041637e-01,1.917123304572936338e-01,6.305410045423509580e-01,4.081723887310366727e-01,7.628516453057635482e-01,1.249092822628321553e-01,1.915229944205393275e-01,5.584646424364729800e-01,5.007480192678986919e-01,2.663971539766899488e-01,4.083432435051584930e-01,3.498127805665307566e-02,3.703810799437412538e-02,9.492700282487165353e-02,5.767924532005604954e-01,8.637164146131536269e-01,2.602232892595750524e-01,3.393982972342024507e-02,7.086271020523124964e-01,8.553522390050665170e-01,1.381727852631017273e-01,3.857476959404001482e-01,1.587368405902047641e-01,1.063574306093652000e-01,6.481685384743745004e-01,9.675364761781313216e-01,6.781656256207622135e-01,9.848146628076182019e-01,4.343952760702913807e-01,8.978697888273601269e-01,2.050842246663046042e-01,1.179043670107930986e-01,7.025200509124363002e-01,3.714083308626358049e-01,3.176876027471016162e-01,6.712805779976580567e-01,3.334840417694880932e-01,5.725581722485213465e-01,2.994551062613043380e-01,7.837575882112514103e-01,3.123883404953153864e-01,5.349941444962201809e-01,2.317608369701174009e-02,7.917307833583927534e-01,6.203377748219760512e-01,1.922370669928956666e-01,2.153733760910251371e-01,2.624929185048220370e-01,5.765301045955618653e-01,5.483163330930229673e-01,2.738637196418893804e-01,6.940622919770036425e-01,8.890411659337311701e-01,4.351547765353847019e-02,4.171966378226814598e-01,5.935201185448099048e-01,5.864352035369994054e-01,1.953534698951076010e-02,2.105660658486050441e-01,6.183072131212152822e-02,5.689650725499341144e-01,6.453898876694671438e-01,1.597421634234775789e-01,3.330111193420726146e-01,3.298037433760210302e-01,8.198023315897834395e-01,1.946594045291333286e-01,5.483141213256584878e-01,7.829355125008843341e-01,8.295781928970478170e-01,6.665660942847330128e-01,2.995277522618828847e-01,8.230465748288562366e-01,7.421660271001265796e-01,7.044691338292692340e-01,6.733539888500716941e-02,4.326488065154954210e-02,6.953652977015795100e-01
9.447948012339306700e-01,7.737239280630193727e-01,8.314755664936885893e-01,5.449822808497903903e-01,3.045861440880739401e-01,6.777368967668842004e-01,7.119708754926925565e-01,6.753579716940069089e-01,9.467090567193204853e-01,3.671790332645564758e-01,3.965753895578350008e-02,9.084443527574094235e-01,1.604991188540813019e-01,6.973183393874324842e-01,8.732044397726843599e-01,3.101413980146351390e-01,8.304152408549264619e-01,3.320581262714441539e-01,7.942579282362497439e-01,6.982986297372573148e-02,6.552429986709277232e-01,6.771380805787960977e-01,4.914258300809564162e-01,6.870908638627107878e-01,9.231836705538409849e-01,7.338548249682279589e-01,9.612960289846598227e-01,4.486123138520717868e-01,5.282907317039571282e-01,2.637386972377068206e-01,9.856016678008684417e-01,5.513673516127237662e-02,3.586204176168102942e-01,2.976971647686128541e-01,3.865117131280554341e-01,9.177178605198655914e-01,3.680378740685148475e-01,9.169766527000005052e-01,4.233388616632026702e-01,8.547687692202082799e-01,5.217500985006687797e-01,3.113528434283149293e-01,4.493497989678872928e-01,4.243810789782034298e-01,2.599140620855509010e-01,2.896387299919067626e-01,1.864539213110544269e-01,3.360005572076083524e-01,6.244058032491710541e-01,3.865581687096312224e-01,7.123232109262922496e-01,9.869781696879531552e-01,3.771010794844850134e-01,4.626392140896169458e-01,1.641101569480976075e-01,3.922152857793160807e-01,7.268324507906793741e-01,2.174047997424628509e-01,1.820540486552292281e-01,3.763748736491917546e-01,8.186494857177314399e-01,6.236571897114834284e-01,9.575793775866063839e-01,9.045404349276254807e-01,1.511371968232423368e-01,4.255277460721462734e-02,3.990947341947541638e-01,5.220794788186395863e-01,5.155706152187145008e-01,1.341072677710553052e-01,1.248174321546103860e-01,4.686075577920367774e-02,8.508599260554003951e-01,9.477441380681788097e-01,1.156850202179716680e-01,2.131223685491115960e-01,8.986288473491033102e-02,8.775021711408349523e-01,9.587087335362409757e-01,2.617965767208900729e-01,3.035838299353749159e-01,3.626696844129395636e-01,5.024637593807312896e-01,6.824609786449268301e-01,5.043905832546241585e-01,9.510015816762411589e-01,9.989345852149866811e-02,7.986055122750630453e-01,3.344830908134710512e-01,3.775476880865475948e-01,7.088294437102253820e-01,9.293771098743789372e-01,7.162007785535767779e-01,7.758605753793966775e-01,7.507792421587988763e-01,3.209786059837248517e-01,7.569304331822478416e-01,7.845207602198016605e-01,5.334003206505127936e-01,5.367562386668163210e-01
7.597208030624837960e-01,8.170308622244074614e-01,3.371954420306704225e-01,8.015622175752906697e-01,8.142090066754111843e-01,2.341256409185793474e-01,7.169507453167159872e-01,1.865339218361583562e-01,9.304911298812923448e-02,5.745430120502276194e-01,9.086521987833989789e-01,3.545902352576324468e-02,8.265016375949216787e-01,5.064712107035066468e-01,8.608954487212299167e-01,8.434769351710468266e-01,8.752868048162886216e-01,7.688739548066733098e-01,8.429923545469949486e-01,1.760252072012036262e-01,3.038531488749416365e-01,2.424861708072963973e-01,7.424283037280604569e-01,1.536431193671359274e-01,1.822277903777885788e-01,8.789647207219425384e-01,7.058821929128381578e-01,8.753799779190867270e-01,1.393552582606905066e-01,3.989804045613023487e-01,2.831511700763176265e-01,9.681085279649503939e-03,2.845229604387068401e-01,3.795832519778794545e-01,9.221963724271187157e-02,5.664875578268198097e-01,3.831726624726331520e-01,4.646166227754544575e-02,7.039788648679767835e-01,7.292798338411035086e-01,8.344714429694349844e-01,4.855405998669826140e-01,9.686587973345097691e-01,9.140641445324564351e-01,5.513516251001315815e-01,4.449519310694172169e-01,3.034427902922853804e-03,7.109945317392337705e-01,5.649545040496910531e-01,9.375441454860806711e-01,5.942321252412441357e-01,9.928560938927298851e-01,8.538192718632904299e-01,9.535979358149531127e-01,3.276627712850389562e-01,1.493359947672664445e-01,7.968721137951253475e-01,7.861971029691324775e-01,2.114489394055631966e-01,7.647446541349127713e-01,5.819733580414061525e-01,1.095251449016729772e-01,5.017835975702087392e-01,9.311380008386784812e-01,5.064575454452288072e-01,7.886989895534720629e-01,2.890998664195654211e-02,7.280814128625936466e-01,9.468373861374772549e-01,4.995277848929358111e-01,3.377099130255863946e-01,6.466505048868972372e-01,9.162612150932193389e-01,1.767696505333429258e-01,4.036942100227097763e-01,1.562902809818411676e-01,4.966542322198927994e-01,5.404220130305590342e-01,9.442036147216601449e-01,4.125151537676273739e-01,5.669566135396982842e-01,8.852625740541523180e-01,3.214050001761586950e-01,6.741638689675899521e-01,7.571618488220964727e-01,3.305282346870094257e-01,1.643411855306444735e-01,5.029095419022733271e-01,3.568017301333016311e-01,2.664624317922139607e-01,9.734213106941049798e-01,5.021530187015331714e-01,8.564776938434237596e-01,1.953174105433591601e-01,9.394427648991305890e-01,7.944314345690217660e-01,8.086921561891423638e-01,3.897648751959286173e-01,4.856369930776862631e-01,5.933543258986800906e-01
7.897655362050647332e-01,8.490567520604376250e-01,7.804530935193443320e-02,9.040623875331744719e-01,9.374966525042609522e-01,5.928874043567855523e-01,1.867506132549059394e-01,8.184148327034894699e-01,5.485876145495989231e-01,8.171964537163796116e-01,8.148081265893165615e-01,8.672931568579245187e-02,6.070214283706640845e-01,4.831442992687212667e-01,9.461194699995176816e-01,2.966412919253963443e-01,2.060001061909250142e-01,8.970868560191547214e-01,1.487155689001047332e-01,6.865194587244617397e-01,3.000198138418108673e-01,5.678457554974776222e-01,6.162194328412611277e-01,4.173692819579667423e-01,9.749649802370957685e-01,1.318331680849791354e-01,3.913990890367570197e-01,4.303953268743158089e-01,6.310469489961815226e-01,4.072597581945190948e-01,9.703601137216322225e-02,9.474299981808261828e-01,4.160790816386856772e-01,3.426737272170725657e-01,4.467221241740046977e-01,2.165956821289224399e-01,1.002216846686508900e-01,1.485784791088625711e-01,1.666548270035596024e-01,1.976734382158951142e-01,4.199602122261922865e-01,6.238992690441536038e-01,6.288878380267325374e-01,9.756956192685795060e-05,9.209576668983998626e-01,8.228471805323216426e-01,9.639380394360398396e-01,3.599863447301928643e-01,6.647992766893969785e-01,1.680207492560971128e-01,8.170330272203359945e-01,1.613677229543688529e-01,3.259857008077495788e-01,4.908348559469832839e-01,5.945316688527504390e-01,5.596330242867315619e-01,1.020960117099972697e-01,4.216760028638509850e-01,9.229092642058225326e-01,8.723685277518515857e-01,5.907835232546397863e-01,5.723245754536013807e-01,1.116751826493301847e-01,2.002594523103033985e-01,2.526397426040960514e-01,4.881957285238056610e-01,7.313560480957187471e-01,4.607253556042582021e-01,1.260610418373977470e-01,4.393488770113804787e-01,1.626332537488883734e-01,7.511473516928844907e-01,1.665008604045790097e-01,4.825339895444566984e-01,6.934136026610929759e-01,2.281980639452085846e-01,7.603010763732642729e-02,5.632994760747487284e-01,5.420266350439251202e-02,5.877686429681679980e-01,7.534985375862014445e-01,3.293159916723065184e-01,4.883494090806921317e-01,9.287618382249465121e-01,4.711088641755524220e-01,9.965540613933888681e-01,1.570024113576728997e-01,7.089339024832891356e-01,6.526185981972539851e-01,8.723048135263271607e-01,9.244321199054073013e-02,2.802065915018167042e-01,1.321792257603352505e-01,9.330951222719214844e-01,4.266353246452571080e-01,9.100658455350690845e-01,2.944069943588226712e-01,1.263681013616518856e-01,2.965372729860163981e-01,5.971743593280489648e-01
8.452325917845908698e-01,3.853906932249968609e-01,9.148086592534842021e-01,2.442320596779287145e-01,6.935406873037668340e-01,7.357133504822722658e-01,2.739629193306160060e-01,2.696987830052743895e-02,3.652373420507554203e-01,4.519614730613608078e-02,9.007537754021777143e-01,9.535252629340579267e-01,7.353799159460004953e-01,7.266845853138338418e-01,2.408926694117305978e-01,7.392557655808462691e-02,8.021046358609166260e-01,5.591619315533675749e-01,6.816275307871749733e-01,7.796410680862300158e-01,4.094342689522688650e-01,1.445465899783177077e-01,7.950367993628953966e-01,4.537656392284074025e-01,8.269242308559325849e-01,4.376991467600127583e-01,2.170164084573060759e-01,1.710050166537823157e-01,7.439217565591678127e-01,5.748891227939967319e-01,4.046029004646864990e-01,4.921167561913319943e-01,5.496386052865398497e-01,2.394164418257960225e-01,3.781655796976891581e-01,2.924114651097350359e-01,3.884238467456272437e-01,5.005622135179048637e-01,1.733575390543659056e-01,3.935150626488880254e-01,3.854944433069235066e-01,2.860038168422627258e-01,9.984963248024520954e-01,7.362750899429137963e-02,6.429511392857357732e-01,1.744386065364356142e-01,8.395239892851823482e-01,9.141965360093008419e-01,4.014779826089588388e-01,8.234784494207096905e-01,2.499094493500604308e-01,1.400685073292615712e-01,3.158782664026109632e-01,3.416740138910472346e-01,3.973575447855789422e-01,3.729589419578187570e-01,4.111444528505039386e-01,7.100333658051299901e-01,2.455801328657352123e-01,1.857559576512168853e-02,4.896805513812716448e-01,4.482912442048639923e-01,6.006498984343044967e-02,1.338014015014137303e-01,5.099208946848938773e-01,2.347507600195792854e-01,8.775982941414469662e-01,1.732924864594951320e-01,2.012263184851625919e-02,4.475637693910603510e-01,9.861631106082554554e-01,6.338725263064763915e-01,3.540297212619244460e-01,1.686801146785832373e-02,4.849484397422267890e-01,2.064660021384302491e-01,6.477540854466460329e-01,5.830084937313012583e-01,2.652137753871849357e-01,6.888273421867163737e-02,7.550191980403346825e-01,5.854640945929422413e-01,8.421262495086283550e-01,2.598000156367162861e-01,6.528620647804120880e-01,1.186805005286849513e-01,2.918099079168436916e-01,6.565391118773695744e-01,8.255813051447931095e-01,3.209255017433468860e-01,7.988535565565012542e-01,6.777524602732825088e-01,3.486747715075998455e-01,8.763969377444392750e-01,5.092290660354311660e-01,6.482468225460822353e-01,4.956313419034801271e-01,4.527199604907680142e-01,8.479777172388563988e-01,2.947044150386257666e-01
3.662922236372467832e-02,8.797826435449611626e-01,8.250239530511830344e-01,3.665604745696127154e-01,1.854511387052112381e-01,6.755336430484709664e-01,7.876090363563925667e-02,4.237547555388084808e-01,8.586232154003115014e-02,5.979096753287628241e-01,2.720838380962997682e-02,6.292383756343116197e-01,6.732055732893965638e-01,4.871444746251510916e-01,1.750073292976118688e-01,1.013939386272072474e-01,3.132923481370032404e-01,4.652066796000123849e-01,6.422083168448444734e-01,1.250127518499621893e-03,7.110639192353631621e-01,7.127119321252765038e-01,4.445378064924998540e-01,3.434064457479517607e-01,8.423085646703586393e-01,7.845874820312279674e-01,9.832760885177239674e-01,3.719308053389520641e-01,9.068326048570983788e-01,8.740188589295228017e-02,4.114660662508522471e-01,4.653741187486589714e-01,4.408743162034581831e-01,6.250981884311237469e-01,1.702078388381689233e-01,8.664521717262519962e-01,5.517640185396393004e-01,9.042095480132643637e-01,2.631644021484746965e-03,6.299881135929964460e-01,4.124578468548328880e-01,5.050990617494575119e-01,7.438045107802853106e-01,2.271517483366896073e-01,2.048994352143880260e-01,7.030078177371430481e-01,5.213657589441801354e-01,2.336390980616903645e-01,4.840186346694154151e-01,4.595584057771595621e-01,6.914444274153115355e-01,2.661103619279403532e-03,5.867602657714829917e-01,6.056781505122754705e-01,7.455101371879198080e-01,8.892304660354490853e-01,4.401897971116888186e-01,3.425202243088844023e-01,1.023203775112863090e-01,3.368358448932330385e-01,6.848466444440770573e-02,8.028202053414548178e-01,8.070061478458364634e-01,4.172376572947781304e-01,2.596412338764908512e-01,1.180200754522717776e-01,8.512371660218464031e-01,8.774952783854053084e-01,2.662896145898140388e-01,6.217605484677636296e-01,2.586536647903886488e-01,2.251266271435787836e-01,2.120805063141528723e-02,5.771594175860624842e-01,1.499415431855571912e-01,1.237118286693195124e-02,1.048511643368172930e-01,3.137691915878138005e-01,6.691631901117116588e-01,2.026230533321251581e-01,8.875905625316717895e-01,2.884884103829500335e-01,3.312262894236499555e-01,2.179771799519772957e-01,2.538053370718383883e-01,7.413511455314181209e-02,2.947705787161895019e-01,8.596174596006229685e-01,6.884245413956133763e-01,8.752682038656165453e-01,1.048590143793566298e-01,4.556166308421590871e-01,2.292548729801150431e-01,7.212155905561480340e-01,9.702378247258904853e-01,8.153594790502878276e-01,3.527816675100636790e-02,3.166596946442341576e-01,2.857969045052355384e-02,4.016696693098553705e-02
7.951530416441388027e-02,2.763269289705618803e-01,3.042027676381311441e-01,4.004535132348882032e-01,4.049310944662961598e-01,7.714090118431810028e-01,1.414032435788997732e-01,1.577406158042576889e-01,6.265890516722339987e-01,5.717421521924966887e-01,1.540047054821124251e-01,8.522644268539191215e-01,3.290594141012074259e-01,3.669673485444862049e-01,4.204600808345885232e-01,3.227018707389357477e-01,5.574550522726264834e-01,3.886477231581985103e-01,2.594347259452876031e-01,9.044748677107743440e-01,3.083507401401547332e-01,6.984889254688219085e-01,3.472267703568961972e-01,4.352199868774718761e-01,2.359435234013316229e-01,7.523296193872541782e-01,7.372032514262530922e-01,2.223994580810018107e-02,6.019404030129182903e-02,9.223764547449395668e-01,8.888268472378507701e-01,5.060871927785303148e-01,4.933573915583364666e-01,8.124241743837925522e-01,1.384501468848789996e-01,6.536991213459590888e-01,4.759829944872595586e-01,7.433310293156228932e-01,3.010279131199045111e-02,5.927255497239385384e-01,5.567282152155575981e-01,8.408483295891853171e-01,6.768362975550278327e-01,8.801603583956375543e-01,8.872733216425588987e-01,4.081640008997178271e-01,1.374341337518131256e-01,6.302836558221880381e-01,8.737460984085103632e-01,7.495334419476074039e-02,5.579232730846641619e-01,1.149995266598239363e-01,2.699599175520195349e-02,6.796353539408335198e-01,6.818496118721638632e-01,6.006580449963619950e-01,8.592228039017971719e-01,8.087643979347836076e-02,1.052602616987593498e-01,8.645354379794472077e-01,5.032767198862631020e-01,2.730528088382372376e-01,7.381569779852873436e-01,8.944037226044020406e-01,6.896032862029621846e-01,7.919325966784490634e-01,2.824972401951925116e-01,2.887753594105424426e-01,8.641238803546323899e-01,6.148628486552153438e-01,2.341627516737364578e-01,5.241618154622121883e-01,6.858604714722492668e-01,2.185490812507879799e-01,6.549064082077359350e-01,4.214484981776778216e-02,3.036916230041611930e-01,6.739718117261147556e-01,1.493490654899015668e-01,2.221990306424989070e-01,8.790932903583893454e-01,6.743210994316084506e-01,4.989187102566737808e-01,2.108933921274522838e-01,3.414096565822580809e-01,5.743304982873591591e-01,1.553125939046684501e-01,4.817440798981889039e-01,4.089743941380223902e-01,4.766873414276182608e-01,1.055608212802994217e-01,1.064970870450285823e-01,9.641109527463213036e-01,9.793677337247685966e-01,4.261646579118182343e-01,7.889954536508373417e-01,6.557914269230769033e-01,1.169168546183889656e-01,2.966786573346977818e-01,3.136514086445204574e-01
5.957744348592238781e-01,5.799767123144700109e-01,9.235086937027555676e-01,7.900363139762739406e-01,8.568476646029736798e-01,8.912286136110093571e-01,8.012766725549803626e-01,3.328812610571076913e-01,2.150129713345000360e-01,5.717673380210469558e-01,6.895683164533187304e-01,3.865679689631658089e-01,8.483386499645102496e-01,9.605665928179834001e-01,5.693957261373520096e-01,4.565920622162182863e-01,8.428871169425179444e-01,2.426954698938665889e-02,1.290126158342480567e-01,8.456576590062677701e-01,7.320285856479924469e-01,4.161366982043259721e-01,8.888518577244050034e-01,3.514582876453871130e-01,6.338453578669174249e-01,6.343344703259159445e-01,1.843318926142362146e-01,2.848517361640580114e-01,9.160069226960857458e-01,1.834148537934170431e-01,1.735746218476245106e-01,4.796154737338740315e-01,9.219736823784097091e-02,8.946261889843734050e-01,1.001491383124710755e-01,6.165574768407944273e-01,3.397818564453181089e-01,8.042728854710338160e-01,5.898107457675385579e-01,3.883061410794381718e-01,9.838729845448107580e-01,6.623098846553066021e-02,5.777863032306767010e-01,9.895683115440448985e-01,6.909526432130170814e-01,7.397696316421930041e-01,3.209114457948591959e-02,2.136316309696240090e-02,3.611011198219282736e-02,9.917239021762320750e-01,9.795197607408514529e-01,3.345089257642618330e-01,2.909818162658288632e-01,1.459587455178442683e-01,3.291402991647583987e-01,3.701499305472703005e-01,7.482828167590336310e-01,8.662935529197347551e-01,7.467351197413880648e-01,6.464751010955724908e-01,7.659000780887978976e-01,7.384974791518053028e-01,4.757496937303947737e-01,3.358514024613578064e-01,2.827807168775995361e-01,6.793554595127816453e-01,9.593041244452251703e-01,5.810547189356300990e-01,9.125265024722660767e-01,1.422937097294751929e-02,7.944706467360057589e-01,8.536026579600796138e-01,6.309938379436957900e-01,9.340609993617295936e-01,5.899129928812996138e-01,2.405369025267493077e-01,2.157172294481942698e-01,5.558362666927152418e-01,9.064839304962108990e-01,7.236794575507699001e-02,6.043905122109110017e-01,7.698034729820245614e-01,1.154020696235691368e-01,1.167696907120129302e-01,3.661279966695880628e-01,2.738811735497168609e-01,1.983141588936897515e-01,1.986941736113452261e-01,1.306690324248358515e-01,6.108540130819524183e-01,6.881256035840870311e-01,7.029362268790445567e-01,5.323539761386061331e-01,9.529062696655666853e-01,8.805327775900657628e-01,9.576311426662800219e-01,3.887954781271779625e-01,8.777831599550246500e-01,7.628746994068837939e-01,3.399729030340130631e-01
1.065932585042193015e-01,6.826212498968077247e-01,1.364523241218803529e-01,2.937758070011120548e-01,5.003645764437872900e-01,6.798825351484730772e-01,9.262276571973049322e-01,5.932400448489966172e-01,6.714130996720948374e-01,3.100138501509780431e-01,6.872926164285388939e-01,4.377901207300745057e-01,8.569311828837737899e-01,3.924505139014743405e-01,4.682720216565569027e-01,4.325877569102578590e-01,8.111228343073850766e-01,9.536991970119053086e-01,3.272763009832739822e-01,4.750279007620767935e-01,7.059262666932356600e-01,8.953816220347310395e-01,4.937006968460206924e-01,1.088935082267272758e-01,3.686713835013215590e-01,5.503618854401129967e-01,4.175246059660325804e-01,1.865557267880700865e-01,3.698949534321749333e-02,6.874086660798949255e-01,9.927371907771425086e-01,9.192066338966170536e-01,6.832709108608134851e-01,8.415298085164292230e-01,2.557276184671931629e-01,6.224344360784463959e-01,6.060421539896543308e-02,7.071839273124577163e-01,9.698723390242686149e-01,8.607973072178590757e-01,5.344408747716373753e-01,7.887402193127766026e-01,9.438988099481646632e-01,2.160175779392153883e-01,7.932585129773780386e-01,2.698469579688533848e-01,8.769474219396664605e-01,9.835450569014547728e-02,1.782184188698414662e-01,7.206164634718017492e-01,1.747775038632489730e-01,1.580543019030443697e-01,5.554668773988720165e-01,8.349872377090707953e-01,2.684674252746290790e-01,8.411381827054850158e-01,8.079533965459746447e-01,5.791054009593354923e-01,6.465627536872701198e-01,4.044118661190820863e-02,3.671355583037132497e-01,2.633949311183525488e-01,1.500038607274724045e-01,3.896593291569815376e-01,3.549041963474328654e-01,7.288916781297269942e-01,5.980963404767533076e-01,9.131000688020193268e-01,1.454075830558388960e-01,5.974860532352599396e-02,5.346077874911286942e-01,1.027138610785072181e-03,7.877189431349655990e-01,5.059728886850094476e-01,4.880655760578935798e-01,3.624959787241743836e-01,3.749738361487625626e-01,4.311336782506558496e-01,1.603234442603018728e-02,8.354578721620464776e-02,5.050480200112370532e-01,1.501222652198040963e-01,7.787626083469981753e-01,2.744851740045257671e-01,9.789963734932405348e-02,2.352099259034498013e-01,3.570982301557881211e-01,3.531660859488361393e-02,1.416755243863290215e-01,3.238467544775196494e-01,3.104804738097640682e-01,8.003866965598391836e-01,8.432554753126531022e-01,1.934185991435499741e-01,1.239398839128473817e-01,6.341624843214183072e-01,8.046235556954314250e-01,9.637230972241315197e-01,6.796284746514280606e-03,4.136781134268044946e-01
7.339878340943856161e-01,8.285592988743544218e-01,6.228594868309778043e-02,6.806145194641273211e-01,2.889387173989700353e-01,7.459695933312537885e-02,4.891025817546672538e-01,1.581533432041459797e-01,7.370075180616847410e-01,7.412617996994534941e-01,8.420677649875094595e-01,3.775686851477522143e-01,1.330979723064362741e-02,2.597359383744797245e-01,4.678116995252769028e-01,6.940112794160504528e-01,3.820405856867413741e-01,5.360483960671380554e-01,5.242635874557168840e-01,1.649823493583165712e-01,6.230495000800126970e-01,4.392517282053978178e-01,8.079187016524930209e-01,6.906112081288998672e-01,1.114691861975546372e-01,4.887584100365685025e-01,7.024943584941873986e-01,8.701172580734262141e-02,7.924970325566315088e-01,2.220045146443994089e-01,5.030847954736896721e-01,9.405612874726361206e-01,5.713342348222839595e-01,4.240544517039473993e-01,6.794927399142669522e-03,1.334136227740780889e-01,5.786638850979876070e-01,4.938250406537382231e-01,3.638291756468313709e-01,9.232158853941173637e-01,3.324825374259408051e-01,5.371507564441065918e-01,5.687134095241300757e-01,5.274683900639226541e-01,4.775853915400992689e-01,3.370637360119080883e-01,9.087636330396194895e-01,4.508032617591447577e-01,5.284488673460756569e-01,6.564779838302422510e-01,6.765604243153466868e-02,7.812881414632452115e-01,5.125073100860355613e-01,6.571769358449668363e-01,7.720120654136913840e-01,8.740993907642146121e-01,3.922204169529309725e-01,8.114298926822550717e-01,2.588368955659017256e-01,6.603356509573663491e-01,1.027073006796394017e-01,2.003046742407521563e-02,9.576312611263970709e-02,3.193824865624758091e-01,3.109461382466427448e-02,6.304912721872625303e-01,3.165445383822648173e-01,7.363760677142979771e-01,4.591513626960563865e-02,2.167015665474981700e-01,4.080034253296985769e-01,3.826515622940462880e-01,1.309986728363404795e-01,9.941368135816570639e-01,2.844395808338359144e-01,7.210320846514630677e-01,2.200266972117181918e-01,8.778512107260839636e-01,3.877583101496924201e-01,9.009024889891045218e-01,3.418349196339710572e-01,8.643821496913450808e-03,5.170204310784614066e-01,5.247879361510964236e-01,1.198341827886355571e-01,2.349635734192924152e-01,7.834955909813493546e-01,3.675582462865922828e-02,4.895266866866806454e-01,5.304081234135628042e-01,6.887120606761240049e-01,3.745626740013519029e-02,5.856463270904639362e-01,3.098036578183194223e-03,2.651783672891906418e-01,4.996842553164811962e-01,9.112813374256171217e-01,1.265898160055354271e-01,1.692891290032750851e-01,6.692500643838276142e-01
3.748616938223988670e-01,6.234214019228717651e-01,9.974541671342671556e-01,9.868716613488540679e-01,3.537135794944213929e-01,5.039253538248326114e-01,9.046901586293932818e-01,9.216766240855756021e-02,4.523039038368470433e-01,3.775773483164589495e-01,2.948827726609972721e-01,9.942042119223482022e-01,7.335492939723778916e-01,3.887469923929219862e-01,8.290218916654191750e-01,4.896661007120568510e-01,8.728244123678586819e-01,2.663798456305783713e-01,2.236002273870654200e-01,2.472866812474475706e-01,5.384805761250524014e-01,2.913133911551346600e-01,1.471196841463840999e-01,9.946279185057320671e-01,9.004332274414100779e-01,6.350124374930796733e-01,8.915428739239459333e-01,9.354627375078188312e-01,6.761082918658355423e-01,5.186797786913082131e-01,8.820017922146772271e-01,5.677969969129095240e-01,1.268005428538739876e-01,3.668560004575057709e-01,4.459209517353770469e-01,9.353690161355955324e-01,6.591854723058223620e-01,8.752775627958907512e-01,7.575917008399362107e-01,3.098608865226829545e-01,7.187089930641832325e-01,1.952997359238746178e-01,4.081458117174676659e-01,8.060918571559321233e-01,6.119291619152282813e-01,8.254125059526149499e-01,2.547035823500513052e-01,7.497488324272949534e-01,2.023243614418365199e-01,5.453041723980072142e-01,4.335345944544313213e-01,5.564758577708069920e-01,1.355334240282725089e-01,3.612278755130117203e-01,6.669038308661736636e-01,5.585307940810273486e-01,5.489697589118196497e-01,5.108301121312543991e-01,9.438849100388784219e-01,9.345696979397342119e-01,3.601449727982942717e-01,3.518950115842047754e-01,5.548984565730611385e-01,9.560628413920779778e-02,3.030067007675159019e-01,2.308675658011727361e-01,2.233896683364284819e-01,6.385055258952678781e-01,3.843503343441493358e-01,1.711643747583062591e-01,8.875718449877595395e-01,8.741486879377942110e-01,8.624629235322351928e-01,3.907449422577927711e-01,5.698245351045239104e-02,1.067420178944360476e-01,2.760480797712991929e-01,2.199700041086546376e-01,8.739856201488354071e-01,9.863581803892594868e-01,8.166736623318023858e-01,7.298489027491884551e-01,5.886241399273142161e-01,7.699082991798728015e-01,9.470333121923908415e-01,6.013446699070810197e-01,1.546132440198338953e-01,1.638583172687196887e-01,5.838628031285861830e-01,3.334685397848078381e-01,9.102473752449693478e-01,6.116423338359723294e-01,6.764926134233603117e-01,5.820710100902570794e-03,4.988485520626230185e-01,4.311647213889117092e-01,7.058718567675329458e-01,3.826386603333656877e-01,9.765750318871623259e-01,6.702031815564017947e-01
6.599183331425894083e-01,9.193411447579826756e-01,9.952048338983456865e-01,1.978206892621132695e-01,8.105331432147280246e-01,1.623194953220274961e-01,4.570434530542099028e-01,1.001854043324701404e-01,6.233709784671648269e-01,4.685181634050750166e-01,6.286989483257150457e-01,6.779607526154129982e-01,6.194322500312380297e-01,2.940291226073731279e-01,8.369591572436687610e-01,5.516861993751240867e-01,4.898511732168031596e-01,9.870638042348743868e-01,2.835079067064768532e-01,5.280303048951731082e-01,6.823245786079914499e-01,1.252259329332335858e-01,3.542397241465353730e-01,8.016887159973261623e-01,2.367582345998300308e-01,4.932903649036066707e-01,6.306306059829710486e-01,6.711623533076001014e-01,7.283104420478259122e-01,8.659773170429443390e-01,3.928594430336376231e-01,7.066319259638561556e-01,7.321746477702515410e-01,3.002741301269902241e-01,9.681579502116411939e-01,8.652191735220620128e-01,2.898613286995640470e-01,6.750686766869875566e-01,7.178006344592939847e-01,4.314836362753793342e-01,8.637432859409663877e-01,6.902293535090396892e-01,6.581546851527181330e-01,2.208403722847182005e-01,4.078423113495824870e-01,4.339224891323498756e-01,7.336610965790205663e-01,6.183945452575524415e-01,8.586059062626705263e-02,3.076979518872400288e-01,4.730475044615455316e-01,7.367329458569930045e-01,7.435691300796740677e-01,4.905433085716367492e-01,1.169323822606775920e-01,2.929034033728390440e-01,2.546923822470692489e-01,7.810264103082411591e-01,1.799863140056535693e-01,4.649212223951921796e-01,6.707188035143900606e-01,9.647861529500370015e-01,9.992405802244399560e-01,9.529221435554390274e-01,7.182423452535350306e-01,7.464408330220916321e-01,7.592100976090173647e-01,8.626048765462900336e-01,9.517854628522079974e-01,4.457061445203275296e-01,4.165108780421269419e-01,4.604644623786307012e-01,6.598171714565941315e-01,7.754453962777646536e-01,8.705443909013291792e-01,4.562107542826056017e-01,3.633726261801294433e-01,9.833526147022264574e-01,2.318876210072262634e-01,2.220048352524772728e-01,7.154074548264955924e-01,1.796572956026423196e-01,3.994089997461224284e-01,2.923868223142519485e-01,1.687104567569486235e-01,5.797072390978935674e-01,3.735114907546288610e-01,4.622341728484460344e-01,1.958630048255159961e-01,7.678668026717565542e-01,3.147120834507457499e-01,3.427181790268988282e-01,2.521539621001126497e-01,4.344035721190337984e-01,4.635766272386719900e-01,5.296669163295151250e-01,9.675682819819396707e-01,9.046918080457034828e-01,6.093926309870536517e-01,3.890346776309749899e-02
6.122603408767345323e-01,8.966860676411625430e-02,7.103442385187472841e-01,3.900776465809305815e-01,8.376964915685186641e-01,9.425292452651305997e-01,4.171103414656089914e-01,4.605552954737461846e-01,5.901475810128502530e-01,1.971327218580505303e-01,9.273328408283613156e-01,4.329999265013726450e-01,1.668203359160073118e-01,7.627318334188839533e-01,2.191513724439851929e-01,1.435292750718549781e-01,5.628720754940070847e-01,6.714952552915908202e-01,5.695627406649163005e-01,6.565106489473632179e-01,1.155240123077444503e-01,4.760180378841073479e-01,3.570186440885412260e-01,9.733686162401218311e-01,4.962393417946742158e-02,2.982942030599230465e-01,9.418621940917220048e-01,9.834961831843295199e-01,8.249016077271335012e-01,7.599824401640931093e-02,5.613550283435403410e-01,4.001229926704671369e-01,8.064525676954016342e-01,5.502423557133329091e-02,1.971287516447021160e-01,4.891950662226294266e-01,1.576476629478269498e-01,6.927151426942982360e-01,8.207672211397982753e-01,7.045198936276434454e-01,4.402837136399823104e-01,8.783876662526461931e-01,1.376861317199417067e-01,2.603385838990088796e-01,4.895396852523032916e-01,6.133859887925197096e-02,9.568578156654727884e-02,3.974433717223720963e-01,9.438862967345540422e-01,9.084136932770002781e-01,4.659748582784111193e-01,1.421585445107300671e-01,1.781076559584355845e-01,3.775460546091272684e-01,2.100741950867813790e-01,8.297559439037782703e-02,6.737774835199971113e-01,5.814486377926948446e-01,2.912967579780850746e-01,7.789483825523041416e-01,7.759488877058344780e-01,4.910019702127618180e-01,9.653255551189388051e-02,9.184694001013575804e-01,6.686605235409712744e-01,2.470508191519509289e-01,6.104545470342266356e-01,4.050214958276302513e-01,6.353496397359579273e-01,4.738708957310208136e-01,4.854721502397334465e-01,7.358820919073593148e-01,6.137257460639757856e-01,7.995269124422565987e-02,6.537357044630365266e-02,3.050092374967252606e-01,4.302459965387462892e-01,2.752225591792860637e-01,6.514598580699180186e-01,1.951079317256219081e-01,7.041410963961697300e-01,7.731507418889301819e-01,1.243193075956505744e-01,6.508062433629879795e-01,9.614359759001140926e-01,1.928238172633467418e-01,9.093028311161545085e-01,6.060479492740166174e-01,5.909448673317119205e-01,5.192268232086716395e-02,7.483002783863982321e-01,4.782730526480581945e-01,7.211743918351340987e-01,8.091811034466059871e-01,5.237963733722785786e-01,2.636443132783141685e-01,1.415724913928133599e-01,1.605031279324142801e-01,8.669346539457987166e-01,1.235780956303886846e-01
3.846940730465684410e-01,3.342746462890308079e-01,8.654556667389702307e-01,4.776935006942916173e-01,9.964464173481376585e-01,7.370547463031447144e-01,8.509235754042856481e-01,9.867226602667489299e-02,2.531022552648959367e-01,1.354461955718282429e-01,4.636219724005596898e-01,7.182874881619097929e-01,1.690635682030001696e-01,1.301685445697388088e-01,6.146087487804403615e-01,2.303127537634239719e-01,4.793250717537409500e-01,5.111772772771772111e-02,6.806128120674648230e-01,5.413163816420536456e-01,6.474228989586328087e-01,2.754063800597460476e-01,2.786029753615311133e-01,8.013605330907581648e-01,7.185623129848262014e-01,5.797286511986146085e-01,6.281434757820805181e-01,9.404417950110544044e-02,8.561713044512535564e-01,7.699070330116626337e-01,5.904915338234476563e-01,9.185951311009071807e-01,1.686379076993997916e-01,6.866573860341668167e-01,9.629817776521608641e-01,3.100089645699208862e-01,1.529231406750952704e-02,7.348674669691330763e-01,6.980324456127062760e-03,8.725336491821670259e-01,5.630125210356984322e-02,6.527647298718771696e-01,3.771841444231504026e-01,2.033406537167328221e-01,8.982583998538290482e-01,7.462458519268622137e-01,3.404405661432601260e-01,2.841530928572250092e-01,7.360122941611393355e-01,8.365707626063304536e-01,7.158504642958094522e-01,6.399892250357414047e-01,2.279247251886488135e-01,8.528039832764722217e-01,7.496619834583748698e-01,5.172742897664144301e-01,5.115877622667807101e-01,5.691730278073463545e-01,8.282763941786627226e-01,7.422595488375575146e-01,8.562449939458832704e-01,5.072827716587223756e-01,6.246490590182571800e-01,8.545718068959795577e-01,2.323200601767153595e-01,4.440206802562239874e-01,6.206522369793869842e-01,9.151462573581014004e-01,1.583601104612497590e-02,2.125731581732275277e-01,2.344505077612903943e-01,3.266126802617942415e-01,2.817866204206789238e-01,5.901387855622386436e-01,8.856202642547453818e-01,6.369778410723894169e-01,2.415265589543591496e-01,8.637528500700845102e-01,6.320457891475133039e-01,2.189621249879015741e-01,3.616665371665032103e-01,7.899648067397825324e-01,7.389311814871142303e-01,5.765823695056425668e-01,1.447675027405618264e-01,8.032892973145041582e-01,3.075425285527481067e-01,7.715979389991624027e-01,6.475663657622587888e-01,2.641702816435181900e-01,2.123692281326566844e-01,1.309099232577187744e-01,2.419462365881157595e-01,1.578290224491399885e-01,6.170512477877513335e-01,5.987831189772535589e-01,5.861720601327972124e-01,6.418898092248384035e-01,8.147845339645662932e-01,9.135527115498034423e-01
2.303755379017621285e-01,5.877744901689256896e-01,7.833622124727146474e-02,1.201424383555951270e-01,6.543393129613904735e-01,4.865805616904508302e-01,7.583320868344337606e-01,4.256774809905713441e-01,1.275984068329381049e-01,8.720536538308254482e-01,8.288847114532227334e-02,1.889646425353820325e-01,2.769768659618510043e-01,9.952806070654267590e-01,4.168598201759838862e-01,5.017085304781149224e-01,7.696967509738684710e-01,6.364155853388137052e-01,8.414206919413333985e-01,4.864334585878937744e-01,9.721776874932219759e-01,7.968123615863079712e-01,4.013653883132651812e-01,3.812718229452479735e-01,9.294911920442178177e-01,6.844156358147172048e-01,6.214336345256386007e-01,7.578306374338108498e-01,5.608338281117114521e-01,1.591667730857266871e-01,3.192154620784311003e-01,5.579448637089697849e-01,1.816782092716695551e-02,4.373507049632278099e-01,7.558028792759367009e-01,1.642340045162723472e-01,6.455895015690571448e-02,8.360291407276985165e-01,6.172738684633619632e-01,1.765789724894639701e-01,8.063049805831935535e-01,6.581294714872123475e-01,3.341192696484381885e-01,3.761962719617392148e-01,1.558881631870483453e-01,8.352555942087402929e-01,5.090066516437420363e-01,5.570190766436605712e-01,8.834919151977477236e-01,1.583061645309391530e-02,6.692306252329205396e-02,1.615789818598150074e-01,3.003781308814557072e-02,6.581561566243995243e-01,6.338794681883207494e-01,2.108019029289855961e-01,1.494064448866947448e-01,1.456847013866067186e-01,9.532414133186423166e-01,6.935045286247415453e-01,5.854288284650792651e-01,3.224868718050942773e-01,4.330431979087896455e-01,8.940588119920767074e-02,9.981518880550014350e-01,7.550854635716347518e-01,6.214531568282278817e-01,5.877671952278822332e-01,5.043143720331725310e-01,2.574274276746958412e-01,2.263904034597337134e-01,5.495324571892243881e-01,7.020081455795168512e-02,7.447079886853569253e-02,5.608136031603501159e-01,9.198120482102392081e-01,9.142718511298545403e-01,1.082830066079232267e-02,1.073942156474497756e-01,5.830776937586950037e-01,8.484757218061641515e-01,9.544490866568287046e-01,8.605822260457792749e-01,6.776131352964558374e-01,2.005250775892357673e-01,7.262147397896234757e-02,4.751578268564471408e-02,6.120767846254113742e-01,3.618860401535772819e-02,7.392399564655506294e-01,7.124707373509691077e-01,7.961082477667891233e-02,9.066223650367946085e-01,5.219292886253023012e-01,9.044385673377316470e-01,9.016100561883221287e-01,1.970340638871183048e-01,3.805776279362848014e-01,1.346263335038162534e-01,7.749780101363207274e-01
5.041249155378625391e-01,9.288075753949819324e-01,2.082152148762773658e-01,6.883676615192260151e-01,9.892368277727088266e-01,6.653812618209913321e-01,6.877393283071264740e-02,5.884243496951905295e-01,1.798427496812367021e-01,3.050277741931539666e-02,3.349606973052141612e-01,2.661040830540657431e-01,7.887708988157541290e-01,3.736805410781004477e-01,7.329587803851964622e-01,1.623899194933142720e-02,1.481213343339105037e-02,2.931345754755709798e-02,2.193584417825804600e-01,3.739877850285616701e-01,6.078458031168545439e-01,9.859138858269728134e-01,3.544095670143325716e-01,5.565890675716622660e-02,1.949001616658486702e-01,8.978518338148621103e-01,6.993791901477088846e-01,7.902008240385598459e-01,1.241682056727926309e-01,1.349869887075079156e-01,1.122460075448959982e-01,8.571691643095249447e-01,2.099676086936044239e-01,6.431517453797216399e-01,5.161663661832590622e-01,5.443899118738536602e-01,1.954353583912682435e-01,6.352460934539895243e-01,4.310053445833117447e-02,9.934722762576286836e-01,2.675890649272905097e-02,5.015654071586217455e-02,3.246474198916813325e-01,8.316253557695383325e-01,2.571892117767429209e-01,4.719350137913281840e-01,1.797733117619293441e-02,7.887931648364421289e-02,6.079660485407071269e-01,1.943584694494285836e-01,6.942545630195253725e-01,7.853911750171771455e-01,8.503341994722832808e-01,1.337993379993226428e-01,4.555085490319249475e-01,9.470814499038456846e-01,7.720835424443077688e-01,1.169603818461483202e-01,5.025002450183942981e-01,9.223805818388387534e-01,4.400388055231858608e-01,8.374176088409688301e-01,4.958437211885572404e-01,1.068116772457536889e-01,1.478549260595073411e-01,4.667575280817970462e-02,1.953147405755645272e-01,8.936140998704341643e-01,6.501980459432566972e-01,7.388569348829110428e-01,6.216614583933277594e-01,3.865392921383477010e-01,2.168611327960016100e-01,9.256145840098307653e-01,5.148297815580215042e-01,4.810998812079393394e-01,9.961040885935457112e-01,3.839299883884765840e-01,8.541253148922390848e-01,8.623440603168561758e-01,2.326702103577955594e-01,9.483969235016209698e-02,9.756201157158642667e-01,4.258968641355669327e-01,2.220322010195507900e-03,4.990178338289585902e-01,6.193003637474503442e-01,7.760882474480341742e-01,9.429421182236386034e-01,9.151706289454629717e-01,9.401358200548685096e-01,3.212514825947276886e-02,7.117741338304677257e-01,2.258579628056865962e-01,1.875526872056539895e-01,8.003185685992503240e-01,4.171296891728798473e-01,9.166000757823358214e-01,4.243509079570662035e-02,8.021808294871631828e-01
1.368344112825956582e-01,1.765772015649844651e-01,4.773517155244989540e-01,3.955899408727995281e-01,4.861723061286710168e-01,9.400265220310551895e-01,6.573889355635731402e-01,2.903093818420006134e-01,1.729087123178449925e-01,4.200462751309336218e-01,4.516410272677375826e-01,6.012944098995162134e-01,2.660027035397679596e-01,7.675092470968167824e-01,9.846024547938159177e-02,5.604533636006544528e-01,6.235316532441113058e-01,2.068315810651453202e-01,8.260113504996210443e-01,6.154321252076775384e-01,6.457222146479728586e-01,4.977435057634385096e-01,9.095942171763384820e-01,6.939275814876244564e-01,3.818355648957625359e-01,2.386058877840862014e-01,7.106167482348724196e-02,1.653608371803595434e-01,9.926829520836597531e-01,4.067668959916401761e-01,8.986872272774066861e-01,1.705693568852644226e-01,4.253608713408496556e-01,9.605184670334486752e-01,9.113225141929992557e-02,5.939842838125027891e-01,9.191719006963020577e-01,9.496833729542506486e-01,8.460074771117757075e-01,8.559344323601494331e-01,6.521829541174655187e-01,2.204231080949925481e-01,7.306785444849197564e-01,9.783844644587231798e-01,5.259335146728107979e-01,2.606973590769011695e-01,5.734710677649977884e-01,6.906103562406163965e-01,2.082803094244131126e-01,7.191893476094225468e-01,5.874328588843918952e-01,6.123499091480522072e-01,3.059879297398341302e-01,1.552668101112011367e-01,6.234498953056569759e-01,5.862329891525718262e-01,3.380121877138049236e-01,2.958936675458871957e-01,3.472444616622840652e-01,4.898833384988201534e-01,9.748197351111612674e-01,7.635646220262063411e-01,8.517397391654883965e-01,5.056495689035310770e-01,5.261236117787769784e-01,2.043246614370276548e-01,7.210458363010783245e-01,4.215840057906361515e-01,7.424468588177112194e-01,4.090553813126254212e-01,1.085171872139081284e-01,1.730536877858834810e-01,8.115700780746832876e-01,2.586164895589325718e-01,2.643544225670693137e-01,9.293680900023313374e-01,6.576356228668495119e-01,1.143075538843563166e-01,1.435852701319342284e-01,2.723674327202794121e-01,5.939956878266328122e-01,7.528254699056727839e-01,2.744964434531970143e-01,8.706420374149644870e-01,1.091801788841485488e-01,2.075991680431795716e-01,9.704649211428775235e-01,1.347448636536576760e-01,8.881113077238108611e-01,7.039350754040953895e-01,7.308709064170670899e-02,4.837068288999438748e-01,5.189793531448063657e-01,9.321396314158375551e-01,4.211045930771687429e-01,4.467636154642758983e-01,1.124837547863782872e-01,6.391725634376624887e-01,2.108969758890966162e-01,7.753325822370682463e-02
9.969190000707940369e-01,2.696296279628052073e-01,1.410531651288039479e-01,6.994903745971763342e-01,8.216821559219018578e-01,6.407749312634669625e-02,1.053933074697870342e-01,9.017382358204584225e-02,4.695930332251119221e-02,6.594564786342838048e-01,5.883131897393640841e-01,6.628066565599329829e-01,5.056671632741810418e-01,8.175076854055816078e-01,5.466683024985754535e-01,9.187469347996248814e-01,4.856485325039933132e-01,7.906586612115987789e-01,4.073603536836341021e-01,4.352238947764428545e-01,8.489920452379168259e-01,1.076598353576633249e-01,5.649177549832080647e-01,7.263364677787855772e-01,7.504206154170536269e-01,5.914935271699753860e-01,4.480644841595138317e-01,2.607824438667577516e-01,9.094262353541222588e-01,3.697879475213253775e-01,7.989920885333458012e-01,3.166561296263625813e-02,2.321692146866091155e-01,3.455847928841225825e-01,6.715740633102041945e-01,3.193308071618909949e-01,4.136380081930712826e-02,1.738675160540160691e-01,2.591653523693260297e-01,1.760474799358190401e-01,2.037245601411333817e-01,7.689569406733544055e-01,4.120336439504601600e-01,4.051792446679252091e-01,9.666063366594861428e-01,4.467018379442002640e-01,9.276581325323949301e-01,2.990630982166803120e-01,4.006262599041731098e-01,3.962833560674621225e-01,5.460788323146443801e-01,5.842472908539522169e-01,2.481250290422688520e-01,7.935842504171186640e-01,4.965259546767925025e-01,7.043553518807477154e-03,5.913406333166801865e-01,7.980594415291364374e-01,2.504667378154578072e-01,3.787100936192600020e-02,8.071786556507226651e-01,9.762767159716271292e-01,7.656361466490235745e-02,9.380368073257211448e-01,3.592744119760620247e-01,9.414396085880875065e-01,6.488393240024468156e-01,8.902443124484132886e-01,7.858330250514133919e-01,2.799774282062683639e-02,6.544250232505388620e-02,5.257446051185440394e-01,1.296190198449126418e-01,4.610342391571514709e-01,9.546302985644675720e-01,2.947572875544842708e-01,4.889127138157408625e-01,3.842596300680694021e-01,6.298269642482484665e-01,1.938449306515588333e-01,2.599392901342832962e-01,8.587678513640101263e-01,8.113362238603383236e-01,7.891896888706404489e-01,7.709196093178960485e-01,4.594374934615790274e-01,7.288907725322082420e-01,3.872048178721178013e-01,1.007095801894801745e-01,3.933746416488923536e-01,1.586630442279308717e-01,3.908516806325096349e-01,2.974252153628865747e-01,5.991606670679249236e-01,3.615404154984234175e-01,7.055896633791783890e-01,5.121466810476493769e-01,9.194922785153998301e-01,9.102543535038698508e-02,6.877091886413322364e-01
6.723968775700396305e-01,9.506265474127006954e-01,3.715518670436525062e-01,3.054379697121623050e-01,1.723934442136565437e-01,2.652885153552936304e-01,5.018907727551386033e-01,8.377129619599771315e-01,2.842866034806412756e-01,1.577421166573905742e-01,2.721284710741687096e-01,1.009269750284845779e-01,9.266954163079961226e-01,8.726241520222471904e-01,3.084917169851523200e-01,2.469878159318670274e-01,9.053973140649156370e-01,1.771951320955977849e-03,6.005775279913466713e-01,9.160037609456704866e-01,5.085574889063527726e-01,2.966959599633889333e-03,2.188714293851556913e-01,9.224415938919340308e-01,1.702242417982924305e-02,3.947797660632014205e-01,7.897447263329782086e-01,8.380909936850033937e-01,4.776079326286700732e-01,2.324837517328525172e-01,5.997047176861589612e-01,2.637780315573015066e-01,2.552642579959163438e-01,8.075997633970131151e-01,1.542658352966130852e-01,5.521478401990798091e-03,3.367752170058491146e-01,4.909739549950299375e-01,7.050803918953236771e-01,7.811152576042885709e-01,6.635192111336301046e-01,6.265088803169266418e-01,6.657487223194350490e-01,2.715265175810990250e-01,3.823613229645678180e-01,6.164365009995644851e-01,6.557066035397285386e-02,2.953253500678556520e-01,4.064189447576530556e-01,5.334406828539359768e-01,4.864821073609610913e-01,7.181318781539937079e-01,4.734266754164611068e-01,9.041299838249888809e-01,3.803183421524173324e-01,5.253717061761563611e-01,3.210389602026797462e-03,3.104779564461893626e-01,8.665729773139922987e-01,3.335763945962916255e-01,2.531863333324619880e-01,5.435369624422216051e-01,7.873009844207246033e-02,5.316051316503992430e-01,3.036657982421883117e-01,3.831028898743875644e-01,7.913650043371448506e-01,6.619640186141183547e-01,4.461060931238428617e-01,5.775163130849394477e-01,7.668587553202291796e-01,7.457837451961882858e-01,1.853217105511784091e-01,3.009192219992047335e-01,3.482369309660252599e-01,1.875422900050044417e-01,1.216145400630419537e-02,1.739672687888121905e-01,8.082443270814871905e-01,5.459204513924711399e-01,3.416580269871808406e-01,6.083444456294647695e-01,7.398341253467917156e-01,3.544277830208626412e-01,4.660748415349744711e-01,6.421321667011559153e-02,5.970905362124792060e-01,3.564070955521846384e-01,4.335236476007876538e-01,4.226006179469247170e-01,6.324092887425427634e-01,5.724653489544808682e-01,4.221060477765680163e-01,1.695502149072869447e-02,6.209626146313792505e-01,8.795774740343270670e-01,7.695515715938976431e-01,9.816156322500821929e-01,1.390753380207133683e-01,2.225200527878536949e-01
5.392674652219791032e-01,2.358817023438064542e-01,3.454978128168983975e-02,4.022882761639461346e-01,2.876447341539825064e-01,2.637608456588828032e-01,9.531728170242486087e-01,2.384541162654495450e-01,1.294325711873978157e-01,1.253192579078511448e-01,8.063240734885291916e-01,7.148480745267402625e-01,1.294861955670622011e-01,2.197531188607863006e-01,7.473430084435302989e-01,2.746163978346141121e-01,9.815420751573521452e-01,5.405700666209087846e-01,1.920079704100882134e-01,8.588084545127331326e-01,3.194755458972351470e-01,2.888073550643778242e-01,3.274412334514984479e-01,7.681972482230376986e-01,1.732129497159481391e-01,3.817857802609380125e-01,3.083277278441043379e-02,8.266266173496077396e-01,3.407187663070052608e-01,2.481729198083744148e-01,5.798932423754992183e-01,7.049918837513753367e-01,8.128960371829431208e-01,3.477849454990679101e-01,8.123008501490696087e-01,4.648810003714581862e-01,1.011422675452249287e-01,8.463074827157792690e-01,5.476347821046143594e-01,6.024695719473854849e-01,9.374912696947353963e-01,5.591514849392552611e-01,5.583530677989001489e-03,8.706158410031026307e-01,2.847510803234599708e-01,5.017669207840037560e-01,2.048866025614202169e-01,2.969835684549734234e-01,6.866488480670338568e-01,4.295733510379139419e-01,6.271306305813870718e-01,8.235756913129509416e-01,3.408220221863451638e-01,5.683400383260409638e-01,7.775878933731362741e-01,7.151231927693746382e-01,5.398434359818509165e-01,3.833835107273551035e-01,4.075019812330175073e-01,4.331352119962655900e-01,3.488455289461518394e-01,6.990756348896979278e-01,1.254152522718297025e-01,9.674541207172767665e-01,7.789855019715401507e-01,2.981630521667738565e-01,4.254756927063563232e-02,7.113031723789261518e-01,7.343590449698331746e-01,9.636226105275765841e-01,2.537055575751649972e-01,8.272509020422380566e-02,9.151347577184326676e-01,2.586490346127752193e-01,7.215314473238818582e-01,6.065963782767791468e-02,7.605848049761669838e-01,1.270258971371404089e-01,6.955863480416034639e-01,5.323430478534048049e-01,9.554881304672604436e-01,3.691764307734302086e-02,2.920487458000581293e-01,6.950891733424380270e-02,8.791976352397189443e-01,5.939011536611077391e-01,5.349696123578989715e-01,1.314578921163097602e-01,4.890322573130508887e-01,3.987036551758154079e-01,3.157518681390232285e-01,7.721889554985943427e-01,6.127603983344476202e-02,6.466857273622017566e-01,8.229930312022117889e-01,9.073072828603243600e-01,7.459165947554101672e-01,2.824556788582155420e-01,6.005074605237034069e-01,1.414036109143552711e-01
1.170606237447759934e-01,6.386241421385145944e-01,8.511076545842027885e-01,6.724812569961891029e-02,1.060037321332987226e-01,5.656073074293569425e-01,2.182118610193402031e-01,6.118181227776477993e-01,2.145438252553398817e-01,1.164819743060594437e-01,5.455749821648273601e-01,8.621951380326188241e-01,6.851219721505299454e-01,8.187251375359646532e-01,2.663351743900482793e-01,8.859786512970256878e-01,3.770391745762706748e-01,8.524476678569935517e-01,4.711755901487261200e-01,2.678576473604962205e-01,2.602588310267929250e-01,5.676678843646528749e-01,7.901027020684581181e-02,9.300561945885086335e-01,2.714634956985356729e-01,3.356248178458552944e-01,2.333015537412327367e-01,3.007960560721389953e-03,6.925502368087977922e-01,5.905529010342235319e-01,8.096445401971156253e-01,4.101077345098047555e-02,9.286556447333202957e-01,3.308869400603655642e-01,9.130698625057938056e-01,1.071314820675395296e-01,7.439205814696411290e-01,5.793582314323265647e-01,3.581912152525840165e-01,7.914239593301930498e-02,6.047365098467405442e-01,2.643988307391309522e-02,5.012820991460075204e-01,6.042085757936549451e-01,7.325237472875220091e-01,9.913346342248459120e-01,2.600937135077648898e-01,3.223898213734750495e-01,3.411453468089920005e-01,7.315827118588350553e-01,9.318192682561138307e-01,9.743237495815587623e-01,9.458113665581291407e-01,8.793830077152433589e-01,9.909773738206310023e-01,3.759457268344968961e-01,9.483213199987063913e-01,7.610199623959116311e-01,1.684598595279782618e-01,4.546518787720232879e-02,2.144839578703222616e-01,7.787511242876261619e-01,6.316968812258841881e-01,2.243562573466851839e-01,7.419214544713592652e-01,1.413222394382029901e-01,8.218413938586944800e-01,7.941609759707320970e-01,9.725759707060483983e-01,1.502795646293181298e-01,9.066129944146003039e-01,3.411026637218385060e-01,4.160598647953116513e-01,4.684450628867694588e-01,6.269040532025558221e-01,9.947633701180427224e-01,5.999588030552331919e-01,9.267158650404072606e-01,2.550282020847229880e-01,3.984116618151496425e-01,5.044995294385807849e-01,3.229019897866707289e-01,9.768671029643301029e-01,7.256835538972271626e-01,4.788813521825601160e-01,7.513047012097938682e-01,4.674424990826512305e-01,1.722532736792603547e-02,5.431934078103360930e-01,6.251852187612015888e-01,9.812074187185616525e-01,4.079284826061768676e-02,5.120969574551338388e-01,9.815475670836182331e-02,1.489959015709604317e-01,6.104633389684760436e-01,2.315677122664973053e-01,7.491741112950245363e-01,5.141986925952727328e-01,2.182128851657372248e-01
4.937916776010650155e-01,8.817269081207168568e-04,8.627400436578409604e-01,1.267837705576280172e-02,7.009892492182534518e-03,6.115039431796470693e-01,9.735209257900828694e-01,8.559334843539787574e-01,2.520189125894516380e-01,1.966668111476856939e-01,6.261121806334554174e-01,8.226377470220773702e-01,3.620786709000297643e-01,4.323545903670759083e-01,1.154895136777511766e-01,1.528264212553591683e-01,5.683515950260208394e-01,1.026561457484369555e-01,2.020461247959010054e-01,2.346770240118840611e-01,4.439245332136303457e-01,4.561196412363621722e-02,4.997709716929386037e-01,9.286744063940814975e-01,2.446366111907261054e-02,6.309848652074653286e-01,8.358423651515423103e-01,3.124608425491771646e-01,1.315185450192248862e-01,4.333978760926304741e-02,6.439030594358025050e-01,5.522343802290683445e-01,2.292949883919975784e-01,8.316173076317480151e-01,7.355063521523433900e-01,2.764287849867831381e-01,7.533630228646338578e-01,2.449942135007725508e-01,6.752674618663608852e-01,1.185450410738794202e-01,6.922394633332071834e-01,2.387744189822602614e-01,5.724693542417140790e-01,1.724638668518825302e-01,7.259669475679523254e-01,6.087957439305169416e-02,1.654177868027187914e-01,1.841364798708364781e-01,4.134358585399855457e-02,7.450125161602456636e-01,9.809525047399327846e-01,7.783977884116823898e-01,8.606319621223955663e-01,6.007660338277154288e-03,1.178699637745932449e-01,5.590203392948623895e-01,9.778688847941674478e-01,6.607129310482036111e-01,3.741366937380776747e-01,1.461493054814592130e-01,1.528356943826507663e-01,3.627532023167837627e-01,7.138101973440073023e-01,3.181929102491065642e-02,8.521775914616385172e-01,9.415514356898057047e-01,8.888164605308311872e-01,9.130269093968930161e-01,1.533927941826374042e-02,9.777923159498957961e-01,3.663571148903488339e-01,8.692811183651747431e-01,1.868088706996141601e-01,4.465257426622368797e-01,4.416438862397664700e-02,4.007599684282725505e-02,9.432761007696381927e-01,8.106066125290390945e-01,5.298260444137933289e-01,5.254581735645378338e-01,7.487546184761862955e-01,3.416687815704900766e-01,7.618692758619520777e-01,4.850083799932723982e-01,6.379174029114649258e-01,9.648294501031478010e-01,4.713155575202615521e-01,4.184046597464501360e-01,9.057491739413585652e-01,9.025804949163439561e-01,9.924187018831758245e-01,5.508629993083091758e-01,3.442615410266027798e-01,2.403900631777036168e-01,3.409635695166179925e-02,7.267286242108854655e-01,2.334761737354467126e-01,6.066408852256572892e-01,9.165923653643954783e-01,9.502136073945267603e-01
4.410133980310315671e-03,3.170750313763563977e-01,8.373780294652268807e-01,5.364452053515352814e-01,8.075087334821527962e-01,8.533232828379380130e-01,4.426262199413227849e-01,3.589829380247855362e-01,4.554332660505254760e-01,6.527952026242662686e-01,3.671591528868183296e-01,7.749882886977527141e-01,9.039927936850223888e-01,2.823112021587265152e-01,9.649896441742394915e-01,6.227252467253105994e-01,8.781687712197410178e-01,1.039164352721054785e-01,2.514991370562387196e-01,3.210190794325922248e-01,3.028221511745132766e-01,1.718611565985318501e-01,8.682009475248323449e-01,4.186121412895500438e-01,9.631302124667880937e-01,5.834723667901471345e-01,1.383946356448630954e-01,5.459047098339571136e-01,9.935451477242422946e-01,5.651716870992747888e-01,1.869345129562605123e-03,9.330799035904191463e-01,2.348944061281893481e-01,6.885290530689566202e-01,5.150801549554426817e-01,3.254337568408861570e-01,2.826395236763886709e-01,9.287598625071047387e-01,9.119258959198371928e-01,5.131348400537791843e-01,2.584951955351392217e-01,1.023420321719977766e-01,1.565763828590855944e-01,5.222517257406045221e-01,3.078299605790091320e-01,4.206814225995669787e-02,4.551673853111001256e-01,7.461892924643136471e-01,8.916951159599875165e-01,5.852840456830893379e-01,7.232921238424460109e-01,3.640704708649323829e-01,4.962381792169394679e-01,7.296268565100292314e-01,7.276582273722944638e-01,4.245262645695041526e-01,5.436673415583227476e-01,9.238553395509694344e-01,6.319976049432336485e-01,6.425746256865896289e-01,7.846202923853600186e-01,1.152228963159728226e-01,5.228842916487275172e-01,9.594317362709819941e-01,3.616603921760989104e-01,2.949261464220910289e-01,6.012079656047576437e-01,2.211194245653034240e-01,5.559451565236489534e-01,1.556520108576405770e-01,5.797934606979056049e-01,6.023791836451775072e-01,4.184004790122628492e-01,3.827464254386885312e-01,2.454582784004493146e-01,3.309223078335943313e-01,4.983459671913633704e-01,2.476589010291010418e-01,7.828344633718625767e-01,7.090352413257716702e-01,2.693058671459954700e-01,9.743516310154798354e-02,1.800389839627936084e-04,5.967188523814889178e-01,2.113637464536488597e-01,1.258247010153912271e-02,3.590852705920226651e-01,9.619984623174333560e-01,6.899428076298173007e-01,8.577637029224580711e-01,1.447390982607300591e-01,7.328815461943638532e-02,1.152976350972245712e-02,9.556622900194871040e-01,3.002027353535484666e-01,4.595049423408580358e-01,3.945236236017745091e-01,7.304569353928592745e-01,3.099648819527430765e-01,5.354528826140515507e-01
9.955822649554675330e-01,4.440635513442362514e-01,5.512715406997555911e-01,5.025280623108377975e-01,8.031861581360322244e-01,2.668396540335750133e-01,1.704380161427969664e-01,7.540931582648620068e-01,4.156181863686542188e-01,9.137260089766872095e-01,6.441592857933976513e-01,5.643431117117425622e-01,7.045705482587716340e-02,7.304119051377979677e-01,6.860403655129582168e-01,6.400719244871547753e-01,2.679095235706905331e-01,9.467393216744445228e-01,3.216551270328200651e-01,1.522309567539342767e-01,9.872011549350138138e-01,7.462462791237680637e-01,4.147868823261813276e-01,9.359164308887067962e-01,9.111737436619726793e-02,8.766121642655777535e-02,6.824510186285854818e-01,1.779720483788435059e-01,9.171395151932841827e-01,8.403591742988708591e-01,3.063672241011864417e-01,8.888395822693702097e-01,4.288768700732836781e-02,5.486378527374938807e-01,9.355627737088332285e-01,8.553829789356981461e-01,3.560733238009949897e-01,1.828704352346348649e-01,2.105405884037445663e-01,5.145078780784052563e-01,5.967729438364740568e-01,3.281431662363643031e-02,4.135515592348880665e-01,8.303871156439045498e-01,4.443289502357971044e-01,1.691753909494104757e-01,9.548602930190968063e-01,2.662755399264666867e-01,7.984282656340605522e-01,1.937941663389348701e-01,4.231727292215898828e-01,4.904225397748118720e-01,5.006352959482445186e-01,5.164738681007048360e-01,2.249475406897614160e-01,5.159155219608352327e-01,4.817127538777542517e-01,2.087194971262632537e-01,9.881915595037108480e-01,8.655633927865501454e-01,8.875763510224830011e-01,6.855710503828948976e-01,1.598970306917565365e-01,5.680920638997488670e-01,8.214396316273860910e-01,3.873648868866252926e-02,4.958431032876197131e-01,3.961228799949181312e-01,2.121247296593036236e-01,3.782500037653176994e-01,9.834975108694528068e-01,7.232433263617775721e-01,2.995370800149413926e-01,6.053550514808295757e-01,2.466562402856797842e-01,6.108439090242738789e-01,8.961666894849317222e-01,5.568767999425523474e-01,7.333399754526827019e-01,4.533389987162967927e-01,5.241239176639965747e-01,6.950750787548786169e-01,8.124050050513972332e-01,6.594513865254496565e-01,9.774919938900930028e-01,8.198225877982827647e-01,7.771602046078751602e-01,8.451015789810254475e-01,2.812109354243490511e-01,4.320471539483806689e-01,5.644629183945907291e-01,4.623863184426856288e-01,8.474578182240797286e-01,2.706851767923201812e-02,2.091754172328208483e-01,8.817065410018548599e-01,5.910013767696720155e-02,2.269883036087980699e-01,3.512503303764862306e-01,7.507405608116909379e-01
5.601806961668484020e-01,9.546047027803310492e-01,2.278750150729734747e-01,8.721204049887294474e-01,2.829134897492487921e-01,2.454982591265602032e-01,4.983751980993507136e-01,7.120450525649368867e-02,3.843070129932831813e-01,3.556759681097436676e-01,1.601015557017735347e-01,8.607948452749105694e-01,3.858896437093832787e-01,9.819201795136824895e-01,8.997079490377742905e-01,1.948106995699254718e-01,5.051221723379384354e-01,6.018041383665528876e-01,8.189605029436211048e-01,8.856427496513947784e-01,6.240180211554898770e-01,3.513420314221538110e-02,4.812764495181293123e-01,8.848035361863323400e-01,7.140896025442599049e-01,8.701419414094577753e-01,6.740797897227073232e-01,4.403500981497265876e-02,9.680066562066106384e-01,9.180185405696786871e-01,1.265795399126232734e-01,1.126911668437488023e-01,5.390785004770201061e-01,7.570508345568832675e-01,3.821732119382537096e-01,1.363821635432420631e-01,5.105560987813545504e-01,3.375661362189724679e-01,3.517719555513246776e-01,6.449855368403821787e-01,8.856080992295038978e-01,5.585917308556442862e-01,6.876025108296356381e-01,6.599469915212414772e-01,5.511461925569299813e-01,3.107581455831300854e-01,3.777941849102387506e-01,3.157037984904161876e-01,9.174980964820548257e-01,8.266186705104431320e-01,5.793473728512207321e-01,9.122434709742006653e-01,8.864086931479779885e-01,9.276943997518350971e-01,2.217738576555329244e-01,7.175030377638946799e-01,6.092244999235018055e-01,7.338306378346071135e-01,2.633793639182872015e-01,6.948090714382977318e-01,4.098285152543870158e-01,8.340917963063002594e-01,7.953657251617730628e-01,2.113576108589171332e-01,1.838552764033030140e-01,7.177317212848660644e-01,5.504748947281604687e-01,5.572059106820489438e-01,7.525153234593545681e-01,8.549707930217900209e-01,2.389639006087167505e-01,5.555395467905501761e-01,8.289547094920771686e-01,8.727941711950025772e-01,2.874093883385165915e-01,1.041538565975125286e-01,2.328232538777799121e-01,9.454995140145272536e-01,4.624797124352142408e-01,4.185737905560248384e-01,1.308434873421016054e-02,5.101468292135113991e-02,6.686959294747236715e-01,5.898270687249964617e-01,5.755282984954037673e-01,1.103228760244715501e-01,3.520611695653534934e-01,8.123581386401479421e-01,1.749112239166372706e-01,8.826872509824363888e-01,1.214783003489031676e-01,1.691493301239881397e-01,4.777499611537284752e-01,9.452999044485373981e-01,3.295476781454236281e-01,6.582179935580488861e-01,5.886712559890762142e-01,1.496226365005575154e-01,2.481669013941633084e-01,9.301527726438220123e-01
1.848296236530995174e-01,6.950098897551132415e-01,9.646944826003044371e-01,1.195059922022780885e-01,3.991819901873144838e-01,2.239321444427372354e-01,2.215615174045428848e-01,1.189858439996808182e-01,6.495511839914658303e-01,7.463435099107117443e-01,6.767939100230562222e-01,9.246564576191528273e-01,1.456788087180541647e-01,3.198453733850061820e-01,3.445728097024559622e-01,2.320821038469046416e-01,1.422049441569666062e-01,4.867034759262637289e-01,8.344396280474284389e-01,9.545397256033181232e-01,1.293406322184976753e-01,8.231572280727359470e-01,8.245811229652748597e-01,3.889781215525669467e-01,1.100296241454541413e-01,9.900080067568980402e-01,6.555930305288186766e-01,9.821956950415804410e-01,4.836555156846584769e-01,3.951929999367287394e-01,2.471854759704538163e-01,9.835720017720195330e-01,2.532572694622736709e-01,2.376275621805035154e-02,5.124684135884778335e-01,3.770504930509154251e-01,2.613825034292645011e-01,6.346081164811734343e-01,3.642686148978222516e-01,4.022508883168728344e-01,2.304560389404430865e-02,5.890709285530575379e-01,1.220710298470427668e-01,2.138048588954217788e-01,7.171178206126381793e-01,3.132427261839110244e-01,1.632101974383809440e-01,5.774241470624807970e-01,2.149044949379406155e-01,2.709782139587050276e-01,6.213393099778737882e-01,7.398617813639148943e-01,7.396596851955771212e-01,4.822434118708304185e-01,4.542969110094354779e-01,7.876451842312574003e-01,1.930347251125170693e-01,1.522024475284592393e-01,6.646950660295097846e-01,4.095069343892553393e-01,7.099984605701809004e-01,2.566002234632359658e-01,3.248718810667668988e-01,8.966776491853906128e-01,4.216565268215881623e-01,5.909534697203844278e-01,1.066821941183094813e-01,1.788291721927587341e-01,3.588772882264423814e-02,4.243708117616665776e-01,9.889200044950239299e-01,8.738731526514660342e-01,6.329089149405069392e-01,8.610964919574660703e-01,5.941693563524230726e-01,3.687688803341376831e-01,1.735464011011152996e-01,6.530487417602242051e-01,1.930512763907453744e-01,4.174284172000601867e-01,8.258018421552630883e-01,1.292293025617284874e-01,1.290214190567950947e-01,2.244024155915973484e-01,5.519173071222990279e-01,2.517234782599130360e-01,5.031979372550007268e-01,3.019826110596871560e-01,5.062422049084055464e-01,2.776314490017302017e-01,9.800123756085652449e-01,4.927179011419677845e-01,7.436434341082400756e-01,7.005465588982050518e-01,4.905593748143611821e-01,2.388620616679252295e-01,5.107182779128648376e-01,6.809716237204345157e-01,4.599192705632118017e-01,8.192510736274161154e-02
1.798322955808395740e-02,3.278768084678385097e-01,1.502239260933119214e-01,9.061902459259956188e-01,1.758326700849248692e-01,3.942827140115661155e-01,7.120775120714813999e-01,8.154216600160609785e-01,4.777131531781309004e-01,1.811350096083921279e-01,2.708952235758530502e-01,4.189684476411471570e-01,3.645945893255829739e-01,3.486727571696565109e-01,1.318538017566642795e-01,9.133102521709497434e-01,2.975660641771504800e-02,4.400021278757512144e-01,9.803214925030866445e-01,6.597239388241020741e-01,3.554106637330832763e-01,1.460975844531698931e-01,9.638726056457609381e-01,1.398636187314972190e-02,6.813875706131434784e-01,8.801374714453272796e-01,2.516048988624219884e-02,7.251748640905011367e-01,9.988377612547348905e-01,6.396424685733493876e-01,4.146789478433987597e-01,8.744007193562819413e-01,5.541792464226282799e-01,7.494408467899400517e-01,5.877789918185049034e-01,3.829109248794926312e-02,2.131449882053475520e-01,7.876357398674960208e-02,1.066877623832229727e-01,1.540549358807197233e-02,4.211649790141529515e-01,1.786516317541650967e-01,8.556965204939717129e-01,7.500375375406603817e-01,5.731769948154959993e-01,4.890213453503954311e-01,2.558686405759758031e-01,4.749514658749854901e-01,6.412292758644108082e-01,7.822288601927754881e-01,8.168206625959339995e-02,7.084646887455500197e-01,7.427298767612853236e-01,5.589722009248564438e-01,2.143191957032012374e-01,5.391845875011750389e-01,5.027048818153103671e-01,4.757100963867961774e-01,4.606399154671840801e-01,1.108255662915197393e-01,1.828924848573647566e-01,9.733208845134233567e-02,2.424778276679844247e-01,2.634767827306729870e-01,2.450758614930453883e-01,2.109290681856034189e-01,7.354220454847889554e-01,8.185653995981179154e-01,3.271092165725698608e-01,3.051288916844488996e-01,8.440323497525079599e-01,6.239239016657910364e-01,2.934383247890575142e-01,7.136122925865822086e-01,3.445928102331673459e-01,5.865556143421730706e-01,9.926340299878014806e-01,3.015943752160332725e-01,9.305260007083331342e-01,3.206524142846981507e-01,5.402867043748234011e-01,4.599837895990399605e-01,7.831595623439361331e-01,6.109269948199480549e-02,6.271223040686638717e-01,7.606669443488228710e-01,4.721448513821192572e-01,1.052926065378053666e-01,2.448050134848130943e-01,6.796723701008636764e-01,8.954373855003151528e-01,4.216086070004886333e-01,5.604120350782592075e-01,2.283850367268620563e-01,4.122133140368714477e-01,3.367898077704915005e-01,6.555255479715236255e-01,9.846989516751110116e-01,8.133034519856862099e-01,1.921645849261851557e-01
5.776785933067668521e-01,6.641171494840159006e-02,2.469154868426355343e-01,1.722176760603904011e-01,3.355455376394629319e-01,6.788139690442135388e-01,4.993933169168267572e-01,9.329092598292176852e-01,2.127488398485086751e-01,3.642091462539401858e-01,3.298525767924694874e-01,2.359636259599299235e-01,9.931707691262445792e-01,3.872255454430544308e-01,9.405089804995984126e-01,3.904734738529894722e-01,2.040916787406609201e-01,1.192063306827111369e-01,8.555631931755051101e-01,3.209764048507823819e-02,9.643945883392813778e-01,4.181912117855484112e-01,2.473743510843571247e-01,6.174461322153624865e-01,1.329129918361863227e-01,7.214557356635575847e-02,8.277833519095669779e-01,4.246707746253267635e-01,5.182549121045320062e-01,1.766960088750648694e-01,6.142424452694228432e-02,3.677761326518467211e-01,5.061462523800893676e-01,7.654306218780279059e-01,5.010520002354633684e-01,7.825070176859029170e-01,1.154327796743138679e-01,6.396277204395162119e-02,1.588609641434516329e-01,7.720121268887285559e-01,7.593302308387014365e-01,1.413678045106414594e-01,3.098865825067975699e-02,6.852819362121651547e-01,8.552817832429774336e-01,7.541076955101821966e-01,2.027989806150781726e-01,5.837678972253356191e-01,7.573657206255411944e-01,2.558287045470395427e-01,5.277208013694529853e-01,3.144604039737702861e-01,2.255754173270211327e-01,9.695893267708525221e-01,9.125819603869262941e-01,4.456677309514870400e-01,1.367780610639763861e-01,7.279073033206486798e-01,2.557011301282202664e-01,1.685178058380945032e-01,3.815290177381845949e-01,5.298498091667390719e-01,9.744032982041461732e-02,5.717464730485265489e-01,1.534837476262151945e-02,8.918690605930866822e-01,9.207416892788665708e-01,7.330707735118514590e-01,4.665494085741775931e-01,2.548962705633112114e-01,7.441120907113965011e-01,9.317972019520636140e-01,1.585337048974395646e-01,4.658219892976980248e-01,3.152616360359281611e-01,3.567417890459099183e-01,4.057577813229324981e-01,9.517963443713384208e-01,2.586371678680936537e-01,4.926758390935066512e-01,9.514874716617903738e-01,4.760568902183173190e-01,8.635995219214533947e-01,5.876477432528093292e-02,9.530304184632359954e-01,1.875311470260508928e-01,9.799350347312841825e-01,1.755768652585484313e-01,4.443659477949741810e-01,3.086144915725445026e-01,4.332314210950440891e-01,2.505247399255254859e-01,9.653174124276419077e-01,3.057249840730916768e-01,6.532749120642229457e-01,1.374474895987884970e-01,8.243874848498837782e-01,5.425079435095133684e-01,9.794461245313158537e-01,4.234022168334351521e-01
1.954478749766603851e-01,3.460189994409835768e-01,7.369656060934942632e-01,6.591065209958759663e-01,7.783474076177251399e-01,7.347029220420908668e-02,5.803687753447864806e-01,9.321686770363046826e-01,1.079019194815773464e-01,9.433525891297889210e-02,7.166043645195139256e-01,3.151824558442019031e-01,6.585792103609069414e-01,5.453845130503599536e-01,9.860666583399055884e-01,8.890564169548740292e-01,6.780727815617116905e-01,2.616746261031505094e-01,2.619081621504695256e-01,8.822438005689459128e-01,5.853410652753929799e-01,7.892817820521023098e-01,4.498642065368301246e-01,1.030736366515265789e-01,3.326864582396260595e-01,1.611491942883631623e-01,7.818328164255022861e-01,7.005119896570901616e-01,8.841292238804066006e-02,6.213853987618770391e-01,8.741355069947954748e-01,6.973642953999665828e-01,5.111119129844213793e-01,3.118632849388872641e-01,8.870967495858955720e-01,4.228048821410198554e-01,8.553935802337854222e-01,7.829998382181970751e-01,8.162269652808596954e-01,9.897975201616462382e-01,7.487585158729644919e-01,3.404093571864841294e-02,2.054339349807449144e-01,3.519515032516451480e-02,1.899135699416906187e-01,6.143951068611330779e-02,5.016170411862529432e-01,2.820621313307780653e-02,4.725790996152594570e-01,8.988409071200119671e-01,7.485760125748094351e-01,9.439559236517560681e-01,2.266467737565204255e-01,5.310858164052937314e-01,3.185794531658387996e-01,4.938197956920340470e-01,5.570758295842884733e-01,3.618613047586516362e-02,2.332561352149831180e-01,7.047727792439973937e-01,7.729280245402996297e-01,5.694513674875032461e-01,2.708290279486766927e-01,4.050841167227400286e-01,9.603681188138457614e-02,9.531796167925916663e-01,8.686774712102881546e-01,6.560234690746336028e-02,1.664906656583304834e-01,5.810944411887535299e-01,2.324300741292159023e-01,9.344006980141282837e-01,7.555905808710745575e-01,2.732915129110827790e-01,6.101411190476135893e-03,7.994473912029746998e-01,4.240897096010656231e-01,6.423777118577770340e-01,2.869748254212974858e-01,1.428732593581709676e-01,6.753115917857457351e-01,4.503245881466590994e-01,2.351697010699809187e-01,1.376279995662031963e-01,5.804795944416334397e-01,7.255499402075743509e-01,2.838869621231152607e-01,7.351425353471239266e-01,1.831221987327719125e-01,3.384156910951092723e-01,7.448822867999554953e-01,6.601435196470792910e-01,2.705236269039125174e-01,1.221350015469331307e-01,4.247342494724193340e-02,8.379151799192856576e-01,7.514194956786002244e-02,1.148451522063878016e-01,2.377106302753336786e-01,4.456697042398478636e-01
7.897870802364960197e-01,2.474803259411060274e-01,5.435082483597518666e-01,9.037252205004309147e-02,4.645110051365247683e-01,1.776389933773082630e-01,2.111915588905650676e-01,3.668284341089294021e-01,7.613476987008573893e-01,7.439864299002346693e-01,4.149729764853200553e-01,1.186711541924085900e-01,2.806916200239463199e-01,5.053557765301381899e-01,8.694117786951230942e-01,9.682546148133304165e-01,6.374709350239134986e-01,3.506864904974013042e-01,6.934534536943787186e-01,3.362301358205985746e-01,6.254734534166064286e-01,2.437665716956766149e-01,2.669887012313779673e-01,7.522558904112308653e-02,4.201411522131749399e-01,6.181745200956677566e-01,7.887949438106210964e-01,8.103485448376936962e-01,9.924444495071638173e-01,8.775572583696189533e-02,4.931367684458287659e-01,5.213745754024133872e-01,8.045334263778922690e-01,2.663585155888470446e-01,6.937231993946701980e-02,3.137588102684196745e-01,9.839278290642609059e-01,8.994411978245863137e-01,3.952469609466515710e-01,8.762719987450605652e-01,3.275448411665871085e-02,3.142040774642005374e-01,7.268118479875445015e-01,2.214522510168389635e-01,1.983909514873066771e-01,8.618075459643733671e-01,6.159539610767438278e-01,9.890227183120358090e-01,1.346696762791484980e-01,3.561284072331466488e-01,3.112133718036844687e-01,8.801322377189096935e-01,2.552965200430106218e-01,3.534609976741700521e-01,1.428338756754274907e-01,7.754009826491871094e-01,2.377032839588528734e-01,6.832027223221948109e-02,4.351087326908966713e-01,3.914581239615346764e-01,1.776092043053755232e-01,1.335975598960155164e-01,8.965572133832607760e-01,6.784448655123054284e-02,9.931095669631995193e-02,2.450472811384060146e-01,9.528391896565021613e-01,8.538424951985512656e-02,8.160148267428821711e-01,8.920521533188271457e-01,3.778677414508854193e-01,2.938943998318424011e-01,6.773777282574080516e-01,7.026346006102228703e-01,7.799771628241555232e-01,8.305667813289256962e-01,2.683954560123400501e-01,6.869616018866490093e-01,1.349057242846755100e-01,5.107313315441536217e-01,6.128869165125944152e-01,1.617319366765479494e-01,7.650653971954080035e-02,1.947462862761929481e-01,4.205887478523671064e-01,8.878409778153747434e-01,5.319144245347271482e-01,7.484928917339905841e-01,1.741445282914465542e-01,1.059781980552254588e-01,2.396173576322397913e-01,3.138804127903590535e-01,5.481020188221994438e-01,8.812433203644407520e-01,4.260926167773654294e-01,5.187981878449701156e-01,4.613535984920646982e-03,3.331206289128663123e-02,8.376919992754761068e-02,6.989940854790286373e-01
4.861913687719173760e-01,1.929611985318581135e-01,5.925994386898191246e-01,5.446121518190361055e-01,8.879930180999573430e-02,6.404127727171462503e-01,7.671548726305101873e-01,2.865544077090969033e-01,6.874888619943075874e-01,1.997195170087839866e-01,7.567288137117448299e-01,9.117741691227202461e-01,4.418671238016470548e-01,2.446220782116178549e-01,3.991767021976998508e-01,2.500774726557168925e-01,1.239375766375450105e-03,6.504566118044451395e-01,4.252664196219690940e-02,2.103907402172310315e-01,7.224495561298210911e-01,6.657250139157834257e-01,7.332891204616565073e-02,6.600547410790770231e-01,9.305748895757826045e-01,7.450246901818313727e-02,4.156882276766362683e-01,7.294338901141413922e-01,6.677230031779133324e-01,2.265105424694983105e-01,1.630672774967063532e-01,7.842470040409319498e-01,9.562446552387966481e-01,7.675834675428291343e-01,9.632044821977501226e-01,6.049954241370427699e-01,9.290988606919170500e-01,6.904356945448868466e-01,9.088847502010866108e-01,1.615889679695907688e-01,8.155652157439489125e-01,1.967458009534525099e-01,2.742910194595726825e-02,5.175861340429629420e-01,3.182517805618443330e-01,4.353136178801786382e-02,9.803043787281593424e-01,6.664660954899928047e-01,9.018121732155987003e-01,9.990825858719482033e-01,3.919667366710920531e-01,2.547370287341151895e-01,1.838843926868287681e-01,5.151871077913425800e-01,6.060807775021574972e-01,4.724227360325248259e-01,3.872520148456823907e-01,1.682725634591283326e-01,4.418596238106239360e-01,8.524313707906494564e-02,8.650477588875918888e-01,4.690265209795940748e-02,3.806460617315546857e-01,1.001378690429685081e-01,7.749804994670782543e-01,3.127369788279268370e-01,1.131056126525548100e-01,5.314912988645138503e-01,9.162770072295400858e-01,9.086448711192033345e-01,2.496510411327899082e-01,7.196596759602335025e-01,3.028419284099126418e-02,1.318517965034246009e-01,4.994723703137795567e-01,2.287564344883521450e-01,7.982618539601380458e-01,9.310721720526612399e-01,4.333316482782234580e-03,2.329158296009797846e-01,4.395533460762273137e-01,5.630792883523885184e-01,9.159027775921010361e-01,8.918834905152934756e-01,6.371700994679658780e-01,2.573880140838845643e-01,7.832878098783613297e-01,2.026517712872317745e-01,9.651723240968167472e-01,5.839915733998002345e-03,5.697705039079015155e-01,8.839724692162775899e-02,4.075995301820213301e-01,6.349335403104171549e-01,6.895984955919163273e-01,7.855694696739351501e-01,5.933277027647700930e-01,2.513193512859944745e-01,8.892532429348715128e-01,8.111074130136876059e-01
1.600523177068500225e-01,8.265111842078489701e-01,9.726445159104817328e-01,6.372191168079176515e-01,2.818052231138937769e-01,6.065938312734142634e-01,3.425350691482990095e-01,6.759464706423062852e-01,5.447999594558734504e-01,9.294906120897512558e-01,6.179085432008027956e-01,2.139816837271690808e-01,7.251098733418847031e-01,3.008783178608819275e-01,2.723909529488043324e-01,3.917766255745034343e-01,1.199667906267565254e-02,9.691406601612803096e-01,5.323311113586982612e-01,7.734938938729603031e-01,2.578522223778783040e-01,7.466181316336255591e-01,5.671705022781353689e-01,4.241441737795024203e-01,9.706692261964620094e-01,4.938437141464058211e-01,6.574585818896768741e-01,1.534219148987969739e-02,3.014552064986483204e-01,8.886915661600663929e-01,7.589590611160188516e-01,5.367540361756497624e-01,9.001597071132854122e-01,4.862205132075557712e-01,5.665070641877756330e-01,3.821528471975456087e-01,6.200400367228842136e-01,3.190015309208737992e-01,3.854921775423572061e-01,9.663262632072686653e-01,1.113086797995901378e-01,1.052553452460409655e-01,4.331601945501573070e-02,3.200445197602675984e-01,3.982292424679242382e-01,9.451564406954626740e-02,5.491309953668296329e-01,5.833015290548690945e-01,7.510266936133280780e-01,9.759681166158015175e-01,6.193522472923995714e-01,1.116508066809454025e-01,8.852424324578278547e-02,7.775468636503711783e-01,6.503341285359267587e-01,1.619143947065617706e-01,2.533599726835340515e-01,7.502403872925182959e-01,5.661557818056465186e-01,5.850000625025389978e-01,2.100086712879095652e-01,6.290579816577115402e-01,7.706285954072552569e-01,8.852522254638469645e-01,7.367173248180491907e-01,5.763756510090161100e-01,6.732593072467768502e-01,4.851114625138777114e-01,2.268982431176225223e-01,8.822069727719353827e-01,5.326226331674253078e-01,5.943183111472349900e-01,9.901089137531826623e-01,9.850156782726404714e-01,5.863109849999372791e-01,3.395726201746618322e-02,3.961475380448433725e-01,9.372932800508891882e-01,2.883065923760091964e-01,9.992686851963159533e-01,8.431752685655247159e-02,5.681141810051871799e-01,5.154493601746942266e-01,2.553529133677000518e-01,9.486071306450999385e-01,6.191712099973102346e-01,2.302282834446761628e-01,3.840481978383362138e-01,7.212294268820625964e-01,2.976967126963135923e-01,8.796062020611811194e-01,1.656738979576241055e-01,2.645050898648486637e-01,1.448986133660999931e-01,1.041788387594982934e-01,3.003154234639268116e-01,9.991787463354404597e-01,9.432941326166810470e-02,2.130021918472883025e-01,2.716167990780020691e-01
6.191296844722038450e-01,7.453456964078525315e-01,7.519336748540457194e-01,8.635981938831194249e-03,6.518504587994652377e-01,6.307368793671029872e-01,5.176546818898771773e-01,3.792085614037591368e-01,7.974441974612298534e-01,3.438807954333522598e-01,2.300122721066012454e-01,3.100951745676129301e-01,4.396479171231658656e-01,2.140573880027395459e-01,6.075712462054865259e-01,8.842092025118957199e-01,5.954601241620750551e-01,4.466683074773812878e-01,7.968687662249039905e-01,7.480386228745287136e-01,3.670581215306961687e-01,6.041534706653618469e-01,7.298428603179911711e-01,2.454632580194410219e-01,3.662738790841898462e-01,1.057760705499705134e-01,9.876802783068333591e-01,8.587765042313577624e-02,1.686061251235774217e-01,4.798319496641397786e-01,8.652718335445392928e-01,3.558820229479594532e-01,7.685961475313458635e-01,6.760340733162361060e-01,6.386640771596788779e-01,8.450172509668401055e-01,1.417028962862565411e-02,9.291530385603916642e-01,8.292261803362931394e-01,9.378672196518271775e-01,7.935878838566871041e-01,8.785914074542724439e-01,2.030780481994791664e-01,3.192290668770505491e-01,3.152210134707309486e-01,1.091667458780567479e-01,7.295792552845907775e-01,1.361708926870728309e-01,5.250916607906064293e-02,7.754468700550638527e-01,9.046631697319292842e-01,7.641233479651332594e-01,8.253522128319763507e-01,5.956216778307712456e-01,8.877463379147531031e-01,4.967034823578551084e-01,9.883226184874649434e-01,1.034150427694489061e-01,8.091807067013838672e-01,6.413894160112753040e-01,5.806460682211951330e-01,7.258105308611213502e-01,8.402915307988487736e-01,8.628840668405098890e-01,1.753809629439849749e-01,1.970359297529692411e-01,1.616650951359710486e-02,1.318424577922727714e-01,2.638824928499245992e-01,7.210358225502828677e-01,4.757675090025100806e-01,7.579035355840173516e-01,4.865358478198906766e-01,5.555974529099683146e-01,1.110665865935824836e-01,7.765582846760324953e-01,7.581265321995548367e-01,3.075615916806195838e-01,3.285780778004019353e-01,2.196814505731354839e-01,8.138396760361527038e-01,7.470068019617803756e-01,6.091477381842527183e-01,2.388221031296974273e-01,1.718533326137442474e-01,5.026885117461310504e-02,4.561148177851948038e-02,1.871361398083269956e-01,1.005325323232221235e-01,5.561076729224430082e-01,3.580901277944770200e-01,4.449457821681462866e-01,5.940671835871897954e-01,6.591017453535136239e-01,6.482017198825780202e-01,2.608565868208324590e-01,8.096270202961026730e-01,9.177096699192298646e-01,3.159383472231952483e-01,1.706541656606797019e-02
8.991541866485049939e-01,9.235487329534760592e-01,5.094644041303353355e-02,4.956591859212267082e-03,8.164047829927422173e-01,3.014633544831065715e-01,9.145821672959885129e-01,2.167435732695466299e-01,8.611546161265870580e-01,6.864426972503667734e-02,2.606368473139736297e-01,9.731288791456410570e-01,2.311966543312823363e-01,1.330129840750411407e-01,8.570546524729952820e-01,1.178007917614790623e-01,9.745610857950348649e-02,3.234251341895357790e-01,6.353285065969594969e-01,7.107463737786956504e-01,8.812387838273957330e-01,5.409115259591060765e-01,3.934177867609753854e-01,3.588337618344651370e-01,8.469027284774739428e-01,7.238153094826654810e-01,9.054290137251392867e-01,9.640354557316140882e-01,3.000508360838074484e-01,5.296741187008394691e-01,6.318208073648329259e-01,1.638489467764575602e-01,5.334703392498474361e-02,8.677639141153135061e-01,5.355235107553731888e-01,5.707742163600392216e-01,5.549143454279548138e-01,7.549607048326903991e-01,1.455019446820432494e-01,6.140484407715326443e-01,4.694795115776301264e-01,8.969581595077242842e-01,5.196209378963253522e-01,9.429349740741655994e-01,3.532529941799066320e-01,9.668947063899905325e-01,8.751579480917677234e-01,5.842632897353546850e-01,3.537099333190245609e-01,3.759233574525598920e-01,7.727520864582916316e-01,5.806313511690445184e-01,4.015875854693209401e-01,6.360549614121643325e-01,7.332333979009443281e-01,2.290051255846592415e-02,8.986280111751010491e-02,9.448544040707917979e-02,2.319338052633347358e-01,4.269904392273139448e-01,8.036498992925544815e-01,3.510990349995574134e-01,1.747778838060476403e-02,4.833618529517289542e-01,9.966285954246218992e-01,3.490209956549190640e-01,9.612545187673148250e-01,1.013451311364226282e-01,1.730996579053047935e-01,7.241220701457082853e-01,5.012124489707062702e-01,7.651218034658860967e-01,8.635583450288899510e-01,2.510848760610345787e-01,6.828291704397418949e-01,6.076012366337560922e-01,8.615350291921310966e-01,4.301039006098826833e-01,5.187043071065999822e-02,5.741861272725119480e-01,9.588783191184577781e-01,1.463117950522341282e-02,2.402579884224546047e-01,3.160677899641199939e-01,7.658388878909755393e-01,3.232769224681618647e-01,2.390838631963139171e-01,6.485580144670410885e-01,4.640528896099960221e-02,1.705968599587469603e-01,4.080302286694437175e-01,3.555999623400311060e-01,3.471658191833632001e-01,1.085550131196617585e-01,3.608400194497966007e-01,7.979927719914027273e-01,4.138442017973952280e-01,5.861711848156849758e-01,1.635794093173175145e-01,6.971136346857609301e-02
8.799560419315606286e-01,3.313725961459588198e-01,3.503372330681326918e-01,8.776878494788584728e-01,7.077713489087439358e-01,7.562627109876128850e-01,6.820034841676626547e-01,1.057922447915363717e-01,9.579958210562277143e-01,9.091362871279276003e-01,2.362201268314544356e-01,8.039941911438412969e-01,4.093964314973199681e-01,6.837669678644829885e-01,1.656029998132340086e-01,5.385542506564208187e-01,1.266162995599060537e-01,5.361671653581159269e-01,2.435939560572127904e-01,4.524665287688146575e-01,6.679693671744307837e-01,8.770745816606188017e-01,1.652890030852780523e-01,8.932691154176982673e-01,3.900376479272901209e-01,8.437965686058809256e-01,5.125479184177630376e-01,8.622085717629398571e-01,6.628240675201996224e-01,5.087161406167682864e-01,3.125386330003288027e-01,9.689090876186553514e-01,8.008976576664177394e-01,3.811871851722613558e-01,1.667235930590460491e-01,7.795354185932937829e-01,9.899442878109199206e-01,2.789749537924720579e-01,9.158630723349957536e-01,1.253707055879201837e-01,9.522062542518541228e-01,7.453389124430633839e-01,3.465962292637034814e-01,3.046318222962338673e-01,6.434353539393512511e-01,5.935071402586999945e-01,9.189367014936864475e-01,7.662431342092141939e-01,5.403648725739268466e-01,9.275658418396545146e-01,5.927306313332187937e-01,8.496848356606773178e-01,8.409426520978563468e-01,9.191948589495362310e-01,6.760203127910457965e-02,5.838196679467777539e-01,4.683925911710491441e-01,4.905423834646724934e-01,4.599106036202028625e-01,8.374666894223409264e-01,3.184328974169388093e-01,4.627510816297784046e-01,2.006825429010856698e-01,2.517166159247347101e-01,6.604200833438750307e-01,1.169359382506619527e-01,1.878218109946773184e-01,5.280345595713140661e-01,4.377302796301352217e-02,1.269269994203915397e-01,8.633529389667488063e-01,8.461467657949957033e-01,3.477761050469821980e-01,3.479913153111844348e-01,9.365154492640036521e-01,2.584113907202323368e-02,5.802955130852708310e-01,5.973905790407273431e-01,7.878870671816612381e-01,9.517505158226007289e-01,3.558275870433439403e-01,4.378334734560012098e-01,6.712984805201773764e-01,9.672716223441766292e-01,8.907923537367075095e-01,6.670530032700445755e-01,8.567235716710220883e-01,8.520443089143625581e-02,3.771269428518526645e-01,1.309249569884718412e-02,1.774722382609503768e-01,6.304925712024019857e-01,8.855616237336667584e-01,6.327803099917954643e-01,6.641381070085666805e-01,1.038216052562018765e-01,6.648604909133798424e-01,4.543467173691909666e-01,6.514402315818234035e-01,3.261731095298273653e-01
5.814859416631701361e-01,4.240692968309893729e-01,5.586370554350608142e-01,1.470895183297999953e-01,3.958248536172850329e-01,3.742786572568540526e-01,7.363945206528083043e-01,7.064095139680655056e-01,9.088586847313330219e-01,6.320555922831975204e-01,3.145471297934733235e-01,7.832246632353313531e-01,4.969976435336264098e-01,1.934932106290785381e-01,7.474114683271264603e-01,1.325313957192290060e-01,1.781533312461291985e-01,7.587559284351472755e-01,7.701446940712880496e-01,7.907812688042152871e-01,2.933251244171156680e-01,8.665874573715188767e-01,7.226681359620727996e-01,8.339674095513405216e-01,7.086054847468900020e-01,5.795964587463405815e-01,1.093947715740193338e-01,7.109362119519492262e-01,6.904607754581840728e-01,3.124911332868604008e-01,7.358197690464260976e-01,5.504545534313275423e-01,5.594062385434149798e-01,3.676046787857125686e-01,1.167850413401365639e-01,2.169284578659890217e-01,7.688316533360581850e-01,2.714415504968938908e-01,2.253054335611515135e-03,9.970174211315501189e-01,2.106822338503708814e-01,6.553831488703938390e-01,9.269220045749937409e-01,5.997127346339370391e-01,7.990306150844573851e-01,9.763717121488149076e-01,8.603634259297857634e-01,5.579040886783617204e-01,3.637029304820761366e-01,4.824644491639595856e-01,8.418261681905443439e-01,8.533546101506402914e-01,8.458549223583636811e-01,5.972244027500109853e-01,4.769559177576129239e-01,3.113380560956617860e-01,3.360855181929300883e-03,7.644852708609558567e-01,2.769982800140546875e-01,3.296778953853374272e-01,8.434812248470439089e-01,5.225115712262062839e-02,9.276203314574386072e-01,1.361922438506413258e-03,9.391691148254061039e-01,4.547584910834163718e-01,1.021226251518195793e-01,6.741613672411873592e-01,8.958564257212218163e-01,4.380728168476200057e-01,6.913579040306663259e-01,9.793627201892939338e-01,2.407008237130050521e-01,8.204494569226881140e-01,2.952371093471766184e-01,4.263375999901599656e-01,2.817658684972608185e-01,4.460117484341223903e-01,5.089032428282513898e-03,3.034388473302714884e-01,4.452940639376957721e-01,6.322401837060960261e-01,6.373613911759088424e-01,5.837856184704928175e-01,2.930318295922968996e-01,9.474043159357454780e-01,3.919698237410993436e-01,2.168939412390578081e-01,5.545129396679873146e-01,7.489286698809135556e-01,1.223357282226622544e-02,2.763440073955474308e-01,8.249778526000298706e-01,5.070210933855981983e-01,4.084883045799140300e-01,9.309012795823118358e-01,8.953509712283869160e-02,6.155702007778490747e-01,3.421887162437770025e-01,7.082339829292572109e-02
2.137445086108201719e-01,6.279332130172843307e-01,2.827693385455742892e-02,5.922488153893509244e-01,9.568504212173043477e-01,7.950960623702693075e-01,3.455970793338456470e-01,1.382076463616083162e-01,4.650644339129785809e-01,3.929504361784054156e-01,9.717329600238520104e-01,9.898680545084219684e-01,4.105846563237911528e-01,1.487839835299368252e-01,9.106095496429051916e-01,7.935422756669933131e-01,5.112742066556975606e-01,3.653546430151413116e-01,4.481658275997274510e-01,9.018811753051103608e-01,1.846434477635384708e-01,8.067835211234709591e-01,1.819063282715538410e-02,9.205719931420850433e-01,5.002972796462057392e-01,2.267478263411721873e-01,2.856502817182415832e-03,5.595464687447742058e-01,2.444878705598381163e-01,6.312643360108433077e-01,2.811692814520472261e-01,8.802402919022689343e-02,5.050516298435593354e-01,5.644857362881443574e-01,4.525900255395507443e-01,4.580355543297813803e-01,5.896501279000153639e-01,5.263535094101534639e-01,1.325675388626581519e-01,1.970856464850323508e-01,1.417910414290500798e-01,6.932955822197458540e-01,5.285984121669660141e-01,4.298551235309282514e-01,7.983389952728493499e-01,3.257946597608051276e-01,5.681066630909610282e-01,7.440760149019842729e-02,7.444040838251119174e-01,6.951924448155898384e-01,8.023796292968820021e-01,8.844759580165536539e-01,7.580282672954186118e-01,8.444898901272938074e-01,3.456545989617245684e-01,3.433373620149396954e-01,9.443008198998162905e-01,9.145745363262047789e-01,5.484973411052225245e-01,3.665587852726458484e-01,8.660015302588003339e-01,3.234111324273661880e-01,1.536350828944443858e-01,6.394926750054800157e-01,4.262180973296691988e-02,3.791019061664879786e-01,8.076638156946219782e-01,2.952161956928347486e-01,9.313154790735332922e-01,9.558246666166373418e-01,8.158163007651189069e-01,9.876433189920627020e-01,5.307641115114376529e-01,5.691995521389715540e-01,8.361668152704784251e-01,4.928052557880904239e-01,4.067200068330695251e-01,6.147535911745389825e-01,6.576595108488819674e-01,7.508958216961663101e-01,6.682006972600853523e-01,7.457217952633284908e-01,6.745596708887523496e-01,4.804452385001788395e-01,1.349345843364703201e-01,7.854432289352584196e-01,3.077915138768305692e-02,9.925000917613395757e-01,8.284584899396798541e-01,6.709106079813049739e-01,9.666067718544533172e-01,6.124702814562092978e-01,5.643288074434804624e-02,5.593821740145200616e-01,2.772041856569428253e-01,3.694775279844367821e-01,4.595851558500289036e-01,7.746007463887835121e-01,5.029292143709561680e-01,4.746802908250787878e-01
3.019721377418460584e-01,5.398722418527029943e-01,2.483908544353156111e-01,2.609938154082279693e-01,7.572587751445204463e-01,3.425472645090900103e-01,5.139967293911185120e-02,3.436772858949808107e-01,6.385722078666189461e-01,8.139855866773223481e-01,9.619366813923613257e-01,7.462204214749759146e-01,4.288516094168368653e-01,2.991192792049576221e-01,1.296299901708893865e-01,6.276864344461143830e-01,5.098833141090063359e-01,6.777015164441412276e-01,2.371331564550696047e-01,3.236441681099455625e-01,2.920953494986390231e-01,7.976518421744105414e-01,1.712298148633467632e-01,6.084721170244955513e-01,5.135501575910672578e-02,5.495275759017196338e-01,6.391397575305590717e-02,1.758765907879873414e-01,1.130253020535622044e-01,3.467253538834265125e-01,3.437314177077290811e-01,8.264192807282563225e-01,2.256874513805287030e-01,8.638674177397698273e-02,6.035117908141297560e-01,6.874506996000068204e-01,2.948236160214537938e-01,6.028141163613771614e-01,7.760565680066440208e-01,3.475529390761122883e-01,5.253538399331117992e-01,1.466332736723200414e-01,2.364680107018035660e-02,9.813679748108296019e-01,2.997308505363699416e-01,2.789020507218216149e-01,9.732451331730876953e-01,7.282335237631166747e-01,5.852978879404832080e-01,6.993233950933568366e-01,7.099265666954026610e-01,7.633358802929824938e-01,6.718923141991994807e-02,4.128314197828879539e-01,2.951303178330164645e-01,7.056963851700548407e-02,4.125989968464287561e-01,6.161734854131467598e-01,1.784976799744187881e-01,3.050267438878537796e-01,6.391708219171540195e-01,5.793246575572134072e-01,8.687854631732239152e-01,7.912309696503834200e-01,9.656110522860295031e-01,5.971933101133771737e-01,6.984673664116263225e-01,8.605062588144029023e-01,8.399924448252680254e-01,7.187216420262343419e-01,5.002562093739750804e-01,2.732068882307288060e-01,8.772157539354059619e-01,7.766554422373049826e-01,8.379069519584791959e-01,1.407893181472041899e-01,3.148128781892746142e-01,4.248850378996511523e-01,8.383519723005606883e-01,8.928866727146554938e-01,2.848927142552862835e-01,6.864291672657647503e-01,7.781420615256340323e-02,4.095732719687611434e-01,4.866691077518850994e-01,7.656328148991158322e-01,8.919722368371204579e-01,3.372832358244561846e-01,5.277388899419013235e-01,6.474482223675241954e-01,3.286872289468146802e-01,9.855382131740444418e-01,8.757743795700245748e-01,2.964028288666166189e-01,5.079462309990483426e-01,2.308406132472443639e-01,5.145039189033348004e-01,6.833323448232848651e-01,8.552109279298780731e-02,8.701172048072717269e-01
5.937458684465835024e-01,9.896028985770016773e-01,2.559150724950320921e-02,8.314983510982321135e-01,7.919630482545475525e-01,1.328525120400323445e-01,3.353056350834067167e-01,8.847962030441727244e-01,5.184542950722542676e-01,4.012814874672390175e-01,9.054964322508417540e-01,9.334452447706143019e-02,4.731227829022564002e-01,6.523740979753522851e-01,6.085414390150125641e-01,2.642764544088914702e-01,5.633129045343364671e-01,7.085617642859817211e-01,5.848854073266983589e-01,6.844622259773223139e-01,2.560787393887904440e-01,8.328489502717826287e-01,4.496895369849698287e-01,9.872238441045687596e-01,2.328532066693755898e-02,3.803153712476433634e-01,1.804750523051108502e-01,5.556095269940534154e-01,2.432050943736127069e-01,7.374779465674817791e-01,8.818658623375187355e-01,2.108843535821108839e-01,1.606776183017983861e-01,8.753571857284785374e-01,3.612719150885056463e-01,4.345836349590299630e-01,2.209695024435356370e-01,4.253148680511471547e-01,2.313000730779969372e-01,6.659274406341809671e-01,4.988764124800871835e-01,7.880604459629089176e-01,3.127281160672944482e-01,5.055950154590377332e-01,2.595233229771344297e-01,9.344739302466315012e-01,5.219356677911031195e-01,1.734624963179430823e-01,2.727656592100290434e-01,8.290196412406014570e-02,2.781599559773340058e-02,5.259218260706709502e-01,3.371229225256052731e-01,9.637734552603064442e-01,1.713313963614842006e-01,7.939126527369453346e-01,3.159714421929027406e-01,2.235373860587052119e-01,9.696368190013073818e-01,8.025765987457657014e-01,6.306208914453316217e-01,6.971210372237520714e-01,9.913814748505898056e-01,5.932074088248867616e-01,1.019004508069600856e-01,6.486612670138136583e-02,6.666067774738734242e-01,6.576011439251482349e-01,7.481737929780886143e-01,1.087787302326137517e-01,9.449022747551717449e-01,5.511584139106447955e-01,6.495555210212153874e-01,3.485238337813023612e-02,9.609742145155738546e-01,5.625918487439486304e-01,5.633631129946286009e-01,9.435553162303798036e-01,9.293501781836673858e-01,2.202985918172416513e-01,9.310988219059292970e-01,7.366212893800614392e-01,1.890072733141745509e-02,2.398431487383383409e-01,4.129801454714463471e-01,5.828224555057547329e-01,7.013297304886889627e-01,2.102103939568993329e-01,8.367005142736889667e-01,8.457153238891547131e-01,6.349988192605773296e-01,9.210939105156983331e-01,8.129824268971879153e-01,2.216236592935408867e-01,7.986768663103605004e-01,9.532020787531050310e-01,1.376064470184309441e-01,9.786978847910290380e-01,2.499279677009025313e-02,5.221672447737722988e-01
7.738931389784842185e-01,7.904381025462543509e-01,7.346725691462678842e-01,5.293513727531619084e-01,6.509643220703954514e-01,6.999321856531137698e-01,4.945392242138956229e-01,5.956849751346375843e-01,8.463680534575731551e-01,3.128790211458272186e-01,5.232063269686323403e-01,8.479721025507869214e-03,6.874363997767931611e-01,1.953854646148417418e-01,4.810012537137688948e-01,2.102052162804592950e-01,2.353371457849229298e-02,4.832205516980165871e-01,4.248336066107070152e-01,4.251495135243806844e-01,2.088061599288703052e-01,9.472045897481792265e-01,3.507151810694497662e-03,8.915454499973386460e-01,7.369019231394821068e-01,1.720720335332714956e-01,4.721919863035545228e-01,9.888500815082725826e-01,6.436982369843072815e-01,1.273767238186674922e-01,4.576422388564318489e-01,4.682030965728123384e-01,8.022633328831083599e-01,9.161629328261553518e-01,8.224154328873456432e-02,3.140372869528322841e-01,2.984381268851149516e-01,9.960481249190182851e-01,5.592271166913996838e-01,8.798314961199844575e-01,4.260328494448238912e-01,7.227231504089364211e-01,2.865856423041460710e-01,9.117860234892334326e-01,4.551462409865337788e-01,8.037254973160872229e-01,2.558168833425648048e-01,6.936043419218791417e-01,4.051584044000358098e-01,3.143942297454704882e-02,4.130082537590634706e-01,5.500216417554204540e-01,1.517616139131752195e-01,1.839131051926150562e-01,4.648627983231569116e-01,3.427297124334066636e-01,4.407405380033626585e-01,4.608269893227228131e-01,1.400760437027556149e-01,1.811945752701147327e-01,8.481653934794942673e-01,1.627186893104840548e-01,6.659143330082608614e-01,4.185280467677920946e-01,9.682366859696408534e-01,6.610436188823753945e-02,8.303888660307618963e-01,4.914492311026215088e-01,5.352370864188604749e-03,2.636602189395537144e-01,4.076968525492694617e-01,3.141947534489251126e-01,3.624494640139332979e-01,9.166719091371798855e-01,3.609340323923276861e-01,4.188293794027327932e-01,7.611315535781127961e-01,7.938335657483751584e-01,8.408965178669458584e-02,7.040700345670042326e-01,4.825719536767757445e-01,1.338538932376553969e-01,2.647105639468843030e-01,4.503549730651867922e-02,3.602371888118351961e-01,2.554064403340241540e-01,3.821033973800176398e-01,5.803405475307568118e-01,7.323395520366199341e-01,6.053519865595297089e-01,6.783773022599457470e-01,8.656391206187933340e-01,8.738244434615108913e-01,8.607193483591739636e-01,1.531689154795266017e-01,2.510691335936453550e-01,5.023253049275721027e-01,3.587392940160269994e-01,1.316689682799632166e-01,2.877502346056514115e-01
9.754287616656390769e-01,3.469267554965361766e-01,4.189140682959614503e-01,6.401421857296973883e-03,7.194148797901986914e-01,4.135500655453797636e-01,1.031400628951610887e-01,9.685567383046719270e-01,7.774332125850867969e-01,7.261500894327268529e-01,9.578723348416694483e-01,4.074800845171377972e-01,7.185335402924484249e-01,2.062078973854510888e-01,6.971205474521200429e-01,1.407909218760283743e-02,1.263053804406141234e-01,4.252589186028484791e-01,1.209269480600816404e-02,4.619658554504192383e-01,5.227917490650039190e-01,6.216065975870820326e-01,1.003866769936163639e-01,1.810119131272123205e-01,6.132833707171950754e-01,6.581877124626392961e-01,2.590022821027626598e-02,5.403673621150382189e-01,7.849817319988325881e-01,6.910087778539408809e-02,4.131728652465197493e-01,3.265112730301018562e-01,9.136656253520166748e-01,1.858023932064553074e-01,3.183604131444801588e-01,8.984447449913030015e-01,3.306533060599727847e-01,5.313474405855943550e-01,3.303533723087936913e-02,9.849024361750361445e-01,8.249467078711895107e-01,6.344009447466762985e-01,6.075527308998029952e-02,7.486996137278068009e-02,5.449736307906897226e-01,2.850644362034342461e-01,6.227894475031733323e-01,5.981924818477724060e-01,8.386513982792977995e-01,2.813770607126423462e-01,5.778635244909925417e-01,7.773633188387609749e-01,4.907729863223262434e-01,8.306436649389444815e-01,1.312762015737729548e-01,7.338977651471433328e-01,9.429820915209784493e-01,3.318833209935660999e-01,3.663364424119649465e-01,8.354967719085470979e-02,6.414927795747117356e-01,5.524507256348701878e-01,4.034575873236778687e-02,7.522120269713117313e-01,8.292844957450249410e-01,9.071196041407540989e-01,5.457340861706421187e-01,4.525800349017573554e-01,8.761371545320774112e-01,3.986968190681390301e-01,6.554431252345617187e-01,6.153622564009263440e-01,3.721610998185118646e-01,8.688993756604812546e-02,2.141553867068568540e-02,4.282377405353872124e-01,4.812015748233567924e-01,8.226782681898919813e-01,4.144116499114711694e-01,2.811598747334692616e-01,4.620964680751532550e-01,2.379904804240211558e-01,9.136061111495652476e-02,1.130430336861072416e-01,3.191544598969275892e-01,1.267641755849069352e-02,2.202032866812381195e-01,7.875231409323538712e-01,2.346171924303108725e-01,1.107295110395158932e-01,9.490805599945391080e-01,6.224701163516194180e-01,6.002594943566585961e-02,6.224396649490282485e-02,6.121221256991696835e-01,5.401288020649116506e-01,6.837477239298483944e-02,2.243154749733353714e-01,9.290429144855882893e-01,5.720108104810173177e-01
4.403253981478302270e-01,2.501554119203660553e-01,1.336980423018709896e-01,4.026316841106810651e-01,9.223665593313005173e-01,4.871139567754168009e-02,9.909788159428666310e-01,2.078127202020078057e-01,4.087673603990092941e-01,4.505130816571756291e-02,5.847822031080313065e-01,4.835552654009915852e-01,6.667070347347798798e-01,5.426781272914725784e-01,3.981777846470689886e-01,7.377566978116707475e-01,2.502112778695775308e-02,5.410290208745951457e-01,1.138762038290093148e-01,4.360083330858333106e-01,7.911253168580164585e-01,1.424607462604001729e-01,9.358103487724852565e-01,8.885046923914045047e-01,4.149050708666984777e-01,5.974840725936569896e-03,7.897448266744859779e-01,8.808958034122829073e-01,1.747380923554325838e-01,9.161922088165570521e-01,9.140972772946960312e-01,4.712908510341904389e-01,7.980348107978418870e-01,4.449479782719883980e-01,5.640462659186178396e-01,3.198390098097633194e-01,1.594693453208244627e-01,7.465365838140318733e-01,1.392844519135683079e-03,5.795526896487814827e-01,8.646860263784637013e-01,2.212772867764505325e-01,3.328994567980023689e-01,5.874858528644627542e-01,2.468702465311400918e-01,8.474868573307829944e-01,3.666031671125550284e-01,5.816137198198861880e-01,2.261211475992087605e-01,4.138633699098570595e-02,1.737002660136606202e-01,4.619893760880322553e-02,4.686038996132192436e-01,5.866373909180494506e-01,4.467520768545274468e-02,9.048222153793283873e-02,4.855250268103509237e-01,7.991799322009761619e-01,6.280091789157192794e-01,1.047102201038694336e-01,8.875422738414947554e-01,9.174502347897467436e-01,3.249568278494608942e-01,6.160177918813621867e-01,4.923271501847118481e-01,9.420237686298221780e-01,5.087485329487357877e-01,9.599658137120642420e-01,1.993425505302061085e-01,3.455367576956799303e-01,7.813452400961373723e-01,7.836107355933678020e-01,7.321832739567051274e-01,8.596114646653041369e-01,7.025461729438121639e-01,6.360851444722338544e-01,4.589250130775121006e-01,4.670877433293268988e-01,4.061614932042416637e-01,6.202117997038203434e-01,4.066639292329935484e-01,1.474943140865969671e-01,1.065296162086467602e-01,9.244722752437778412e-01,2.473890753788310359e-02,1.054672618056524680e-01,4.453048746455866569e-01,2.629262669043798128e-01,4.058489004021459401e-01,1.174473815938833487e-01,1.309069368473739781e-01,8.006579087251153304e-01,7.591087441003038228e-01,1.042528657246143409e-01,6.677904148990200239e-01,6.093113233554833252e-01,7.133627226802297105e-01,4.744489045624741275e-01,2.699868275334408318e-01,6.636791693565279315e-01
3.713574265228219984e-01,2.189529010121604724e-01,4.086290137192831740e-01,7.632698356009539609e-01,4.757931965362018900e-01,2.998642634334220958e-01,8.318686148238282341e-01,8.816437551809347406e-01,4.332504237726747531e-01,3.746880207268946661e-01,6.126989470189649900e-01,5.797444605791302052e-02,6.913231605675971281e-01,7.822876053772468419e-01,3.974419272571716455e-01,1.746158500073964337e-01,2.881837514086349472e-02,6.372455994870999119e-01,2.689934066349097819e-01,4.638895871212842525e-01,3.863555216575308426e-01,1.748847959474626457e-01,5.083686684607040540e-01,4.595935227407379475e-01,6.241476228698322748e-01,2.518849945297867432e-01,2.146390798534058009e-01,8.143450597564720894e-01,7.021922449640415342e-01,7.722064516915633225e-01,1.232898117550280670e-01,2.240396433270176457e-01,5.755315162036398480e-01,8.572013468729080543e-01,8.921146431684701117e-01,8.319099622549273043e-01,4.339794608442737456e-02,8.208791846557262906e-01,8.990911775210816970e-01,5.674909015265205969e-02,4.162808937769880702e-01,5.366103232967016634e-01,2.327503728834996455e-01,5.166856560371105855e-01,8.859557879610645559e-01,8.669425063457645297e-01,9.398372812574808943e-01,4.841097983945420458e-01,4.105669452939201269e-01,6.657878190323534007e-01,4.167605776010341323e-01,4.194459600085775897e-02,7.199214521704550007e-01,2.809839412828237792e-01,4.908531226719048401e-02,2.062107652690414739e-02,9.313612685773181576e-01,2.520760086441689030e-01,4.478991925230635385e-01,9.505764528988553952e-01,4.675169787807251787e-01,7.860932352631133657e-02,5.519360472466592338e-01,8.819865345406519008e-02,9.508787837353638306e-02,8.514770738024597385e-01,2.894215433645894731e-01,6.786702001124362837e-01,5.089243353286617699e-01,2.223266912044141730e-01,5.178202986532076668e-01,6.899353589975276702e-02,3.472123495897093681e-01,5.228362250204916517e-01,2.283943380856520156e-01,6.601881301813604663e-01,5.181192169630677302e-02,4.848098978706268936e-01,7.149957812893833475e-01,4.299460589567728475e-01,8.745864153189379930e-01,6.321927812406655800e-01,9.584929160587377650e-01,2.841218127749787214e-01,9.387893308547471394e-01,6.068225898856967060e-01,7.451788992133986378e-01,9.021611170434469251e-01,5.511971879918209360e-01,8.621807919496653483e-01,5.416969395880553151e-01,5.991989276172376977e-01,4.450985728973855249e-01,1.456385518401028811e-01,5.535032333488666412e-01,9.774482302661811062e-01,7.871859957322843160e-01,7.474984847534363874e-01,6.433088027296295364e-01,3.479086734872445241e-01
1.696151944783784726e-01,2.245516016426898354e-01,6.322089542650122240e-03,6.734804208983546925e-01,8.118775585564337316e-01,2.689113511980597560e-01,9.185039964427188508e-02,3.357270678219178572e-01,2.920512294169779199e-01,4.508763607777318549e-01,2.641020543210109706e-01,3.397327053450290846e-01,9.075547793492426685e-01,3.348353528896061970e-01,7.855180467298970015e-01,6.258337002244593883e-01,3.375379456313738480e-01,8.177882697803504630e-01,5.950760695962649116e-01,8.618727598900366438e-03,6.872820157239978300e-02,7.526395594523188626e-01,4.465277895851943457e-01,4.055077917435405688e-01,1.458271841958079795e-01,1.573185939612702366e-01,7.977524500959005671e-01,8.290171339614552659e-01,5.600025406387292293e-01,2.951278098056874244e-01,9.327008166678302237e-01,6.239623909952266567e-01,7.966421194517881998e-01,3.282920288215418481e-03,4.503196008753604929e-01,8.709490863199558230e-01,3.382332832327212824e-01,7.265511768722809904e-01,6.576748251286455016e-01,1.522183663542994170e-01,7.749038272544050976e-01,1.125267903127988856e-01,7.279140965719407275e-01,9.909683367790943498e-01,9.579814318117627625e-01,8.002417430570046841e-01,5.345174242297021650e-01,6.748245758207399581e-01,7.281083903440926930e-01,8.401524278238703403e-03,1.023662209529564437e-01,5.970591320788624090e-01,6.534540142909106564e-03,9.089056507734972756e-01,4.896627132250778169e-01,2.577670756051216872e-01,3.938211695975992743e-01,8.507764106400028670e-01,9.271928737641157436e-01,1.162349804773200601e-01,7.779606339555766858e-01,5.782271182165302781e-01,5.855027576644866727e-01,7.794521218958263553e-01,2.228446867859574798e-01,5.310449679749582597e-01,3.193526154508091741e-01,9.451234497651483935e-02,1.050794455566038677e-01,1.364714706251507481e-01,6.148998489048379534e-01,1.058301983773100030e-01,5.701038425901735485e-01,5.882970579772597297e-01,9.038965101218910947e-01,6.263765963255142344e-01,9.855878408815013092e-01,3.099257994083481904e-02,7.041461366451189363e-01,2.648007805304330997e-02,7.293775778747035865e-01,3.858502092040354547e-01,6.113077653925895749e-01,3.095380720883377235e-01,1.591050391526490637e-01,7.235125180892824082e-01,9.046203802700867325e-01,1.835824437000349585e-01,9.207030012036006017e-01,1.401821092045437700e-01,7.356618825495312430e-01,9.594451581790059969e-01,1.473708817562376927e-01,4.350900467553533435e-01,3.374574823583994521e-01,3.884777501840981362e-01,7.531397391317765644e-01,6.611889325555593278e-01,9.686869644628192111e-01,1.854795033564222706e-01
5.432608693258801358e-01,4.491261454190267344e-01,9.188561089257496484e-01,1.061923247695994998e-02,9.891704007670941712e-01,4.797343143725287806e-01,6.255396472335974511e-01,3.600525558057154907e-01,8.525266696954988399e-01,5.619879451183826813e-01,6.628109362497648371e-01,6.489047080606764606e-01,3.639821398977325373e-01,7.599099580661583531e-02,8.077062260940500726e-01,2.897159191843174941e-01,8.489302284777044960e-01,6.086430087908263342e-01,3.537039580974780106e-01,5.942471489736227408e-01,6.454926923614375811e-01,7.066834077586723328e-01,8.223381345070712722e-01,1.597549422179846967e-01,9.441443847686166180e-01,4.108406144275108529e-01,8.604502983763773205e-01,2.204795953677851639e-01,2.902897220471478690e-02,5.733440436228507409e-01,3.246662790724389458e-01,9.844620049479493318e-01,1.044534547153829207e-01,4.730286600352173743e-02,4.501781855313324865e-02,2.168736952237945159e-01,5.791911163653383765e-01,5.055633736446917270e-01,3.500758048335614880e-01,8.879310741690926712e-02,2.337370947943188115e-01,1.841470647847168740e-01,7.456668371560484232e-01,7.799463830013141363e-01,7.770140130618197194e-01,9.690405444141486635e-01,8.842379463340319656e-01,4.978047471785048694e-01,4.149360209091651486e-01,9.157685177094617712e-01,6.112252520481467055e-01,2.943986670255952509e-01,5.644640277151673491e-01,9.921494226961262708e-01,8.494700601523622607e-01,2.812797160595416068e-01,9.529544259172169074e-01,9.814621114791158840e-01,2.311669594154152074e-01,8.955921185013412389e-01,8.832027176988320738e-01,3.975357323404060672e-02,6.696891930616870603e-01,3.052807130311693262e-01,6.746126264918758109e-01,9.135586941902434921e-01,4.987792479895184483e-01,4.144128307886527640e-01,9.215312711874172891e-01,9.741149177385326485e-01,6.223632779380272595e-02,9.228480691482072729e-01,8.276853352188884294e-02,3.372862133835896614e-01,7.625741224303267396e-01,7.770369819396952815e-01,7.258218906791662484e-01,3.911248806106837339e-02,1.329660480240932863e-01,9.362164982197485052e-01,8.146138839589078806e-02,7.854591697311663623e-02,8.356459377578702163e-01,6.412657532228861479e-01,3.516560558451795604e-01,1.657104870716263889e-01,8.841704198928148628e-01,9.885377576285121481e-01,4.997172844282915527e-02,5.541133820902017781e-01,2.613035849058150673e-01,8.323868335497041082e-01,3.460730917748057189e-01,7.146292891863398333e-01,5.395234215262770805e-01,5.415233815949702656e-01,8.579994311804214346e-01,4.704044259245642179e-01,8.455995341444806357e-01,3.634268280375754223e-01
1.747829424643050356e-01,4.554773776566151122e-01,4.983557813770221889e-01,4.783831976377914685e-01,8.083304118792822290e-01,5.646789414600971169e-01,8.884440717588029113e-01,5.141854949159421206e-01,2.247150828820042578e-01,1.294958402627526262e-01,8.683628209446209167e-01,5.617279890221171801e-02,1.176096119197622691e-01,6.365851891764107151e-02,4.237341971818202602e-01,5.326156163935934496e-01,1.987473102260073343e-02,5.155861668916043028e-01,3.937594712906260508e-01,7.736451824558980839e-01,8.299566217462231998e-01,6.849674363862053861e-01,4.734955353166239167e-01,2.161485950419881341e-01,8.471148673025601372e-01,3.416691400444168414e-01,3.562918871949491972e-01,9.160115471870448056e-01,9.755972555979129934e-01,8.981309563845041311e-01,9.982347235610811165e-01,8.689088439014773790e-01,7.043575176200818078e-01,2.938193995714728501e-01,9.529570488998762023e-01,8.766268316137536543e-01,2.407467924156532213e-01,4.891624732418269339e-01,7.005566062555013129e-02,9.533088632672170881e-01,5.727683277214559165e-01,2.452005459281654254e-01,2.923993136238757229e-01,9.806563726298596073e-01,6.156142918041976886e-01,4.206831241064037386e-01,4.998454617855381255e-01,9.855007237734336734e-02,7.502276007287600468e-02,5.927077433003848927e-01,5.120040364403164457e-01,3.591531913034411438e-01,5.661139525113645377e-01,7.267594943717226030e-02,9.439911714315463165e-01,2.937116877842218532e-01,7.177879067199888219e-02,1.695042725741040535e-01,9.547391448251685286e-02,1.786045043596812265e-01,4.167540548266118750e-01,7.380508939355208131e-01,2.723483474550397743e-01,4.359266219416438881e-01,9.287572878882363048e-01,2.958217393259754413e-01,7.947197532647097828e-01,1.578168724823664215e-01,1.783217462572476153e-01,4.561528734762656523e-01,2.341022504663863302e-01,9.030280737942601998e-01,5.075229112347778848e-02,5.972725661438396116e-01,6.042293961495198706e-01,6.602592751944769134e-02,7.325642148708912949e-01,4.688975445121960073e-01,7.230733734948084912e-01,8.269249859350699117e-01,3.228993519906938614e-01,4.844858829354876661e-01,2.607607797680113748e-01,2.015134635223350124e-01,5.947580426574061718e-04,9.636315120798373268e-01,4.409284693296482427e-01,1.306977305887402352e-02,8.938577568048167166e-03,2.883525685511950654e-01,1.393767871011841741e-02,3.745146176585483211e-01,6.293850143894785809e-02,3.925159115030973922e-02,6.693813940745499957e-01,9.068412894428846682e-01,4.093865833022792833e-01,8.367704302759325641e-01,2.926546113574712837e-02,7.776900559701824811e-01
6.279999232289090738e-02,8.384394231973516520e-01,8.823663448720640012e-01,7.859738423823142695e-01,8.207490244112890521e-01,5.614845663323189129e-01,2.648849425826519388e-01,6.432310026609666664e-01,4.395416490763613959e-01,5.336560919045996165e-03,4.768257064348350172e-01,6.511879245505455271e-01,1.388365969132077105e-02,6.213603361081576626e-01,6.525319062168563056e-01,1.581075782388967621e-01,4.310741851565095262e-01,9.643326008891325296e-01,8.841892277997824845e-01,4.108214228582527383e-01,3.498462680241555267e-01,1.240806809768559837e-01,3.518908454015978737e-02,2.974627774420787185e-01,9.402833470822383743e-01,9.586134513336672658e-01,8.125193405762762833e-01,3.508248135198595019e-01,1.436264328821111880e-01,5.955334756056792633e-01,6.465050072061814257e-01,4.245735692456040766e-01,6.916467955586402816e-01,7.466818856517353220e-01,7.830616635747800203e-01,5.022981113575072376e-01,7.916407775597333885e-01,2.547642626945678668e-02,6.804043667388696148e-01,2.356339570504798475e-01,2.705202916876532360e-01,9.130170660673231353e-02,1.923922635931792913e-01,9.920082330020029149e-01,4.153901305634752905e-01,9.277653986886854609e-01,1.628995281927980709e-01,2.040588420985195439e-01,5.578133538150712445e-01,3.495325408790824762e-01,6.439152085747961163e-01,4.220465757204303614e-01,8.115972374654619736e-01,4.315590711710837191e-01,5.723491824382639370e-01,3.210732000237287442e-01,7.040409874386540645e-01,6.547342089657141040e-01,3.970010327740577383e-01,2.760321027905965341e-01,6.141043748202990038e-01,9.431516492110076921e-01,1.326430240266015526e-01,7.991166183455604699e-01,5.429917728080906336e-01,5.255596951738591427e-01,9.616841475759791980e-01,6.058747975685567777e-01,8.305178277485180116e-01,5.144772488756965689e-01,2.498533672550893314e-01,6.944902714581095982e-01,9.231769044440039096e-01,8.412300956100755567e-01,1.983636062400846445e-01,3.168891190621502263e-01,5.168806739736776512e-01,5.716032952360652342e-01,1.938141144585282527e-01,2.300123400151645736e-01,7.588310690354364008e-01,7.303174167149424356e-01,8.392088146288910755e-01,9.329298072802311159e-01,3.082611189026916998e-01,8.595949565705793827e-01,6.660117912761863712e-01,9.577704238917994495e-01,2.720741560234158918e-01,2.696715016395255793e-01,7.042934486927266979e-01,9.284107740382763208e-01,8.245558247864346324e-01,7.270395577933561615e-01,3.873091980573882820e-01,7.177673347019739580e-01,8.010955764308144156e-01,7.532856797906043456e-01,6.768107982861230054e-01,4.713125169070297993e-02
6.597149331148086659e-01,4.782946554829103913e-01,9.615692715496855225e-01,6.071898833770710269e-01,6.082272562352992740e-01,9.940551873697498486e-01,9.358778978090542822e-02,2.763162851003528875e-01,6.560794389690256523e-01,3.152362560343746622e-01,3.461501479291219097e-01,8.926449397971085720e-01,5.793539050397965573e-01,1.028655828041545872e-01,3.108625857326218211e-01,7.605837649941804557e-02,5.561299334471452305e-01,1.732681963759896693e-01,8.571151500251061872e-01,5.773140264564998736e-01,5.937564193109468036e-02,3.008756636243189453e-01,6.163376672361268183e-01,3.354983181938282488e-01,5.131766685939557204e-01,9.093622946827356612e-01,3.500359705062783267e-01,3.358728624697879805e-01,8.197568413126987696e-01,3.187565229167699243e-01,7.795834414039226612e-02,1.809449542374949038e-01,9.488002507963010368e-01,9.332927925777213529e-01,2.248120907781477884e-01,5.535018730986858149e-01,1.373681004230028480e-01,6.746776285115357874e-01,1.853057960098106749e-01,4.979042292160396066e-02,8.248968072087993209e-01,3.254003827236257029e-01,1.085224035600970138e-01,8.339039508622252406e-01,7.623974775461483944e-01,6.837584504319681455e-01,9.112487098445292144e-01,4.892260868706351795e-01,1.280564975867977129e-01,6.134640989511952469e-02,3.184410179596586232e-01,8.683083013741621503e-02,5.355094403470853637e-01,1.449901782315787813e-02,4.437633015093759292e-01,1.784602898535854187e-01,3.682680438671581680e-01,6.750340747706891076e-01,3.509637710507015340e-01,3.413398872002152418e-01,9.907507328395019908e-01,7.188147227262862149e-01,5.138617118500513614e-01,5.793756509975794833e-01,6.201826315188109229e-01,2.457539894084193044e-02,8.026459052524759219e-02,6.491893513566517893e-01,3.644688588483137037e-01,5.544404023192506248e-02,2.975132460516261013e-01,1.302834204213901836e-01,9.163138422263212846e-01,2.029253925531150360e-01,1.436911973940524501e-01,6.261688170886166027e-01,5.219119302768326918e-01,5.759324540357919631e-01,4.359481480403152309e-01,4.671693109321295445e-01,7.787975558471295079e-01,2.199221848256673884e-01,3.965293028312341095e-01,9.578253849279492194e-01,1.899857011860451861e-01,2.937735950418670638e-01,1.915669242859905363e-01,2.049549635813563420e-02,2.698299250416703599e-01,4.646744596223917334e-02,1.546851264066333442e-01,3.626820700676146592e-01,2.072121706895824200e-02,7.529565659307165815e-01,7.955890137695468267e-01,4.114138024183628950e-01,9.846659793742693623e-01,6.789939148076991060e-01,7.437217479807489706e-01,1.923004236661334243e-01
8.374376228217134122e-01,9.450463980215061399e-01,2.363101665737917800e-01,6.864642943863801250e-01,7.469410486633313306e-01,3.051691718095490558e-01,4.750090025722963905e-01,9.753909358072410107e-02,1.730948039595079369e-01,6.157052364719473037e-02,5.601654905452937427e-01,6.252628972772693583e-01,9.161195834337330091e-01,5.421848106236014653e-01,2.606113708080999292e-01,5.947354659111880881e-02,8.849530527508367994e-01,4.788580785280533991e-01,7.373219894423211906e-01,1.464934859558897351e-02,4.881389226644176071e-01,3.257226231664985816e-01,3.033127261382684292e-02,7.756728070724583368e-01,5.129016528936132246e-01,3.331802429911309149e-01,8.057984839073992767e-01,4.469234518501664644e-01,3.497956368301302632e-03,9.444476320383254908e-01,2.556827404623854827e-01,8.305755220633413982e-01,8.164153840812730101e-01,1.623739313607313051e-01,4.740026812147766222e-01,4.019897849849296545e-02,3.545516728884620106e-01,7.309788433696200460e-01,2.370694701103576163e-01,1.171279307423099825e-01,5.071235509350089377e-01,5.369863843736321085e-01,6.758289313211580662e-01,7.591377468025907183e-01,6.958095312646551678e-01,8.454122082948506423e-01,2.229064642820398623e-01,5.697667462164961449e-01,3.600953574213251462e-01,9.621123570016422155e-01,4.402795234148237924e-01,9.597139331335566848e-01,7.690656540591059853e-01,7.184638620686990551e-01,4.915637119218269069e-01,4.433781342556021299e-01,5.265481875184069294e-01,2.936330629269532366e-01,9.045099398384667255e-01,7.943306552653663921e-01,8.013958543250438993e-01,4.331535954494361018e-01,7.108894824421707614e-02,6.830773179262785710e-01,3.744135839714117786e-01,8.704303124508253608e-01,7.803384384498635029e-01,1.453281419897560767e-01,6.017157305385142374e-01,6.922139259271843370e-01,5.681375798243614161e-01,5.140421761552612656e-01,2.278630750059412735e-01,2.359068444211843696e-01,7.680081386425545720e-01,1.868978556355715970e-02,7.789100627055762782e-01,5.267987365391391119e-01,9.362226523848360404e-01,9.973215477229230297e-01,6.634845651089613661e-01,4.122571944201369742e-01,4.750859085606944365e-01,2.042154276515076861e-01,9.923432399148102157e-02,5.787633933021351096e-01,8.054950979666006816e-01,2.617665177292132217e-01,4.196528102453498388e-01,5.547736617769807310e-01,9.078978199700572516e-01,1.386312276620560446e-01,2.368831687296626409e-01,9.185304517857847406e-01,3.953559315469179491e-02,6.561156340598586212e-01,6.395258832179515629e-01,3.832544336325639511e-01,4.681646790071181119e-01,8.549179514805612667e-01
1.649820633467791176e-01,2.315674782789270969e-01,5.123504114398904630e-01,4.097454230000301401e-01,5.743724975451836023e-01,9.208391860937957807e-01,9.171020177378366167e-01,2.300183397149917486e-01,3.021446128488404215e-01,1.620686812970298929e-01,9.277903714639263999e-01,3.978641301981952205e-01,4.497051448836771881e-01,8.026407807774595948e-01,5.129734728102919306e-01,1.197554822215121106e-01,4.378487094426966042e-01,6.305240432786317628e-01,7.192090877570364027e-01,6.453518527828939755e-01,1.191807192323632858e-01,3.043445251618183134e-01,7.335646449632152732e-01,8.801901943360747049e-01,4.718641506225973448e-02,4.222910806997715039e-02,6.434045293390623366e-01,5.480461541632809519e-01,1.553390505177140168e-01,5.482915816969603506e-01,9.744873435008508666e-01,6.309002203966249667e-01,4.491411560497186040e-01,8.275324879395753452e-01,2.128224856521515607e-01,4.143264308269132279e-01,5.277678918108473782e-01,5.045398920507554452e-01,9.209724692111523892e-01,2.926681072466758016e-01,5.650372072961962200e-02,9.163772045137419386e-01,2.170676571383426401e-01,3.790279739767073997e-01,5.308916245180771432e-01,9.758804705482134745e-01,5.352684416285981017e-01,4.477433065484790475e-01,5.836384795176466911e-01,9.708081599171377585e-01,8.179445987564404330e-01,1.689681363119220903e-01,8.032600149042090631e-01,8.410990598038884380e-01,6.906941039584663100e-01,6.572334591672642778e-01,4.408770008478042346e-01,6.416953871194537307e-01,7.375749721522577573e-01,1.228202480742990321e-01,2.573299601834356798e-01,1.940818789662940302e-01,8.412118369060143097e-01,6.800025915317676750e-01,4.507785395751765511e-01,8.260557504884681324e-01,7.167813399925107021e-01,9.135930815452968368e-01,7.680699609791574733e-02,5.091573815412352433e-01,7.067479035762551653e-01,2.074931868048457417e-01,3.271262319713640343e-01,4.189762513198266314e-01,7.943256182705891177e-01,4.935762010571951297e-01,4.928700328477892967e-01,4.308876185521453017e-01,2.285890892963153842e-01,9.230715356127646709e-01,3.178011206566754288e-01,5.674656607699005706e-01,1.487797355223064999e-01,4.342433920990471652e-01,9.038035161692177244e-01,9.954652385105920986e-01,3.617518567334671031e-01,1.539905463143355080e-01,3.144515267303951145e-01,3.272417683870194605e-01,6.445087942823176652e-01,4.961567244945602750e-01,7.684597282656304706e-01,7.013032844974811386e-01,2.513087239252462801e-01,7.842556898857780956e-01,8.474618669148159533e-01,5.983901897540017112e-01,9.276677092485761111e-01,7.829481227345502781e-01
5.953959068731989879e-01,9.061659973133301405e-01,6.003584802405389498e-01,5.211911273373401876e-01,3.562583404111027141e-01,8.828633305944453280e-01,1.227271708728215893e-01,4.735027142174563775e-01,5.374133318750218269e-01,5.547491067697768452e-01,6.518898304852431824e-01,5.057956242538156344e-01,2.568181476399270524e-01,8.569443961394997977e-01,6.575253278355283060e-01,8.581878137103061688e-01,2.760434909803767267e-01,6.370568949028216910e-01,7.141737450763950834e-01,3.834051603678384490e-01,8.122441182069012333e-01,2.508774842296723762e-03,5.949197502142216099e-01,6.135684703521304684e-01,5.338430930386354190e-01,6.300484869194494797e-01,1.672268570232702256e-01,6.847814818023757466e-01,3.357889628366652612e-01,4.520537425759177941e-01,3.331093639962686703e-01,4.739362034994853978e-01,6.215692265117477300e-01,8.383434708955510573e-01,4.834350576402209887e-01,3.232238276036032421e-01,4.879418789253843203e-01,6.888036640705155200e-01,3.467007167257956102e-01,4.142820747234061685e-01,5.628398170087364205e-01,2.940092638273500425e-01,2.090846595444417755e-01,1.403922838632619685e-01,3.526099831260742778e-01,4.834290643805705390e-02,5.834825267095015144e-01,1.759093659975244917e-01,3.773947923300428053e-01,2.692228153983725614e-01,6.303899663417493748e-01,8.503456614668662983e-01,6.333010429883449977e-01,5.425049286733938381e-01,6.690837393220421259e-01,2.999063776019983418e-02,1.228446609621197672e-01,9.492723597104424371e-02,9.819716574878400994e-02,2.604837151965480047e-01,5.320522603832051889e-01,1.146815786567471074e-01,9.351162411893892967e-01,8.542568026544153925e-01,9.716443538329819773e-01,4.250004508849059004e-02,8.514024470893163388e-01,8.037340754414894484e-01,9.021058646024604499e-01,5.279441676598086719e-01,7.878890707756733836e-01,5.128687934265241388e-02,7.587778948398882228e-02,1.185322409495882523e-01,9.147888632982079660e-01,6.116934938844886815e-02,1.001495266991109245e-01,9.304104026295270113e-01,1.073925818322781778e-01,8.697562987253738553e-01,7.892707880622863437e-01,4.028198853215425590e-02,2.184739688962999971e-02,5.343883835135931903e-01,9.971754037667672765e-01,8.788301600989865126e-01,3.100254333712846311e-01,3.863092341154034104e-01,3.879059962381010696e-01,7.341788159050147700e-01,3.411327526623835205e-01,1.477970613752607187e-01,7.471074085835504031e-01,4.580156182451046165e-01,7.677872368646698753e-02,7.900522684920607830e-01,5.853112639502292547e-01,4.893693252687842943e-01,6.733431671472798197e-01,5.053676828203662597e-01
6.484201479884992292e-01,8.674885453653216061e-01,6.135143681111253633e-01,6.596004978542748809e-01,6.138560694206747215e-01,5.311797776332966015e-01,1.719724109754715569e-01,3.356776435588654239e-01,6.931089673581222188e-01,4.254761067017771570e-01,4.061290119110232411e-01,7.592692841305579421e-01,5.568860623661242570e-03,6.789944802453384831e-01,4.892265104900153094e-01,3.767625812463520907e-01,3.405366115735896093e-01,1.728754953151695473e-01,3.342520827486030743e-01,3.914184721103728393e-01,4.374489194248348811e-01,6.723006386775275400e-01,4.535710194230049286e-01,7.962843042233506141e-01,6.397379973783744456e-01,1.895970794940893267e-01,2.771731727705134540e-01,7.924918644138545520e-02,9.457217549233222220e-01,8.865504812292666070e-01,8.479622545093712382e-02,5.740760158474600416e-01,9.604018188608185458e-01,7.471427899461556832e-01,4.918121939706726620e-01,2.411029889066348408e-01,2.790370750812956047e-01,7.362379546713606615e-01,7.805752732438466790e-01,5.286933243514325698e-01,1.209487015167047819e-01,9.338683736265945834e-01,8.447627345667348964e-01,1.405387790274228443e-01,5.672758362885221839e-02,5.358676827497336204e-01,2.841426177295259814e-01,2.832497094145679517e-01,8.722159275041174720e-02,9.533858352713874273e-01,8.301664596598445911e-01,1.138345918759168240e-01,8.765987676508302240e-01,6.829560559631370209e-01,3.254411318286086763e-01,8.712505544151317727e-01,5.980221877819583698e-01,8.486698443343860809e-01,4.692679244872524080e-01,5.006510401618274875e-01,2.910100294109561059e-01,3.876926919447082343e-01,5.677520691282214038e-01,9.470592237086172815e-01,6.001177599681347674e-01,1.473781917803935748e-01,6.996185476486727062e-03,8.509878555086799468e-01,3.643254233661530339e-01,3.149659396398328814e-01,8.007311229423819121e-01,9.453642990898354359e-01,7.480450883519563776e-01,1.738473129114322946e-01,3.913782935910422589e-01,7.593985524347406368e-01,9.069258146705733159e-01,9.986000639496601661e-01,5.115609071381858053e-01,8.225248183419497927e-01,4.663164277738407471e-02,2.858247497549679661e-01,3.715134033474892794e-01,9.755238452818940642e-01,3.393648214860545131e-03,3.080207377625930887e-01,9.304122596129038580e-01,3.066782350440112603e-01,2.250667658145768524e-01,7.300885114359835226e-01,7.453388929998653323e-01,4.721778826475084845e-01,9.469174698654233557e-01,2.027070795418418614e-01,9.134158339795974690e-01,7.555080765252957242e-01,3.682083408540474112e-01,8.069086197233739099e-01,1.332021764137538700e-01,1.309824931932273007e-01
9.299372032474059191e-01,9.478050784541169893e-02,4.079606849404671109e-03,3.890304915849019940e-01,1.038509744321277628e-01,8.630364932442510240e-01,9.226935134429329333e-01,4.824263643564127291e-01,4.254715330100369286e-01,5.390392769440919274e-01,2.261946248449862029e-01,2.979658614203359868e-01,1.009771704840047857e-01,4.464500911113633563e-01,6.116916225336592738e-01,9.302237343916019974e-01,7.390731706267582579e-01,7.230637335531866494e-01,3.079989620941021577e-01,8.882932975100444883e-01,9.469556966799976827e-01,9.322629365420370684e-01,3.880302652438505362e-02,6.043506363040215268e-01,6.432251057252950099e-01,2.950651602165035303e-01,9.924121831579297837e-01,2.911874588185588975e-01,2.166116581810557662e-01,4.841456504431917995e-01,3.231473797703434681e-01,9.240294598699442252e-01,4.400767313147727622e-01,4.101495546725834052e-01,6.258621301085001143e-01,8.111467125112337140e-02,7.567329468165218120e-01,7.683988218048714014e-01,4.740258347276676831e-01,9.556979410004282638e-01,5.793391107957477359e-01,6.952364542449908091e-01,9.243449555031012510e-01,6.663453434247923468e-01,4.318260077255471341e-01,2.477117563314834570e-02,7.282993156318093853e-01,9.648660116010451260e-01,4.702351235359938375e-01,3.397686377882641606e-01,5.192594264137784243e-01,7.284372056846591947e-01,6.904744820492858537e-04,8.872117227318535582e-01,8.863628596783218461e-01,5.412979336087088145e-01,1.223787661756079448e-01,6.718057946136212211e-01,1.378456629633133534e-01,5.075471514326806988e-01,9.362997198111699948e-02,5.890653382975012953e-01,3.180693251179873560e-01,8.309914147375028204e-01,7.999461262084147650e-01,9.984738754744409972e-01,2.575031747043647901e-01,6.180109277958034664e-02,4.430032651488448048e-01,8.340333496657081902e-02,1.784997150657631204e-01,5.973001413615524058e-01,5.921308513442985477e-01,4.332747772969036681e-02,4.429047514182786749e-01,5.302186928672416588e-01,2.680242378199866327e-01,8.720431818754940112e-01,1.610986476464218997e-01,2.539018050062143983e-01,1.569944150327530208e-01,1.165466338705580807e-01,8.789791840071259355e-01,2.778591650699818727e-01,7.225240194678562711e-01,4.279823597252497835e-01,6.358734807339168071e-01,9.281761961722093668e-01,8.446078670432494162e-01,6.898639242023785201e-02,8.452025352792177371e-01,4.518235152806970856e-01,3.501457268798853217e-01,6.723879254616283996e-01,9.502078730992480349e-01,9.413549758813744006e-02,7.680770302502391012e-01,2.035080307579554271e-01,3.801361228269988235e-01,8.738230162632498743e-01
5.457991840123394001e-01,6.745664795042627393e-02,5.080485501367383305e-01,7.896419016414242265e-01,5.288805877655933241e-01,1.668892389790522790e-01,4.450410750575318763e-01,9.243453680396492844e-01,6.582039900941130117e-01,7.298865065085893278e-01,7.859365074494503167e-01,9.069342419333481509e-02,5.815365592699638375e-01,3.759151931853080830e-01,1.391591636720971303e-01,2.027095583040238180e-01,7.811604737247344055e-01,1.614891052897727830e-01,3.124186072217193244e-01,2.848733382630814770e-01,4.863036391456765362e-02,4.621584492393585597e-01,7.659298421692086745e-01,2.215263274889966993e-02,1.125514504798961202e-01,7.201866795975678803e-01,5.935809906729135887e-01,7.152476140486819789e-01,2.301039548771385279e-01,8.037687832974048652e-01,4.798710601102766926e-01,6.103019741788571206e-01,9.215341720083625177e-02,2.050315833598213011e-01,7.733578816103081621e-01,2.239084411887785064e-01,9.252982752145866296e-02,5.972032822521002871e-01,5.479365161617327784e-01,6.078939289832929749e-01,6.183054963630912892e-01,5.001973458645037063e-01,4.937739205686557664e-01,9.241655652894624762e-01,5.338817248797402826e-01,6.173002024138587451e-01,2.669693919387445824e-01,8.710932008021911033e-01,2.436809265916317635e-02,5.572267622977744583e-01,3.838502951981086486e-01,6.039041955604769196e-01,3.601720497713801761e-01,7.176879117176468981e-01,2.033144297343081330e-02,4.058894387691429628e-01,8.312635997424137058e-01,2.502007177794358661e-01,5.275087838032199716e-02,4.965240745651685605e-01,9.765334605267900203e-01,6.415856153513666005e-02,7.005649274979330876e-02,5.951165649466781948e-01,2.500677128781291225e-01,4.102312336372253565e-01,8.305071529993908186e-01,1.988486841825164442e-01,7.192999369814330191e-01,5.044855132675563070e-01,9.049576924142717083e-01,9.729620002935639445e-01,4.849607856533958428e-01,5.846470591154668828e-01,7.458425407375532945e-01,3.186741418720050456e-01,2.267403505232468142e-01,9.646851724430052233e-01,4.326153912195781492e-01,1.590826515773691163e-03,8.377182985250835046e-01,5.996641612910856844e-01,1.685585627203041170e-01,3.013969317707898554e-02,2.914824310417311048e-01,9.278870954736646581e-01,9.334911700356123276e-01,3.110034863021181595e-01,8.359309928207167006e-01,4.418453232570956901e-01,6.543447491365944613e-01,3.344438758710900350e-01,5.159725962709850178e-01,2.937794465503265062e-01,6.111436235646272586e-02,1.393781861915388554e-01,2.906744944732372327e-01,9.762537839761299407e-01,9.656721502499916454e-01,8.276633424845311060e-01
2.325060510960869076e-01,4.416021405418225632e-01,4.397828384907043198e-01,3.869732448181838480e-01,4.488030508974560906e-02,5.345273742243177306e-01,7.281199212486089145e-02,8.019186807179438103e-01,6.913071428447815636e-01,3.527370066435346896e-01,6.471363822124631682e-01,2.330370065590980921e-01,2.652500649566323920e-01,3.141335169254049209e-01,7.970115999353297731e-01,2.106913468460844818e-01,5.627812274860385378e-01,2.004671144214850154e-01,2.850374250624149175e-01,2.354812929864913418e-01,6.450046710732858513e-01,5.267289444557803346e-01,7.212991459055533294e-01,2.199434373329858250e-01,9.148535726037243521e-03,6.805095671303348359e-01,1.148539584950759584e-01,2.463052244239560817e-01,3.056861524612226599e-01,7.468020922908680248e-01,6.258918106574271611e-01,1.842654365258288296e-01,5.978878106197417219e-01,7.081479951106118831e-01,3.888972027901714812e-01,2.459529140278520210e-01,6.789827729147892565e-01,6.108912001414972259e-01,7.791215847082011425e-02,6.666796402337542560e-01,4.885179328352986516e-01,7.533689569777274331e-01,1.907175418798268129e-01,2.582164179013763938e-01,5.433127390975212023e-01,4.817335278921991426e-01,3.863653710564965982e-01,7.460333144297888186e-01,5.647515636282823825e-01,7.102718538941186210e-01,1.532549623191157284e-01,7.289882951455372018e-01,4.615281081002918784e-01,3.376793568458702488e-02,2.344915539964991247e-01,2.575639174057797742e-02,4.568745219910437250e-01,3.258797605550853849e-01,9.874495599132513401e-01,8.685041169568631370e-01,8.256708603431492932e-01,5.011165490312454729e-01,8.070874993507668460e-01,2.668696474627552107e-01,5.606494678465249182e-01,3.929180613194099836e-01,1.713419115227297063e-01,7.261343136840403556e-02,5.582183829716148571e-01,9.763913488020614651e-02,7.180030966859823893e-01,9.214684787261557819e-01,1.621061097115609195e-01,4.709385785102282451e-01,7.387745930598251798e-01,2.868396610330268270e-01,9.207645196329372617e-01,8.884655588699108542e-01,1.037543557296779495e-01,2.739977153184014469e-02,9.764584829794018539e-01,9.564750247711311104e-01,4.222856044659631936e-01,5.056332410597241811e-02,6.188755527460279016e-01,2.934101073886562494e-01,9.367229869005542220e-01,7.946619250543034418e-01,6.495937841334434859e-01,2.845038475135285294e-01,7.012685794417174989e-01,2.891682667592040401e-01,3.763098415187604573e-02,5.084345876202740477e-01,4.886845447886909444e-01,7.630059730262334083e-01,8.656738823544446459e-01,3.544684886942620627e-01,4.494730102036709196e-01,4.704004196445281671e-01
3.242240843723793731e-01,7.433869236251903212e-01,5.221011852062994452e-01,9.139557743886398411e-01,6.503107718955860594e-01,2.118965588939724087e-01,1.648086487470363792e-01,3.723843379162921075e-01,3.469265402569732260e-01,4.071318248625102054e-01,1.835910703044421055e-01,9.782226700264893271e-01,1.457097728687288818e-01,6.526487742243209933e-01,1.306923506458979034e-02,4.069610383190130909e-01,3.091833990950363376e-01,3.820246377394185266e-01,4.980773447731136061e-01,6.003750015243177751e-01,5.835113447943000020e-01,6.307136701211130125e-01,8.445476825537905352e-01,8.867171556146513645e-01,7.372503005607975446e-01,7.894224292440399360e-02,9.612923915099343963e-01,9.473980863470462532e-01,7.117037945453537073e-01,5.174390714019238002e-01,2.506183583358921885e-01,7.563511394988760017e-01,8.778601787162891856e-01,6.651876008899378911e-01,6.290726328617707308e-01,1.930047045705861608e-01,3.577965228941896170e-01,7.231362220325121548e-01,1.689873885122339381e-02,6.412642771888861226e-01,7.666703010102480231e-01,3.347044862707816426e-01,7.616776920078904833e-02,8.191193788839985501e-01,1.418368294850227418e-01,3.708011059697735590e-01,7.072541050677799701e-01,8.169859876514335983e-01,8.623819184885158640e-01,5.304171916111155571e-01,4.758716964558655782e-01,8.483172770180297251e-01,5.630770950474711656e-01,5.786507284152311303e-01,4.339733679938007072e-01,3.728139719210395997e-01,4.805408572898290931e-01,3.648474936961272341e-01,3.435464499692385543e-01,9.936643420078938860e-01,3.362134940718480847e-01,2.563837475326671278e-01,3.539240898426265769e-01,5.907813406361061004e-01,9.109904866231650633e-01,7.878642501977610735e-01,8.422411390757014171e-01,8.590086106838576985e-01,9.205283964468673474e-01,2.350712329088798791e-01,4.583660310374355618e-01,3.851976665764464958e-01,3.818769946135004423e-01,6.522836517021848302e-01,4.018030603177433768e-01,6.163303059172037246e-01,3.822793637278077972e-01,3.111281827244229969e-01,3.530771784431807614e-01,8.037570560137597964e-01,6.010510362288910002e-01,9.739977330166145197e-01,8.326562263797326890e-01,4.857806083340411307e-01,2.423763350940758565e-01,6.739091114551452044e-01,7.266460273119357272e-01,4.641759797919590147e-01,2.299221324106907050e-01,5.572383178632651646e-01,2.538292523594466443e-01,9.399983176304376187e-01,6.288842480337194507e-01,2.919309616692148390e-01,2.157306883345245785e-01,7.167232833851209239e-01,7.077932802417529201e-01,5.971322315085748622e-01,6.143010251792213605e-01,6.038690028256230580e-01
3.601034468105172026e-01,9.374144100074733865e-01,4.792784642629177583e-01,2.032790014558982783e-02,3.483613423883253901e-01,1.302825786475995118e-01,3.633837910478834310e-01,6.082624850357326585e-01,2.266447452192410505e-02,8.702005312278684457e-01,6.103091184681754822e-01,2.953718762589947477e-01,3.112051739242815973e-01,4.656681765161507780e-01,2.480918060017934801e-01,4.341927760946218129e-03,2.655744817926319890e-02,3.577406719720198636e-01,1.242216766086082780e-01,2.236367464708188812e-02,8.592692700348403267e-01,2.741373136428532087e-01,5.031225771668011992e-01,1.794090841916231582e-01,4.672497224376226388e-02,7.448662994885814070e-01,1.249568546467834107e-01,2.571690240365864799e-02,5.872303282634098176e-01,1.346757242144958067e-02,4.362859448103215687e-01,2.888360484778161874e-01,3.194179849377528635e-01,3.899043114029776547e-03,9.643460803827953454e-01,5.169631024835379396e-01,5.725121330416838017e-01,6.661224849120279679e-01,7.975217910497669482e-01,6.079091163091757677e-01,7.621981054933089084e-01,4.487352943628756252e-01,3.712751404044882797e-01,8.231339074821850676e-01,8.653105241734629915e-01,1.378066697869337887e-01,5.426601869600611305e-01,6.836424304861593582e-01,8.359873663196681903e-02,9.295968167427516304e-01,5.201097727171307694e-01,6.454574173167522133e-01,1.782427480903536754e-01,2.644346899554272934e-01,1.210012166812023393e-01,2.639987218538888403e-01,4.923967652917987659e-01,8.336295994572963108e-01,5.337234150203634675e-01,2.444635982310960909e-01,4.462107489072797417e-02,6.219698359070044980e-01,4.201598973666480497e-01,9.843538668170700445e-01,7.797598854116929434e-01,8.083628192733693929e-01,1.223502288039679531e-02,7.777953329040571129e-01,1.946133106754928122e-01,5.857958722883058744e-01,4.474215723157186630e-01,5.716038505776799283e-01,1.334435294229961988e-01,4.568916814111463331e-01,3.694468595166311431e-02,4.099934815963079959e-02,6.577381307740698402e-01,9.516983734721798927e-01,7.773929187047831091e-01,4.691557805709770657e-01,5.587074009237291694e-02,4.502014945710419713e-02,1.578922611080580962e-01,9.758105039340265741e-01,3.986610664411631699e-01,8.434072918726450707e-01,7.051424389485969613e-01,6.054286592160662561e-01,9.478261116537416431e-01,2.304115706190219548e-01,4.548896624691536328e-01,8.647229656745953896e-01,5.517613076422437368e-01,2.464451396261110316e-01,2.089164168422767975e-01,7.528810010423010457e-01,1.278889425208873387e-02,9.141920774028829966e-01,1.841798811520301005e-02,6.309890468807041186e-01
6.047479614420072647e-01,5.784111510547810253e-01,4.743430508667555445e-01,8.524303326886111254e-01,6.593328702904842631e-01,7.818622814993935188e-01,1.155218059791898177e-01,4.989863745744238521e-02,2.852850892977865094e-02,1.472059854735927598e-01,6.670078902544157584e-01,4.940217557411707983e-01,7.522522561620709203e-01,1.917303367421074878e-01,3.669630419704615898e-01,8.884975485495449909e-01,9.357145460285333227e-01,9.217291549891717395e-01,8.183050442007625547e-01,6.882358785978919258e-01,9.136778940274636884e-01,7.141815918326390733e-01,9.539362487254937628e-01,2.478833203688846076e-02,9.216420858945770789e-01,5.557405361393747967e-01,1.117977518204582577e-01,2.149112697372946856e-01,8.521592839149135790e-01,5.061169548465159762e-01,9.828177234952365504e-01,1.175311095049710319e-01,4.125034639001291525e-01,3.318744430807600843e-01,5.161354360649217377e-01,6.334378188697185053e-01,6.616294693816544559e-01,1.295879911778041738e-03,8.896043378156792691e-02,3.506383365595189261e-02,8.645991463982772851e-01,3.132922531596555871e-01,3.670634418763643048e-01,4.503712489466926705e-01,8.493043972535757602e-01,1.416626096213491337e-02,1.186182743798503969e-01,6.851631221409003603e-01,9.638925227075970659e-01,6.427864212970075819e-01,2.611234684675232121e-01,5.198644287866173164e-01,9.749804755814343027e-01,5.280765465677909054e-01,3.735076297282023949e-01,3.834255548387203172e-01,9.670335085917306506e-01,7.189165267317058072e-01,6.871728556220472184e-01,2.320543216907468009e-01,5.594846377635743773e-01,3.567451985223134558e-01,2.402015258539498266e-01,8.955522860141045260e-01,3.831558087626134590e-01,2.827871624713977905e-01,9.317203966083680289e-01,1.973463964561253947e-01,7.455047847165227060e-01,6.527471444642627407e-01,9.204844283722855014e-01,8.320471375672782166e-01,7.052952179396414500e-01,3.145716606970956342e-01,4.955690112705491979e-01,9.444957613471798297e-01,2.320263058149352187e-02,7.943318238200389736e-01,2.518103504538793391e-01,1.850169432937917025e-01,2.322246144223195641e-01,5.975099149684715005e-02,9.919798242861678217e-01,8.698691432251449696e-01,5.210559686322273620e-01,7.151031785570919341e-01,5.565953629235076416e-01,8.115789444508323403e-01,8.447651915570113523e-01,2.327904281532012787e-01,4.597477706502457462e-01,6.348477341895709669e-01,9.784408306082750251e-01,6.826893790961646724e-01,8.976350107441573023e-01,8.461120509870876383e-01,5.820630636785640855e-01,8.936553600618889481e-01,3.774217278252344210e-01,3.792835304483114234e-01
7.809656432426689276e-01,1.345436656350109672e-01,3.058252174584189520e-01,6.085724508733423299e-01,4.200655988669486085e-01,9.407237098882285098e-01,9.585060696191365359e-01,5.025813088137891516e-01,5.390618903656813066e-01,7.246270918237711633e-01,4.572649252341735027e-01,1.900984679404768007e-01,7.469691686229307237e-01,7.377858893529982698e-01,2.449811033917794756e-01,8.329165197810075583e-01,6.136491964201608029e-01,2.363016103153654512e-01,6.520391441687042322e-01,2.336095262905607539e-01,2.652329540800177909e-01,8.480093068031561154e-01,9.294915692398189044e-01,2.568826583582111134e-01,9.280510370851857704e-01,2.387988465023535012e-01,1.172673655425856554e-01,5.822387807126117032e-02,2.421132408326333030e-01,3.852465406772352940e-01,9.275483801093047376e-01,2.421579997060286926e-01,3.654653449508933338e-01,7.341558747435720234e-01,3.020740879872815254e-01,6.843681516795805386e-01,4.320778192485024150e-01,1.964449526591722783e-01,7.340589009691360634e-01,2.703883335668411103e-02,2.923348250729789211e-01,3.561815391683786913e-01,4.582182549876360200e-01,6.798692319761393543e-01,4.594049941860368635e-01,5.943241122862162884e-01,5.957790784178172983e-01,3.732716498960076956e-01,9.339712657546984653e-01,9.558538308764427116e-01,5.818508840944658367e-01,7.169088029543191354e-02,4.911275642559357335e-01,1.844193267940071879e-01,4.832145218729037017e-01,1.884831544985418050e-01,7.038552456488843534e-01,8.042912006634250766e-02,9.533040763959240715e-01,1.953758894333527119e-01,6.606563360492454517e-01,9.169623507294893949e-01,2.478863139840624674e-01,9.342968990371299798e-01,3.886746656602726446e-01,9.605308172525900412e-01,9.713638581345255263e-01,1.880799050692397723e-01,8.310873369310544101e-01,1.934210128335502876e-01,2.264406203310815879e-01,8.412650402339827416e-02,1.565369464981779535e-01,6.322189682471078820e-01,4.492527300517864530e-01,7.909442371688351070e-01,3.319968148266221331e-01,9.686245673010588364e-01,4.987254081937464445e-02,6.293595440244148520e-02,7.013748988181360833e-01,8.875388849728597096e-01,7.955001916341494228e-01,4.898170878669136918e-01,2.696413613050200331e-01,1.345152930471493757e-02,5.094514539197756431e-01,4.756361973092765316e-01,3.442458994702398689e-01,5.780727879724849583e-01,7.288146973812732465e-01,7.008882362282424783e-01,2.632528417842154855e-01,5.853036886145931428e-01,1.487744785839983930e-01,1.216018438883545993e-01,7.858558362591179236e-01,6.937459020955358824e-01,7.679289006316286637e-01,1.524622742042208712e-01
9.146185893704599223e-01,1.331116132223587600e-01,8.700369681977287994e-01,3.523792913059312637e-01,1.054340930341393090e-01,2.867689605655259211e-01,1.814480142138830132e-01,4.906697186917141629e-01,9.497453480397686221e-01,3.278711615825185000e-01,6.120989856821137387e-01,8.917208757399636143e-01,6.300739296962319935e-01,3.621991408697643466e-01,9.908391271758791863e-01,1.874136014405336503e-01,5.232560148955079926e-01,7.967054987367973018e-01,6.488695772243202597e-04,7.020432521424370131e-01,2.664988967059386260e-01,1.697267226918771632e-01,2.741944633682914523e-01,9.668164258397841104e-01,8.919352592396855295e-01,2.137544564637025024e-01,1.170267731184445603e-01,3.641526045144676260e-01,5.923364801000734481e-01,8.671446285811206245e-01,9.660901250400777407e-01,7.511533681730987455e-01,5.990072127016558001e-01,1.423320261310169199e-01,7.402837637331105558e-02,5.960268785292011096e-01,5.390641057669270930e-01,8.460881077341021461e-01,3.226058508551038484e-01,3.969085734981014912e-02,4.237082690910332072e-01,9.691823039377392979e-01,7.955749049365230530e-01,3.377217364227314000e-02,8.746789038981753750e-01,4.716894896213174038e-01,3.647680318179558068e-01,3.467395408027915682e-01,5.951442530388644236e-01,5.305994184407625269e-01,6.566272441682630134e-01,5.736414650400466497e-01,1.439445748417185200e-01,2.572360087583182020e-01,8.410295721018341553e-01,6.632585146956299083e-01,4.484006254147411275e-01,1.826014318338653464e-01,7.691035977311910798e-03,3.118874031886180731e-01,5.484695692666874400e-02,4.822841330874551025e-01,8.218014527582084838e-01,2.853986613822973029e-01,8.477541615550495679e-01,7.045643960865893840e-01,1.252623293548653649e-01,6.445618912695832980e-01,1.516798073055432017e-01,6.547909202749186974e-01,1.427144847281061057e-01,3.925113660155660211e-01,5.665942702381936424e-01,5.037417142394173819e-02,1.533083448545273786e-01,3.204088250522464376e-01,4.623200857718613443e-01,8.584872939214344134e-01,1.872730883539821534e-01,3.474709505025256329e-01,4.757762362801806200e-01,2.957785559893687521e-01,6.257477787208708397e-01,2.566024347759701119e-01,7.723504211132433683e-01,5.051540948511833440e-01,8.630488346111020448e-02,6.269988952319576203e-01,5.692435037987573221e-01,3.385973542066726960e-01,1.115707838902135762e-02,2.007015421743725270e-01,4.057095288823525658e-01,1.999140337932974187e-01,5.774911209396778045e-01,7.123248939262567525e-01,8.560176567508356316e-01,6.469826186837487336e-01,6.890092212548126760e-01,6.084418652305244590e-01
9.854860576127036920e-01,2.610005690799082068e-01,2.662586805127583611e-01,1.263336414218596548e-01,4.856843258695323629e-01,9.616170363092191309e-02,2.701465968981037191e-01,4.826809287713915708e-01,9.575956159300172965e-01,9.638129938401673868e-01,7.437402341365557668e-01,3.892501615756849276e-01,8.651612733765461360e-01,8.754558019076402742e-01,9.101973807965523244e-01,6.400250482152129994e-01,2.017927956078804375e-01,9.108077277068171718e-02,9.147755040401299720e-01,5.554610812160298838e-02,2.958900594379948457e-01,4.869617670377370811e-01,2.197669287347581157e-02,9.069122586782438766e-01,2.871209948722349692e-01,2.850479892057522502e-02,9.935899972265184177e-01,3.113931808175153249e-01,8.767649074853728353e-01,4.534744539208809266e-01,6.631259010549990229e-01,2.410901495373547476e-01,5.028753269770219747e-01,2.576511924250269869e-01,9.510838812651035701e-01,6.094541241624629180e-02,2.746739275048474260e-01,8.931088765498786941e-01,4.800359575072837837e-01,6.000841119041699923e-01,6.516933714956425483e-01,7.092751177356337866e-02,1.773874090858507113e-02,9.378410517113066058e-01,2.715028452968807349e-01,3.803131104355288450e-01,6.820931707235495800e-01,2.363038770727212690e-01,7.330713701675182215e-01,4.582421821632699510e-01,8.566098052873910573e-01,2.785406357654823806e-01,2.038224804632985387e-01,8.316883538748720550e-01,3.263260649928336754e-01,4.118686460005049899e-01,7.937078326879930534e-01,6.355765373745749791e-01,4.417258904322690638e-01,2.498905089045579953e-01,7.642009688517642507e-01,1.804310344900570406e-01,9.282796005864281108e-01,1.503160691229972201e-01,8.049336919472961371e-01,4.242488667281337777e-01,1.860062329335120390e-01,4.023789382367711776e-01,2.215518161999335822e-01,1.359936508358473572e-01,2.391553989305584826e-01,8.673984725382526406e-01,1.059423874798242071e-01,9.725395877678907341e-01,4.998453687676818191e-03,6.582381543912431132e-01,8.565119848380859935e-01,9.339576481267642949e-01,1.439855934567545459e-01,6.982084964523400661e-01,1.073492161556472979e-01,3.526114938744335792e-01,7.319263575069936412e-01,3.459732261630669159e-01,3.133747282810678270e-01,1.160546188024081937e-01,6.643809432808800430e-02,1.152779912817570862e-01,8.754747749452244099e-01,1.119852538092525052e-02,6.928658695352890584e-01,7.686242298882978163e-01,5.678883041274288557e-01,7.307753611831485641e-01,6.522696690251003071e-01,4.555584890946926535e-01,3.827104278762670786e-01,9.413319884051735142e-01,9.719379925704679790e-01,6.512714036250296656e-01
1.972988398984717451e-01,4.478991624377874903e-01,4.965374900826070581e-01,7.579700524606616252e-01,6.677771313223193062e-01,5.148144294278951261e-01,6.803645577871569872e-01,2.405684673377395111e-02,7.766353218843637940e-01,2.116322340069443086e-01,6.564091395611491020e-01,1.139732521370091511e-01,1.144608359247014651e-01,3.565764383670200210e-02,9.102328101535117622e-01,6.045587576918119987e-01,3.619619362291482956e-01,7.877777410193087526e-01,6.260822006246654636e-01,6.200805179129403877e-01,4.870427943630067924e-01,7.926778668208678269e-03,2.584625064249398418e-01,1.090766946000829574e-01,6.624098523527760518e-01,2.486208217869977366e-01,4.501666640512069772e-01,3.534302982898829271e-01,1.431987379253639725e-01,9.583702328827192751e-01,9.334193116272159196e-01,8.460818603664055360e-02,8.273653535279964499e-01,4.883736827163731586e-01,7.737358845808512964e-01,1.511571309137669239e-01,1.322741377775437099e-01,8.907575008952041129e-01,8.978194918410608016e-01,4.659121627536088051e-01,8.701577976148979765e-01,6.674589515036302156e-01,1.850097426109920118e-01,3.289542646821487226e-01,1.360606505086698892e-01,7.739486689309330592e-01,9.852507246957497022e-01,5.463783265660115962e-01,6.558644141148927131e-01,7.460925681336366688e-01,2.242591024304904090e-01,3.360012476334341969e-01,4.123212113242347154e-01,5.945883121454721421e-01,8.504925781487756575e-01,2.542035445899061274e-01,4.708888007277889365e-01,7.515339112047116910e-01,8.738499950462430554e-02,5.128934583261784974e-01,1.443797033657250317e-01,5.391488967273493360e-01,7.678227613154368081e-01,2.369474110449397708e-01,8.494784454847048583e-01,3.348041100817500393e-01,1.907848635577701346e-01,4.653233950708520750e-01,8.760750821052052384e-01,6.893306117410291645e-02,3.275714662166453461e-01,6.531631689691131948e-01,3.575808686955854743e-01,7.082399473261558054e-02,3.319989687804737466e-01,8.209593861365303002e-01,9.680375225050259491e-01,3.977919739771840213e-02,5.692838176350693002e-01,1.053034330268480812e-01,6.803965291560059025e-01,7.892226008050950981e-03,1.474162570737325151e-02,7.768798264305739609e-01,7.443532269729780104e-02,3.051816742870642196e-01,9.580404241038310564e-01,9.852471174474712878e-01,1.614028618860667841e-01,5.609019214358501593e-01,5.591488284902998984e-01,4.523806905326133165e-01,9.247001582639956530e-01,7.540339091241603509e-01,7.645269356819438533e-01,2.695694317693431152e-01,4.343197722016387541e-01,4.874236984754530821e-01,2.989120412044165009e-01,9.481777516205802669e-02
1.263592249722159666e-01,1.806711281809217917e-01,2.036533343649483685e-01,2.422618092105440768e-01,2.554600289634944010e-01,4.557163454875359232e-01,5.095731908260412446e-01,3.088792081263559419e-01,9.072964199207281810e-01,5.531397233389545587e-01,7.874769280334067423e-01,9.242378324208433416e-01,1.631351145758052068e-01,4.278744837156345238e-01,4.332104017146087838e-01,3.544722504383541750e-01,8.905866551639940454e-03,8.159721077780950349e-01,1.115593215539028016e-01,9.954805979217589140e-01,7.729584919111815999e-01,5.800100176065144941e-01,1.546064177415974461e-01,5.153929713932470236e-01,2.611087408578088853e-01,2.523225245430694708e-01,8.295292493824854008e-01,3.806444239594346524e-01,4.507238033908040897e-01,8.429647377801182673e-01,8.779062571884255206e-02,5.946178530910495308e-01,5.782156813730378042e-01,4.252145692666752241e-01,8.297746414240929624e-01,9.428900613356926419e-01,4.653358619136107599e-01,4.561470509983996946e-01,5.020637296707447517e-01,7.231240308330615374e-01,6.680602906989623335e-01,2.228349492068870674e-01,6.389534859934331568e-02,9.492541298167893604e-01,2.610697597337042763e-01,6.385966846905917205e-01,8.284380027437223681e-01,3.002767505471862775e-01,6.354334136569287361e-01,1.079002411492249180e-01,9.699314443756607007e-01,5.815827505062587388e-02,4.381746738409763031e-01,5.368192420600232939e-01,7.904817786633639987e-01,1.211285170724212268e-01,4.408079738551765603e-01,2.997115695434523497e-01,3.120107156933400461e-01,7.787879160652508848e-01,5.460945031833142060e-03,7.490836413359662771e-01,8.103984301231061949e-01,9.013622438420689775e-01,6.268818032304834809e-01,3.334553282722412249e-01,4.272347325488706771e-01,9.697360822874292463e-01,8.811868264358522218e-01,4.635259090994420239e-01,9.430630071109223911e-01,8.229548754064589522e-01,9.010898616597947663e-01,6.829772345759209662e-01,8.576540434619950304e-01,8.917661413343257459e-01,9.201658454067140891e-02,9.652169766606585322e-01,3.336130987640633094e-01,4.398995095833554414e-01,7.919037591928153041e-01,6.648963055724976812e-01,8.930599124360573127e-01,4.005737507767721528e-01,3.732881636761585797e-01,3.168884954131967469e-02,4.627253766696580728e-01,7.240707703291087149e-01,3.011787176262160637e-01,4.627265136738414331e-01,2.193977684852780330e-01,7.727878058714606757e-01,6.051156134114710206e-02,7.053830550004982491e-01,3.789400117449834848e-01,4.159606938712079316e-02,8.534695872917857917e-01,4.877218631811651717e-01,5.993189696161290714e-01,7.320306915244568779e-01
6.550744330011887273e-01,7.308568708146115922e-01,7.622816845778577211e-01,5.891515305646108924e-01,3.656378309077567001e-01,2.431421497163426260e-01,9.029032366527871556e-01,9.699248446382202626e-01,3.576627550982088843e-01,1.123107290723002194e-01,2.225373271164312605e-01,6.706673459871895782e-01,1.729333699583307515e-01,7.801222730609881362e-01,9.230302398747135539e-01,9.636515150788471651e-01,9.325505974890679894e-03,9.581541649544166317e-01,7.401944191296176978e-01,8.405023226380226031e-02,4.152404687787264459e-01,7.000454745795090528e-01,9.566854926610492971e-01,1.641413936113925720e-01,1.277332819269539899e-01,4.723470532618785356e-01,9.680988937384892301e-01,9.713792152580105199e-01,2.279147410529093198e-01,3.193471479714573569e-01,9.080319856446544824e-01,7.348414908520641831e-01,9.723164286576182480e-01,8.931483630155543363e-01,2.150960503137433477e-01,7.597268594126833641e-01,4.856523156011660625e-02,8.178327787414739758e-01,6.015567624446080952e-01,9.561009626364617153e-01,9.600324554690784495e-01,5.081510902435526500e-02,1.605214855557678399e-01,4.842070473186915747e-01,8.794935249461491855e-01,8.144451422960563569e-01,9.643700263517787086e-01,6.180841171113408139e-01,2.565635195616206010e-01,2.510663950517733056e-02,2.229264907205489310e-01,6.752731979536246154e-01,9.262748233430131428e-01,3.209036673082648061e-01,8.757043302892953962e-01,3.948982483411564992e-01,3.082712493685503263e-01,5.088442428058180811e-01,4.422734924096152209e-01,9.137998685170181101e-01,4.682569474081265115e-01,2.773353872230754913e-01,8.425655775019036398e-01,9.987495116595667133e-01,6.481714191813239268e-01,2.504613689363586193e-01,2.388150770131792777e-01,5.770669621525981174e-02,7.729303851408486636e-02,9.149830951827624403e-01,9.648710704955054673e-02,4.843438482767787878e-01,6.981217796931782349e-01,8.503547827736031017e-01,1.712709502537272943e-01,4.377786791253568399e-01,2.514801950137774966e-01,2.558230899666016356e-01,3.038393074866758692e-01,5.871162144184672860e-01,1.657747168558820761e-02,4.087662863155279158e-01,1.868301352327925713e-01,9.671185085126348113e-01,5.827291592503103246e-01,8.680954688303226252e-01,1.956899867696120232e-01,8.100156993237878078e-01,4.147824613052333298e-01,1.776946888494024268e-01,7.612452023882327889e-01,7.620110976152809634e-01,9.958879068640610344e-01,7.809372617981640285e-01,1.452672479271278627e-01,3.225447417857282284e-01,4.517269172911460018e-01,1.266528057097950910e-01,7.880389744478140113e-01,5.266985379125864730e-01
9.444495690957535050e-01,5.893081445258202544e-01,5.228990837382538892e-01,7.142515293286433309e-02,1.493459049445777787e-01,8.495260767641511501e-01,9.906759778258082960e-01,4.151791358982694913e-01,8.100860837249290736e-01,6.275857663306517731e-01,9.590592736717136191e-01,2.381372354440932648e-01,5.448357430079430186e-01,4.087958183425955960e-01,5.417159759430152377e-01,2.688580834188551982e-01,4.977461627157440116e-01,6.248041467247651415e-01,8.121588399949208892e-02,7.429872548076231764e-01,7.065229631604172944e-01,8.804576014514852167e-01,4.258565518099255431e-01,6.166913261471773655e-02,4.614611290216869000e-01,1.376091720619614378e-01,6.474468135218177656e-01,4.713152413130583529e-02,3.739964062276951440e-01,8.284289848749537555e-02,3.366434071603308098e-03,9.605572239015918168e-01,9.961273480262802238e-01,5.555029515318130606e-01,2.389558499454839113e-01,9.110990368086574476e-01,9.230365970761066352e-01,8.545088911707059420e-01,5.443699845673820592e-01,7.470216089602743637e-02,8.843892753679782892e-02,8.966197877126551585e-01,8.758268474572293849e-01,4.343972491812176928e-01,3.281546194764253244e-01,6.441239201441021356e-01,8.069879482555248895e-01,7.316849420518209968e-01,6.156029380507063165e-01,2.315110444448313931e-01,2.625048692207151424e-01,7.240674813977017177e-01,8.026198524510310683e-01,1.161351880995898922e-01,1.872970477113060639e-01,6.804702621773713878e-01,3.889865874714011351e-01,5.632928672710306728e-01,6.148149526556361266e-01,7.762034672673319147e-01,8.057169507169075207e-01,2.800962452614564890e-01,5.412967289221712885e-01,1.235239386218802693e-01,8.420151686975486660e-01,8.454479383331956477e-01,2.995057189994564384e-01,1.606202074220425269e-01,7.009177820026657457e-02,5.749764419115859226e-01,9.142810039987980808e-02,6.805948446205999369e-01,6.781264010341463422e-01,6.139874071316245852e-01,8.765605018630944212e-01,3.782806927291317844e-01,9.022695826245775708e-01,3.692536884613084602e-02,1.127569879214075366e-01,4.122055625184433136e-01,5.939930186885734598e-01,3.237563663936560143e-02,5.674344714242640642e-01,3.073983164830313974e-01,8.871468078118291967e-01,5.332845916687308785e-01,5.878939082174337027e-01,9.456218111148833039e-01,7.641710266545935770e-01,4.382732661467656499e-01,4.768796149560193820e-01,6.479238685593988745e-01,2.001992166505131010e-01,8.865084049412264022e-02,3.112365159456184083e-01,7.783827979362303306e-01,2.573237987699510398e-01,1.307592003359197008e-01,2.190225984622602429e-01,6.789729120057063083e-01
6.139480566935188177e-01,6.883149972964361929e-01,3.219581226803820417e-01,9.008561269332716614e-01,4.517703573281454110e-01,5.137130319269436196e-01,9.488079760021271847e-01,9.792772679449756046e-01,6.615427259165517215e-01,9.448131925757911054e-01,5.415073863404432641e-01,3.072829455667717147e-01,3.150928559665413520e-01,5.589405898823455177e-01,6.050361206551984061e-01,4.396170699197489151e-01,8.837714835118438694e-01,4.266961187135505096e-01,2.734236469976678574e-01,7.981878343539805520e-03,9.705692781576368278e-01,8.243132831429443863e-01,6.155595846853290087e-01,8.305422539034613694e-01,8.102892302509439038e-01,9.318507802258251260e-01,3.860676833603748914e-01,5.548522420859407500e-01,9.862802372024592756e-02,9.653154257189731080e-01,9.851270692824998232e-01,7.890842479312016877e-01,4.541209831483368209e-01,4.965667509143576464e-01,4.353669329878570027e-01,2.933106365222304390e-01,5.277914055487665790e-01,5.344506950056682193e-02,9.918870619371683572e-01,4.240501351641408068e-01,9.273665840371062563e-01,7.242714606600035854e-01,2.899429168639340304e-01,2.220526181746024230e-01,9.956754337623562323e-01,7.721263550540357068e-01,2.496614741493409229e-01,6.744504817726060253e-02,6.969165453013786982e-01,3.030164568110763623e-01,2.213308126277173660e-01,7.349374151493360818e-01,6.792613226543475768e-01,4.814126747601911172e-01,9.426559327703731839e-01,6.796383660574910612e-01,8.934195606199092365e-01,1.905529423497190900e-01,2.966459100808886973e-01,1.045201336937282566e-01,3.045799978720353796e-01,9.717783292063804090e-01,9.628562460923006938e-01,7.603863545509909061e-01,5.210482627829572388e-01,7.807797987922450167e-01,5.534869512137199354e-01,3.508504671443368750e-03,5.015470739436155290e-01,5.989234460110525182e-01,2.657483575030041845e-01,2.032935642416615618e-01,2.738090948056512985e-01,6.236277495178657038e-01,1.460641149355524915e-01,7.203283013294994319e-01,4.226748209616094654e-01,3.533478592053255207e-01,8.072312916803529026e-01,5.060632494365265854e-01,3.784005611909281308e-01,8.781547155606045374e-01,3.682516321994757647e-01,8.590002829433704967e-01,5.041986984625582702e-01,2.080070974550072282e-01,6.128181881110837947e-01,2.853235262699612695e-01,1.471551321761951359e-01,8.652937139777949760e-02,2.416973357974420145e-01,7.365546420021912288e-01,8.379992223757426473e-01,8.617208459819215571e-01,2.701482737099436537e-01,6.609729329453418734e-01,2.303540599149295209e-01,6.227621139682403273e-01,8.872109930416968160e-01,4.089368260208137151e-02
9.852256677254060957e-01,8.270878774584450310e-01,7.616621162936983991e-01,6.913628937117910489e-01,7.702738889138783795e-01,9.945953560405459415e-01,7.701912971125406404e-01,3.516007846683270044e-01,6.139218529335032093e-01,3.369230161598357753e-01,9.700654432566707674e-01,9.001397328257003672e-01,5.676202274628284750e-01,7.812737544934490463e-01,9.096869429717638900e-01,2.436002636565592905e-01,5.794818569288046062e-01,4.817163192525483195e-01,7.715913548429413904e-01,3.790825213338286925e-01,7.089796397081916668e-01,4.029930890117378040e-01,1.110748646445042231e-01,1.071214316083172191e-01,1.190563245531873759e-01,3.251987593216176808e-02,5.329731715967720440e-01,6.719026819837349285e-01,1.267284018256895628e-01,6.118580002216119640e-01,5.977400782579119776e-01,1.470940513968623797e-01,4.040825999612632780e-01,7.551357097709839872e-01,1.675602555201149979e-02,1.469478838983881985e-01,9.958283743247445807e-01,7.335448971490595715e-01,4.641302792192557591e-01,6.298014120916252123e-01,8.462209705984744534e-01,8.423045855536367421e-01,3.247014354612071108e-01,4.912914225452240657e-01,6.380550964986436702e-01,7.189691651460405897e-02,9.457965993907522240e-01,4.327418256623729587e-01,3.708623272579268937e-01,9.071003614498258649e-01,1.182866487531046840e-01,3.926079738710852585e-02,6.850024123002739218e-01,3.850029681051041486e-01,7.644758088301057963e-01,6.854461152675550561e-02,3.837571435353863691e-01,2.353252120461122310e-01,7.396065329465972837e-01,2.271701104273714522e-01,4.579453347743548397e-01,8.188775511367119009e-01,9.153905354644695791e-01,7.226057936657777070e-01,4.292284115329536576e-01,5.719858747427331025e-01,6.896899471524938763e-01,8.749326265741180775e-01,8.885739847602917019e-01,9.309694914883470673e-01,8.107110989073822438e-01,1.467979359416667906e-01,7.476395333862431158e-01,8.145923735632176754e-01,8.778714276763837088e-01,9.248168946178259020e-01,5.091598135184474128e-01,6.550926951243104535e-01,9.552776616969071988e-03,5.727835676924339925e-01,4.731983810739396334e-01,9.623060446947994118e-01,9.017092986027270829e-01,7.976039294333856500e-01,5.699418452026672188e-02,4.020288422833332431e-01,6.960422221945601340e-01,2.966074356428105574e-02,2.358137917528011496e-01,8.875071901181287304e-01,1.297807672994242267e-01,5.137350433864418253e-02,5.805857562846692410e-01,9.464646154277802648e-01,8.346247399086386132e-01,9.747725047209555571e-01,7.535231536962493371e-01,4.373697740845715609e-01,9.466164395898740702e-01,4.266332784533117817e-01
3.500946163442443249e-01,4.481959177674338379e-01,8.139739543824644485e-01,9.176935498488882903e-01,3.576821099596755316e-01,4.622474565322625129e-01,8.983273233043830297e-01,4.704366452866892701e-02,7.838686941138514053e-01,4.542177582343390752e-01,3.765183510496712405e-01,4.469212918368390408e-01,4.186906755015797899e-01,7.566186181878059580e-01,9.279475222441556648e-01,4.914558254465786202e-01,8.327337857825113376e-01,7.319445357122386087e-01,3.306807855564768417e-01,5.873138145265476284e-01,6.668156750156944979e-01,2.349937189046302777e-02,3.959555512242403097e-01,9.926381758474568384e-01,6.372564270700935563e-01,3.342440692917760803e-01,2.500240394007278155e-01,2.094816021007562812e-01,4.016414089652075026e-01,1.932656906076095638e-01,1.351861820535281700e-01,3.640632844269588997e-01,6.069996926457933428e-01,1.463991820861283433e-01,4.434327386286007755e-02,3.463281806369156168e-02,2.673842524359683059e-01,1.901322905163016497e-01,5.392553602901523080e-01,4.557201870508994501e-01,3.247666143390186555e-01,8.335428341509607542e-01,5.049469929965264559e-01,9.152999208409917653e-02,2.957643540736952792e-01,9.733392661965915016e-01,9.769773207580143559e-01,2.546716355471192461e-01,1.672361287949138964e-01,4.956881462172443298e-01,4.814649181668465561e-01,4.101376872690171149e-01,5.293572274939529754e-01,2.321953785182008234e-01,1.149293415436871690e-01,5.704614584764350349e-01,9.325979967823749828e-01,1.377492766202979002e-01,7.048147242314624084e-01,4.378966873803850079e-01,2.939765897288040275e-01,8.531092183924258165e-01,4.564916945371819690e-01,5.833120140679901588e-01,4.430562869399293779e-01,8.124958166955287275e-02,5.949046869001859417e-01,4.188409750381212326e-01,8.675660606762969351e-02,5.958117344189749476e-01,9.870932039227509058e-03,2.085203882545922927e-01,7.810695369052124137e-01,3.792742485873445979e-02,6.466820980551387654e-01,9.497069462073239876e-01,1.711924581730067674e-01,4.171118602095745809e-01,5.754976973709982069e-01,4.504158387338442759e-01,6.203776861817672517e-01,4.040975251669981505e-01,1.485041290219204502e-01,8.904435982445568776e-02,7.444431561771444050e-01,2.386239495219047990e-01,8.474503127667234459e-01,7.430272438218403774e-01,4.945318434236167793e-02,2.012111170637351787e-01,2.919926565595382106e-01,5.944822488260401716e-01,8.098270003151389895e-01,6.033325515842313802e-02,2.496089518798109141e-01,3.762097623797209245e-01,1.833771545881662801e-01,5.452920975063491049e-01,4.780024793583103060e-01,3.164956420511598756e-01
5.168868869203567806e-01,3.558215643511138948e-01,3.431940674672907532e-01,2.653955253569925121e-01,5.404379343143882464e-01,4.441153944523268393e-01,1.963247841272237615e-01,1.296626089819918892e-02,1.509295406129194106e-01,4.283460149853923760e-02,4.315988336384321000e-01,2.250968539123583412e-01,4.204553325247245565e-01,3.294498733700088611e-01,5.380148106865667579e-01,7.238668287886008690e-01,4.793139381338563654e-01,6.196806093913087565e-02,1.751048141490796350e-02,2.132311662775391303e-01,4.249675112208537442e-01,4.490502862726730715e-02,3.277338048398890091e-01,8.870257078951523377e-01,9.001902185216936747e-02,9.485165097695735792e-01,8.566717755091196596e-01,8.317811560135387472e-01,8.636585108762909746e-01,8.005026525298308826e-02,1.511680939786967937e-01,1.343724265610821700e-01,1.112418107513759580e-01,3.277112195322292587e-01,8.302168829505273129e-01,2.519621436312292628e-01,2.442216789922599940e-01,6.758887574206132731e-01,9.692510213671712282e-02,3.602799923619239841e-01,2.954263068442209983e-01,8.473008641294212939e-01,5.145012776254599407e-01,6.464735641219410134e-01,1.290343382062352218e-01,9.289182605559102024e-01,3.224521541251046397e-01,7.068388378431614827e-01,9.546261799155435490e-01,5.086488616160025344e-01,5.075352587338555210e-01,1.172494235584519151e-01,3.902755564231291663e-01,8.524649388815355167e-01,1.351065070989483363e-01,9.175041305606573827e-01,6.673094143866566963e-01,4.209598350590384452e-01,5.464984185256572813e-01,1.504966077367009269e-01,2.174832931377309597e-01,2.864084270666727994e-01,3.848461181744144977e-01,9.155219949929847001e-01,3.675690249651569763e-01,5.238352403862209794e-01,1.620261614178422072e-01,7.359732010520706469e-01,5.602808490667015029e-01,4.399074579833719412e-01,9.471864655581935244e-01,8.906508441418367061e-01,6.595112723444972458e-01,9.218124061565270422e-01,5.647817949330725673e-01,8.269371517152668272e-01,4.094601641851862706e-01,8.674419134794764119e-02,9.941485895291095609e-01,1.656315208265725092e-01,2.515100392589892930e-01,1.631033894248394844e-01,3.374795179787450916e-01,2.892801337263387618e-01,6.011022485492348855e-01,9.964600144192844455e-01,5.250905548556850100e-02,7.784431132933220532e-01,1.279919244064865458e-01,1.983502463221564760e-02,6.385768201156948320e-01,8.733152288693672993e-01,1.762985066483953034e-01,3.416137846419473600e-01,1.687502042230771826e-01,9.065075693029170933e-01,2.703604324181225760e-01,4.447128914061024840e-01,8.947412762830783128e-01,5.528692037626717903e-01
9.328498007687058280e-01,9.264504146470390333e-01,4.616010198937209319e-01,5.823826127333705527e-01,2.303142737129368900e-01,9.905358188011632592e-01,2.783166604117949250e-01,7.833069879809512193e-01,3.129690601552259643e-01,3.130422620897850283e-01,1.038629267009461010e-01,5.598958107965797959e-01,2.448323381282092592e-01,1.483947577576187893e-01,2.266666945167334912e-01,2.510931570640299038e-01,5.040834561194860175e-01,3.859230365555622599e-01,7.549028102196009282e-02,5.360285828958610832e-01,7.877474515887646911e-01,5.742351608939952889e-01,9.745402522517707666e-01,9.915020814447139674e-02,8.211523367581093913e-01,5.056926698973330803e-01,5.215951775452281058e-01,5.190999346495484001e-01,3.253188279076384415e-01,3.245550142402524596e-01,6.318445066424758227e-01,4.476508538311640972e-02,5.887860453018034512e-01,7.245907182109154743e-01,3.563262934754179989e-01,2.173569394596333026e-01,2.133869127229044427e-01,8.183965334456599905e-02,8.971931920640829894e-02,1.666878681945926921e-01,1.917290505308710813e-02,2.662354075241842866e-01,3.064018292479601113e-01,9.952212533561308749e-01,9.916877376561253898e-01,1.870488468370847812e-01,2.130321580969244399e-01,4.919063705604325154e-01,1.487843337377101616e-01,5.040394081581917041e-01,3.993897048050742971e-01,3.246228910498724085e-01,8.226051708097752435e-01,8.281176999930576210e-01,9.878894669837265941e-01,2.230881140815822450e-01,8.882774971437461531e-01,5.378459296739309670e-01,5.914594313323520147e-01,8.962932143325262890e-01,9.426307963783200350e-01,7.268112577006372588e-01,3.478424319351238747e-01,4.896679896685053324e-01,6.150538640541098889e-01,8.286400389860969495e-01,6.579477053775554252e-01,3.654476166876230447e-01,4.178804513602943915e-01,5.043770203927477880e-02,9.242678604371359352e-01,8.811901332949323429e-02,5.799307906855447614e-01,8.716518812388217574e-01,4.208652495150071449e-01,8.001254875113714693e-01,8.038160796362950888e-01,5.984603858624693018e-02,4.121437257307216662e-01,6.910254866870435553e-01,4.223535090688829152e-01,5.451672481793561342e-01,5.944579046066400529e-01,1.512293767312424819e-01,4.119812061485298438e-01,2.846322168356585358e-02,1.496260831953444281e-01,5.122540633764985918e-01,5.735859979388102659e-01,1.462344065916623137e-01,7.556192702124204796e-01,3.729878878709926848e-01,9.206499288276719373e-01,3.876627233054065202e-01,1.498109764326045479e-01,7.579704586807576305e-01,5.678008004393289010e-01,3.866881682441557500e-01,3.559571634322615807e-01,1.507689735572710354e-01
3.408346274660114528e-01,2.934414097833504265e-02,5.024019140757710611e-01,8.967237418137359306e-01,7.953307962153270960e-01,2.852119720421431026e-02,8.812603262682324745e-01,4.523248288825533203e-01,1.908914654154943991e-01,7.524119552153873958e-01,3.228735501770463312e-01,2.533184231368528216e-01,1.613184067815476297e-01,4.866219069002227782e-01,9.339399954944527238e-02,7.856131291137865569e-01,4.706745766664109931e-01,4.469764168189201969e-01,1.853956481520979693e-03,8.178638603085612857e-01,4.928370590382536998e-01,4.398945198013478608e-01,7.613848852843905224e-01,6.289854910076086991e-02,3.666804560952037217e-01,5.757339575537564480e-01,4.605775627391877070e-01,1.816388898779743855e-01,2.992765076803117763e-01,3.002005576476329818e-01,9.919708027652269777e-01,3.261971188066488114e-01,2.051820625422989819e-01,8.226371531041464236e-01,4.211712550036086355e-01,4.438636944870507639e-01,5.488890634957372949e-01,5.956891972625115717e-01,5.905556004103394985e-01,3.449972241104393156e-02,8.188424328979527766e-01,1.948528190748379796e-01,2.923421277838608168e-01,1.734295200206754650e-01,7.670766575358777262e-01,5.836579926254195083e-01,7.552961527520513085e-01,6.533984054293003885e-01,1.041586344194018743e-01,3.014997758510052916e-01,5.072651595901213062e-01,3.049450314313636445e-01,2.073039044061164571e-01,8.698119690665997439e-01,7.477836752153759203e-01,3.452200605541766443e-01,7.650123626288984902e-01,6.275386184452279581e-01,3.785733632396759418e-03,3.802620260116349460e-01,2.904874991943304785e-01,2.179086217058968655e-01,2.515893940708449072e-01,9.423648465755225523e-01,4.863170679915372885e-01,8.477087182241195285e-01,2.142171521529825373e-01,1.744037996459483209e-01,8.887895883139097508e-01,4.957046857824678465e-01,8.951521253124129496e-01,6.302885287127490965e-02,9.164355221763077486e-01,4.154453163422230366e-01,1.553704874218477805e-01,6.833826894351940906e-01,7.969026832942569527e-01,4.737472758140037765e-02,9.871959744186861174e-01,6.970268873161803436e-01,3.214019916578443326e-01,1.512937956953905871e-01,3.925314146782147295e-01,2.205656605586258090e-01,4.941532235980957699e-01,7.818927084903275482e-01,6.601303889505533151e-01,4.359349047817289158e-01,1.189439245800495426e-01,9.571569223680069793e-01,2.703705254504866762e-01,2.778345458750173247e-01,6.455022218385324528e-01,7.705096221471027240e-01,9.841527653173495205e-01,9.691642606278062511e-01,9.137605242320806509e-01,4.353135673833498087e-01,1.666696597564480964e-01,5.844712032866277163e-01
1.725650554676805282e-02,1.962488389953934709e-01,2.529396794764604550e-03,1.805359125715387814e-01,4.747571233962560866e-01,3.933243110934159237e-01,3.692965649266392036e-01,8.309528639338624734e-01,6.749963046456779470e-01,9.364317628711059660e-01,4.453410906776724687e-01,2.722296754759517823e-01,1.226845380333555502e-01,6.720273956851460229e-01,8.417410884716569619e-01,1.837393642617562994e-01,8.787527445125361547e-01,5.262762016953330679e-01,1.440806321409519031e-01,6.428633249017549067e-01,5.200527415372134810e-01,2.818354731273231550e-02,3.992432047266242234e-01,7.847879929429110168e-01,5.554237534221071471e-01,2.820411262625305282e-01,9.286417633825496676e-01,2.377790380438599138e-01,2.527360069326161085e-01,3.546393462802630570e-01,8.945378612561284415e-01,5.076253954255163237e-01,6.821790592258288877e-01,9.762641725102805257e-01,7.832962968923644631e-01,1.726001186510932595e-01,7.883539290399765864e-01,7.483371492260189051e-01,2.326169944772256137e-01,3.253498308876159317e-01,7.101282398630768267e-01,2.383930940678585797e-01,2.081868690026192903e-01,7.034727721303311032e-01,8.805954928197635700e-01,7.501668262212002336e-02,4.459077352581127807e-01,6.071752203290078365e-01,6.762767858320679615e-01,9.961959123748289624e-01,6.826919603167207473e-01,6.201541129971540611e-01,9.897341523090018578e-01,6.066814037818379912e-02,7.443689615309823093e-02,5.606825264240842266e-01,3.586646143495908490e-01,9.669751374705592983e-02,3.064488960927905792e-01,6.743544874076440321e-01,8.806149636866301700e-01,9.432447665655419033e-02,5.401450624841042103e-01,2.961155647964218707e-01,6.673261632938063403e-01,5.494514944575068505e-01,9.267110060221793733e-01,3.768388694988811238e-02,4.700372749401413586e-01,1.927595553507089887e-01,5.367817086642456825e-01,8.535793440668431042e-01,9.113165277860585389e-01,3.982316632172018256e-01,8.117805232658257264e-01,2.805080747255054296e-01,6.304946319180659842e-03,8.552390575229689151e-01,1.194122424066146326e-01,1.761112336294845537e-02,3.537976633679486005e-01,3.793799896249574477e-01,7.722017077227250059e-02,8.141826464844710287e-01,4.055927302083334185e-01,4.899236137695943683e-01,2.646252679528316998e-01,5.115067523465978150e-01,7.667313906173336413e-01,9.061827155005168777e-01,9.705296007351492671e-01,4.267239246013639908e-01,9.900338587684591740e-01,2.949557117226813130e-01,6.975935285060130830e-03,7.676170438976347432e-01,1.784356485411986437e-01,5.245483812386286804e-02,9.240089225976987342e-01,7.918108304969868616e-01
1.026648015382563006e-01,7.769101523843331414e-01,8.439996974269963204e-01,9.053016651825710470e-01,5.436940674663599538e-01,7.034120705280959562e-01,7.622392789610109576e-01,6.886389351561068572e-01,6.468336203055936595e-01,5.475592527778836427e-01,4.791954541955694147e-01,9.961250195648305716e-01,3.375607804221564257e-01,8.826877044454861654e-02,7.650369650036276115e-01,2.138243778694941533e-01,5.326933596187056752e-01,9.580151660057067975e-02,6.192838608167906544e-01,9.440074039032222419e-01,7.227047126069577887e-01,2.145347782266134873e-01,9.711380452888607184e-01,3.070869310245482042e-01,4.366149864913544398e-01,4.981170203728008117e-01,9.907187433734727655e-01,6.889140071918320452e-02,6.967282944355699392e-01,3.619308756927358539e-01,7.832531910243933915e-02,9.350316576328564500e-01,5.898583191430653017e-01,7.535180075887757400e-01,2.403854355712796709e-01,7.615409226294236333e-01,8.284754400232166027e-01,4.308293972144763284e-01,5.719564727479653499e-01,9.718725349295546101e-01,8.467296417077588844e-01,4.448500610681642708e-01,6.645738587558458477e-01,7.842314768025130389e-01,2.432882057824847788e-02,5.883659866252703985e-01,9.845286134127083644e-01,9.471806498263313223e-01,8.324403947624443578e-01,1.062140931306853053e-01,9.940414525161517245e-01,6.095381531379492346e-01,2.229082494294905015e-01,6.742686896143166297e-01,8.565235620796812777e-01,1.123277608476358491e-01,9.164381432894246338e-01,9.202042814189951292e-01,1.346440623131783809e-02,9.003191216633942284e-01,9.468179182401562644e-01,3.769179698034519355e-02,2.941663235080507199e-01,3.731075068161264774e-01,3.488904720663901227e-01,7.590032372701891461e-01,3.581044592238670221e-01,9.565788098947423101e-01,9.949926253047379765e-01,3.168188707062465914e-01,5.088007532065068617e-01,5.577058403000074716e-01,5.794028299670617166e-01,3.742089941952996268e-01,1.659935019588296701e-01,5.456054173112767636e-02,1.063486656498321414e-01,9.012912375938412213e-01,2.803750066205070723e-01,7.682298321104452654e-02,6.235296995443528889e-01,7.530715126128528780e-02,7.005293966902426117e-02,6.215705058712215347e-01,5.913952441985306230e-01,4.147728694996011267e-02,4.604778344369487852e-01,4.357683079060346021e-01,5.466891297025550100e-01,7.378447104367874543e-01,2.828000475621941234e-01,4.327802835838102657e-01,7.927426843609649554e-01,9.225563904605686982e-01,8.913229730498780645e-01,4.776309520940417164e-01,5.208657970021018935e-01,5.291054421521593776e-01,8.687155697074847582e-01,8.399395069380007905e-01
3.115325285453450777e-01,1.628496894220352598e-01,3.789745614921016248e-01,2.884063832494011548e-01,9.507807248149094947e-01,2.659156794386515754e-01,1.812066817269355479e-01,8.994790625592155031e-01,8.647860435607102048e-02,2.602660514264601987e-01,4.391111940005884007e-01,5.951073781596820655e-01,3.276728963733063216e-01,4.962339969210050050e-01,1.988311864306064880e-01,5.742741202254854072e-01,4.078168082796594929e-01,8.492596872684503584e-01,4.157341333886523937e-01,4.438154178820502560e-01,5.921749893424125277e-01,1.231700040769414528e-01,1.567951767062810697e-01,7.902377472272403836e-01,2.734187791395470413e-01,6.846969289284560167e-01,9.742696997720212693e-02,8.218466603180131225e-01,9.882281109189571255e-01,3.736909452077843419e-01,5.055301019148966679e-01,4.427119798398022610e-01,8.941877486390235052e-01,9.934037696879616242e-03,6.534593211638360932e-01,6.523682728035328227e-01,3.823850082979530773e-01,2.193336421170145600e-01,2.396826814150356810e-01,8.004641212138910999e-01,6.610309637495903612e-02,5.638241462743589505e-01,3.068406029782655420e-01,2.652478124683204097e-01,5.057376655310359403e-01,8.978615062797670188e-01,6.180919190373308503e-01,7.886106277553235344e-01,6.006837792628809680e-01,6.977157798727406934e-01,4.324076487932956292e-01,9.259816352081838842e-01,5.019390204391609434e-01,5.517746692267631037e-01,5.249655032548495859e-01,3.161890201649184551e-01,2.312384355991856655e-01,7.383496411555501293e-02,7.181749820025485898e-01,2.892752631703707777e-01,3.891979631956071772e-01,9.199281627262126948e-01,5.664473494118736907e-01,9.707806390393824980e-02,7.996119128238496909e-01,2.561305991094554591e-01,5.527058426461824991e-01,5.099814748639905915e-01,2.380788423518807040e-01,1.157710347945810625e-01,2.112616064949680572e-01,9.733779956396559907e-02,2.756280189521012058e-01,9.972975107374645320e-01,4.020922652413825293e-01,8.638883913350102750e-01,5.491776921290614233e-01,6.665830793337329530e-01,1.563479697505562038e-01,2.748058674219754360e-01,5.104434230289255359e-01,8.811434342268406050e-01,4.288803588494016772e-02,5.069199595657208901e-01,5.101221250842991051e-02,4.568226764492825387e-01,6.288681593326368446e-01,7.447231914283073406e-01,1.385320052606267005e-01,1.665752834613480893e-01,4.700649216917905937e-01,9.980364579790740320e-01,3.560468356567634274e-01,4.275274273629102728e-01,4.324467428145515324e-01,8.070082135709544247e-02,7.741721452899953393e-01,2.531015244261074493e-01,7.036670568829198613e-01,4.750898788355907287e-01
6.117797422193840262e-01,5.397163649499625571e-02,8.899656844165662051e-01,2.438567694197133484e-01,6.700953875008369698e-01,7.980191120661617177e-01,5.400387172831970783e-01,3.373340220786241739e-01,9.779033744810767814e-01,2.784397132706956102e-01,9.486623371232704161e-01,1.562241336847317585e-01,3.892221315223435285e-01,1.384955841473022309e-01,2.240473073696014339e-03,2.602585403964748911e-01,8.721040091895471136e-02,9.863455230903471760e-01,7.616533179518025776e-01,3.704796322008818699e-03,2.236465848235921206e-01,6.701242412837169482e-01,3.985521131647544735e-01,8.318425630442273233e-01,5.048607783757316225e-01,6.536514197324291287e-01,5.970373975944806011e-01,6.381689006236342943e-01,2.300988538271800943e-01,3.732894392061916200e-01,5.062925286449138085e-02,5.876365146882087664e-01,4.592584620757755864e-01,7.607161490190722519e-01,2.063824646216421144e-01,4.368121160678017922e-01,1.807454330573862178e-01,6.139792252484420620e-01,8.480302565114520297e-01,7.654432484489850363e-01,9.441979726308872278e-01,9.717257818635910427e-01,7.720338675819906626e-01,2.868060853802586463e-01,2.192613772153182428e-01,4.475490345489436805e-01,9.938836945771206688e-01,4.126680208171553677e-01,1.990684105722687613e-01,9.443428777832409970e-01,3.859179775960227543e-01,6.908988872276309312e-01,7.881529786145867744e-01,8.431559020595340570e-01,8.212803871227903896e-01,8.362468629999800784e-01,6.676534275778808203e-01,4.038310692724599305e-01,6.672868540638371426e-01,8.367343340599132651e-01,3.506424646244210575e-01,2.965079902920401134e-01,3.437072171051634983e-01,5.512833960293683777e-01,5.244387481394452433e-02,7.789708190168399549e-01,1.388519584502019288e-01,1.328386567840987853e-01,1.976591393561050181e-01,5.769274349724983209e-01,2.855683758039559983e-01,3.680903289865522510e-01,9.316491109781278590e-01,8.472021799769852146e-01,8.521905331047824328e-01,5.776418333259878413e-01,8.664661472904806594e-01,7.785658253405535190e-01,9.532368029110622754e-01,6.436840502191554236e-02,2.872713365393286811e-02,1.750299407238911087e-01,9.290848205079755839e-01,6.055651059542459524e-01,4.261125176952809124e-01,5.127110614761517526e-01,8.296045882276700256e-01,9.291099958039240603e-01,7.296988343109098718e-01,7.598478329372962969e-01,3.203780441638379717e-01,4.670351952745391833e-01,8.852101934711659181e-01,7.859341100725775187e-01,6.842709184613476880e-01,6.524683588812041357e-02,3.950721945395485601e-02,1.304109431139950370e-01,5.813910991978333831e-01,5.363868473411499416e-01
9.426908265470538284e-01,6.947596400433964092e-01,2.939726173454260127e-01,1.614962938156973005e-01,8.495332393283819838e-01,4.596241036890241771e-01,6.534694974088487429e-01,5.651436065908028716e-01,1.074563461366350170e-01,5.705838368182702958e-02,3.770181897164135432e-01,3.615502975457176582e-01,6.737981129689063486e-01,6.322004091011617088e-01,9.689409284639943776e-01,8.580995027715716539e-01,4.965825257752878308e-01,5.000253525626955353e-01,6.741292291126943503e-01,1.140905827732755506e-01,9.998905646313924755e-01,5.188081012436239758e-01,9.099048739089699023e-01,9.673563346522079387e-01,5.816427399022654487e-01,1.033486475247753500e-01,5.733458084199711813e-01,5.976424371659867507e-01,7.891931367733310276e-01,4.822926699490615032e-02,4.663153671950939216e-01,9.227702583368131428e-01,9.912990786786534114e-01,1.913826787592376455e-01,8.705989927350351598e-01,1.462505616306440936e-01,8.411744345678970891e-01,2.772777274676635484e-01,9.596252660491424447e-01,6.954967509006371174e-01,3.991106013897595117e-01,2.809733299081662583e-01,2.352375274744453737e-01,6.807923269995851401e-01,8.957910025768816009e-01,7.549419696143436775e-01,8.347915380165422672e-01,7.813837676345372074e-01,9.791476664980193201e-01,7.578049268263248317e-01,2.102285184702737952e-01,7.915984654745148452e-01,3.220693609848008787e-01,9.957998626628581373e-01,3.766726201001465713e-01,2.927937558472298862e-01,2.392159855089115439e-01,6.585146520583697871e-01,1.092210883875311955e-01,9.535598817329719035e-01,2.943126786431371489e-01,2.954006110384722605e-01,4.606609570705910706e-02,2.460175178735741763e-01,4.189793556762376747e-01,3.696063902242208155e-01,2.730199214362202254e-01,4.074383783919821589e-02,3.005813736056424101e-01,7.783309382631200535e-01,4.387922853094712305e-01,2.907753475987135960e-01,3.047921341479578050e-01,5.544375764939007967e-01,3.022926777390747555e-01,6.307973198661945835e-01,9.894545137251150591e-01,4.117639775380566025e-02,1.687367556973686789e-01,1.791075452890240616e-01,4.470703179320150156e-01,4.141871205337444017e-02,4.775215777425166896e-01,9.289247580766565315e-01,1.156408869270197926e-02,3.649388671851809818e-01,7.608937721109647612e-01,1.544945003338150658e-01,7.755900252654213123e-02,6.307785372626385501e-01,9.950909049507683513e-03,8.017704911697157710e-01,6.685275356609876596e-02,5.243542594203608465e-01,7.401277102277271647e-01,2.420109887464774179e-01,1.035401619227375170e-01,1.756227664185561199e-01,8.546835719350084348e-01,7.057802916520239389e-01
1.980980492150977712e-01,7.161207971309945242e-01,7.086181702086867817e-01,9.977250981059604396e-01,3.915560235259124555e-01,8.648534941427709066e-01,4.464426859728150010e-01,8.977602236169668348e-01,9.160049909894929510e-02,1.753126301252441177e-01,8.499543630666899219e-01,8.193003241053949948e-01,3.054337918569874910e-01,5.967983181334544085e-01,3.826997221020360662e-01,1.031734930352135038e-02,2.610412656712701729e-02,5.425636548157641847e-02,5.940721543255786941e-01,2.792277353055279132e-01,1.439482983148905326e-01,9.411311084438875874e-01,1.213186670812158585e-01,6.739817164248776971e-01,8.941601828226586335e-01,1.638296672384497166e-01,2.147296822287151352e-01,5.738135335759571021e-01,5.084486863787976985e-01,5.210274168862675248e-01,5.546780940180886521e-01,9.499029159610442585e-01,5.383804196694996769e-02,7.604485206948191633e-01,2.325064224067333596e-01,3.736776701723820704e-01,8.929112296506402924e-02,4.456267691535436004e-01,8.042192522751214767e-01,9.874033853295494101e-02,2.756035982202990064e-01,3.730617086770250390e-01,1.038992030876423334e-01,7.623168099769335182e-01,7.869470282174254594e-01,8.358949977799680076e-01,5.838962048063182086e-01,5.072388208543758825e-01,2.625524454712420130e-01,6.551579672905477603e-01,4.445634856555434888e-01,9.707764060773883541e-01,9.681794969744565993e-01,9.052051318175626804e-01,3.600891380143319553e-01,3.679724553540590914e-01,8.526731640437157367e-01,7.291349317414661524e-01,7.043609698180437473e-01,2.796110110841157903e-01,8.333486115544758155e-01,5.794205722629431898e-01,4.468655742385730933e-01,8.654221241080758409e-01,3.942097637821140310e-01,6.539258118677655496e-01,4.659051820041389957e-01,5.927378061710562029e-01,4.054647164847857699e-02,4.611151631763841241e-01,5.564913074967742235e-01,4.927193347496059417e-01,8.474103725068188320e-01,3.111239747918165266e-01,8.840765310045404224e-01,4.034619699068904275e-01,6.945267322606563098e-01,8.672272800729774467e-02,2.001540835688226938e-01,7.611660111412718033e-01,1.232868553864041594e-02,9.685277391470993313e-01,1.906289010632151726e-01,9.013039862451232009e-01,5.159450282262857401e-01,5.645753668971300598e-01,8.413178797102505158e-02,3.652187541573678198e-01,1.562188607805014007e-01,5.259314943609427750e-01,5.507321456719495023e-01,7.096669495843103137e-01,8.782781579231833113e-01,4.681798162698607157e-01,2.333603700806066161e-01,3.335716614416495140e-01,8.470898129389372588e-01,1.458634850787614567e-01,6.272560783386824657e-01,1.308588384281017536e-02
2.456693284542427191e-01,5.914084975014595180e-01,4.564120400026707713e-01,4.935494902432313591e-01,6.605620504596060316e-01,2.345860244185674626e-01,2.808049403265023836e-01,6.844582074278463546e-01,5.382914075438689494e-01,1.458682425882762423e-02,6.703277952854411748e-01,6.200920407522780842e-01,7.860757379827376656e-02,7.475194948409861206e-01,5.221014589470707179e-01,2.047472839569596248e-01,5.593563681164273049e-01,5.954585141710032614e-01,9.201187291902371834e-01,7.421444255511704391e-01,3.019243544911992538e-01,1.181329675641925592e-01,8.531840720807808420e-01,8.460676878754459507e-01,1.753100147239572415e-01,6.213118519788662919e-02,7.118646498160389191e-01,7.225818308364840847e-01,1.771437537053790479e-01,6.682118595574554343e-01,2.789237446969288214e-01,2.606170279688040381e-01,3.245179340903424636e-01,5.203963665168542807e-01,8.044539233286227553e-01,4.986437508896262027e-01,2.980426956240743719e-01,8.839742987118492934e-01,5.508995744236466763e-02,7.970914838980803774e-01,7.843817579218557157e-01,2.535468101543431052e-01,1.982951825202796670e-01,8.747005614955972730e-01,5.588712935603242782e-01,4.601135763141461776e-02,8.908325164671426766e-01,3.490059843556737595e-01,3.421565538100264092e-01,6.432879371598733131e-01,6.613109427985758293e-01,3.533161208284147925e-01,1.432789278968806812e-01,5.522697633696723729e-01,6.251791646752401510e-01,8.602223650589736481e-01,4.844399873650658828e-01,6.456960795682218368e-01,5.440882781587519368e-02,8.945229002061618750e-01,3.272158132067021219e-01,6.322211243423119242e-01,9.160516313132415211e-01,8.105257843646870297e-01,6.377038574778656210e-01,7.036078280700852616e-01,9.209051159649762619e-01,8.120931801467949906e-01,6.098590605371568829e-01,6.587027062096263430e-01,1.472684241652119086e-01,4.701676797705997002e-01,3.009976476836664361e-01,4.319706344999163505e-01,6.622468735307562859e-01,1.491510936017556022e-01,1.737596366125693237e-02,3.969244032327295946e-01,3.221843144880571774e-01,4.204320597017072725e-01,9.312209203689806314e-01,7.070841012148436633e-01,3.274587745991601739e-01,1.792788222367031059e-01,6.184782942569364561e-01,6.575762515095031624e-01,4.836226838778350245e-01,2.127607746221601426e-01,2.855526083653037173e-02,2.656606974672724997e-01,4.571704992901840514e-01,7.879342864424919712e-01,8.537538288451721469e-01,4.129345596669642404e-01,7.961240546835277598e-01,9.933528235511529525e-01,7.166103748522293371e-01,7.285990316014068213e-01,9.095365015498309003e-01,3.381441284169098838e-01
1.120539305747125791e-02,9.869772716756991526e-01,4.904680776710238499e-01,7.856775931623268816e-01,8.124911376092955884e-01,3.975166770800290239e-01,5.412730467223182407e-01,5.399155260626777864e-01,2.202160093442504518e-01,1.176389338942934737e-01,5.435723049426254283e-01,1.201432268514623924e-01,3.460887238595131699e-01,1.860833316409384874e-01,7.069161082827780662e-01,8.720088534999876906e-01,5.779146098521801278e-01,4.101558071715974974e-01,9.966426408213109323e-01,2.120913524653922355e-02,3.043410842039226960e-01,2.786731526470004328e-01,3.562035980579196792e-01,2.305957411585026762e-01,2.642628354314559003e-01,2.576771099173272850e-01,5.057440507524305628e-01,3.910552770344311035e-01,6.392801019849083666e-01,5.144011598676854202e-01,1.834218523697305203e-01,8.100449789345077756e-01,4.721951983405571207e-01,1.532315179059827726e-01,1.668798429286622031e-01,7.969684104789558354e-01,7.029931842231004202e-01,5.065279525397610172e-01,3.060815097523323924e-01,4.605220367970760398e-01,6.364835371380433982e-01,8.792823174295144595e-01,5.558678676787286443e-01,2.767352947737501401e-01,4.273991469347859784e-02,1.754550559167405988e-01,6.501776206624627630e-01,1.604369668241576452e-01,4.815395531434508714e-01,6.989550154763853884e-01,3.082249014031107626e-01,6.691058898072861361e-01,5.810720616478186606e-01,4.389391069283954394e-01,8.972454788842609830e-01,6.920588904274437292e-01,3.605970331525751860e-01,8.042645335255416139e-01,7.381022141696716998e-01,7.916839655081643334e-01,6.409559830409944370e-01,3.793706158394986039e-01,3.485785156042691124e-01,6.541513607592643886e-01,1.309000079669011551e-01,8.199143504985757502e-01,3.703353839980730866e-01,6.303719893655489459e-01,4.990639149334180624e-01,5.193264920246538630e-01,7.380061462013470797e-01,6.266700536714183700e-01,2.503089883457134679e-01,7.422593142373778985e-02,8.402340673652910485e-01,8.848940747518576622e-01,1.644965329173186941e-01,3.094770669195324730e-01,2.823423819317323336e-01,9.374485607401548126e-01,2.047773819306883958e-01,1.665392320998320130e-01,1.818385497481990187e-01,7.298691760937668915e-01,8.880198442464751762e-01,3.933674106332680775e-01,1.360799043663567520e-01,5.857219974083399672e-01,2.099349583289761290e-01,6.415144736523481495e-02,8.862313783824761204e-01,8.708412763336760287e-01,9.759101602592736846e-01,4.740047549061329191e-01,2.940011982104221433e-01,7.697837455704024112e-01,1.804949320839127624e-01,2.432920768162806224e-01,2.556826262073806921e-01,9.516194099121800809e-01
7.298229188310739746e-01,1.336947925821534433e-01,9.284587812390676653e-02,8.428148535845116918e-01,8.022743230447615392e-01,6.709945780083551581e-01,1.961006523966161152e-01,4.802835388892712221e-01,6.027259454572738706e-01,9.321375268403515602e-01,1.694237401974105772e-01,5.154468071461136836e-01,1.577516388783120060e-01,4.438493405741522624e-01,2.001349746309228905e-01,8.361862083152112879e-01,2.547362776375129423e-01,4.171047162440242317e-01,4.077876524921352219e-01,8.662949600217585422e-01,7.577974647322602841e-01,5.757548901508402484e-02,6.708745716816433280e-02,5.511972451307041165e-01,4.277190273577934354e-01,2.755842205368420617e-01,7.926209382074053122e-01,1.286351718989994231e-01,9.740569128701518364e-01,2.410250675216096816e-02,1.182307246108436072e-01,3.113166542758519784e-01,5.091490952555031146e-01,2.161361584793238810e-01,7.362151488540263911e-01,3.575419034259897932e-01,3.853833339693757409e-02,8.777219674406442351e-01,9.438656730860629507e-01,6.185636224370442138e-01,8.065363885704051050e-01,1.211115386933018234e-01,2.688202817866646166e-01,3.252316876781837784e-01,9.607531669484962178e-01,5.122226399073674941e-01,7.413558813959997273e-03,3.801858228700955022e-01,7.750600865576440235e-03,2.378057404724458479e-01,4.547000671411773887e-01,3.233930554208366281e-01,3.273421228517070514e-02,1.163357224087794295e-01,5.508865612227329400e-01,6.956049043844853008e-01,4.045490122329026272e-01,7.314817464249069312e-01,1.633328885151437149e-01,1.220579478076860847e-01,8.394537159432757800e-01,3.392133484921996400e-01,4.322479219444242959e-01,9.475816023172964897e-01,4.241123279371092902e-01,3.490105851904234946e-03,9.379719395498357093e-01,1.411863348582798050e-02,6.622862837291980664e-01,3.228909095325035450e-01,4.703907565602050145e-01,5.472851676961840717e-01,4.084600572955542352e-01,7.743687871821681723e-01,9.307064096644459550e-01,8.641205211886826554e-02,8.002528812349730680e-01,1.286711409006451312e-01,8.027718324960775309e-02,9.558314527221287715e-01,4.892977814912740087e-01,1.526032910092885997e-01,5.699571132170896393e-01,2.632371387695530141e-01,4.643090168079941904e-01,6.246595938799103243e-01,8.692698288699947096e-01,3.081398269308310844e-03,2.141406609159487440e-01,9.627054291877956693e-02,9.709770155906249922e-02,9.457774131399048212e-01,9.360829345150524228e-01,7.493080797012331429e-01,6.430630424009154966e-01,8.479704463577030227e-01,5.840873809056756905e-02,1.194857931012284213e-01,3.171129232963340039e-01,8.324923798965134791e-01
4.722325427665101660e-01,5.035747634376183113e-01,2.292654296538075842e-01,6.483874811735260701e-01,8.878421540622641883e-01,3.295142198584675164e-01,6.191859397698841194e-01,3.319489641118220646e-01,7.927191118343300813e-01,4.749597369923171941e-01,3.394690222197046525e-01,4.200488542112918999e-01,9.122752139622825052e-02,8.661171533224405472e-01,9.580690553381048247e-01,4.774141797354165551e-01,2.213372080781393914e-01,6.646561990889386928e-01,4.523814795411427170e-01,2.523000808384197047e-01,3.843314349014903542e-02,8.897044517885120962e-01,7.967343520450476113e-01,8.290060576393794012e-01,4.398397309313888393e-01,7.532553919534275000e-01,5.812252638799956239e-01,3.747752964134930531e-01,8.427420881221799887e-01,9.987575480444182974e-01,8.992823072743598711e-01,7.761919716863057150e-01,7.475079721923768572e-01,6.502488430168548161e-01,8.536174968395771057e-01,4.930812478246660024e-01,1.817295101979929939e-01,7.680497242692064797e-01,9.195063741758853215e-01,3.413522919304995407e-01,7.829832979571356155e-01,2.737227030824140872e-01,9.426002733586820170e-01,6.834609920137866279e-01,5.692759871823971363e-01,7.798701579035749454e-01,8.132311705575416827e-01,8.923698982253470691e-01,9.011195328474305155e-01,5.269082555354653863e-02,1.229076080127954329e-01,8.260608781872083028e-01,9.460516533801782701e-01,3.076718481239405500e-01,8.601818432715346852e-03,3.227051890351979591e-01,3.828641359725716287e-01,7.610333647234023280e-01,4.758466563783914083e-02,2.126402360926602508e-01,8.939685861946395917e-01,1.548204094514340490e-01,7.592476519683427627e-01,3.613104155790758387e-01,6.626602149213861592e-01,7.384650330299191712e-02,2.865579450860433752e-01,4.247897374967199990e-01,8.572126260777889195e-01,5.634958576461176483e-01,4.522529307768918816e-02,8.018665733261260975e-01,5.452148895148256624e-02,9.343665639919006560e-01,2.117174460403895564e-01,4.879261446570547500e-01,7.228096876630907275e-02,5.617123862977665416e-01,4.972287007284816873e-01,4.102485348813429411e-01,3.557291703403975269e-02,8.789363786515029808e-01,8.026365988128625339e-01,6.330300203289908056e-01,5.722299826339304341e-01,6.949464313698312523e-01,1.439900159143672198e-01,9.326442463164840158e-01,2.846732915046409351e-01,6.564902724430022873e-01,6.067556811419047014e-01,6.366139797156086244e-01,8.789521230821122355e-01,2.959112066506197625e-01,7.489481882526572987e-01,5.983910639391691877e-01,7.606033095464015403e-02,4.141546808819751568e-01,8.379515732657444316e-01,3.153473889305858924e-01
4.822638833128759517e-01,4.886385681536599135e-01,6.180098668058625622e-01,8.840178597901833246e-01,1.735391987851564455e-01,5.046168826401256080e-01,4.242672592876121085e-01,2.959200901005963891e-01,9.196081769537722828e-01,8.171092407713964612e-03,1.221047926303771014e-01,7.333444499161095864e-01,2.634416046869134664e-01,7.231792610922433973e-01,8.322536107155628082e-01,2.546160168345301678e-01,1.919442878630241989e-01,1.453006326811577820e-01,2.000886108824462273e-01,2.671853891171915851e-01,8.687498165405087569e-01,7.700044132524325180e-01,1.844316918241606373e-03,8.741191420980978233e-01,7.881229970197767276e-02,6.552656175468727362e-01,1.514747682168263720e-01,6.227581051095620879e-02,7.597706975211777625e-01,4.672031138558430108e-01,5.990625133111591172e-01,4.253530187974589039e-01,6.717186250784212831e-02,7.396181662869746321e-01,8.203511211688265803e-01,4.142054308870024570e-02,3.757171969839393499e-01,5.573165370701600452e-01,6.051834227669172783e-01,5.781529411412987818e-01,6.929406539021294442e-01,9.668162024195229298e-01,3.905865211287110617e-01,5.566235669555893439e-01,6.990786294639990128e-01,5.924238220778049735e-01,3.867510300091816511e-01,6.240792879498263668e-01,6.501115304401613448e-01,5.849684753263367787e-01,2.051106607523708325e-01,5.059813581524319481e-01,8.843568097607005241e-01,8.686018780322435351e-01,7.507879249960111023e-01,6.971955144372250501e-01,1.532791377604508787e-01,4.594646645044492272e-01,1.109513097474941201e-01,8.172844496360196498e-01,2.910432064397511231e-01,7.668658642490938648e-01,8.145788915089027249e-01,8.924960974115407897e-01,7.538300784877633998e-01,5.647290005073812846e-01,5.981849147266962152e-01,3.205822768226191943e-01,1.769961913904453121e-01,1.306362048237801332e-01,1.820235211167714473e-01,9.339518874028474027e-01,1.644332542006837761e-01,7.237374449285498557e-01,1.846285433147246691e-01,9.752897702157736770e-01,3.665845354756974706e-01,4.121364290290698840e-01,4.045115787821538245e-01,8.164591840602085648e-01,2.182905247421095263e-01,8.310247359056293082e-01,6.570588544420811195e-01,2.202801677969249416e-01,6.540754584091068580e-02,7.749925414389586820e-01,2.189630458161867521e-01,8.890668297228299100e-01,1.297852773647391045e-01,6.163645648075022354e-01,6.921683937215111770e-01,6.577024145572191172e-01,3.160298144962544464e-01,8.755235232204682250e-01,7.698053167487471926e-01,5.102063416212807567e-01,6.032930279384487449e-01,5.663712269473736294e-01,9.466985773454251740e-01,8.964132367792893019e-01
2.354972851560700464e-01,2.627597777150451064e-01,9.814380721324323931e-01,2.365607019528687127e-01,9.534793244825952030e-01,6.497537050967451266e-01,5.010943904106757163e-02,3.357271994608336252e-01,4.761540719128916077e-01,8.330928914504517335e-01,3.285854132753516232e-01,3.105783121245464518e-01,9.202632590286640157e-01,7.903434540117348917e-02,5.515212147149953781e-01,5.042392698481032998e-01,5.733476022251038362e-02,8.775922051931062118e-02,3.819674329780046174e-01,1.341612193447809798e-01,4.780719044478558555e-01,6.088888854071793366e-01,6.913966845029767549e-01,5.464700659207645250e-01,3.796600158933124414e-01,1.297586266046355519e-01,2.474854148070775306e-01,4.194216770158535335e-01,9.241144834023005128e-01,2.026005811943950574e-01,4.133442309326553765e-01,7.323088573740541563e-01,7.052033520018945456e-01,9.655925944739430777e-01,1.909012966796743704e-01,1.651961159996184758e-02,3.223232609872027643e-01,1.496926124827160365e-01,5.484690523835061837e-01,8.987790552502336050e-01,6.882268329725428346e-01,1.357988563501248969e-01,1.160900243954874345e-01,9.114498132754271786e-01,4.876095498924003513e-01,9.236729919892973095e-01,7.362177155430164044e-01,9.933484606354009427e-01,8.712277426609733588e-01,4.142121922618051677e-01,7.582278275515904609e-01,4.712281673199449905e-01,2.330722930991145914e-01,2.410292587563594990e-01,3.973221444618135756e-01,1.114662260121753734e-01,1.777662848886438773e-01,5.006086837200990347e-01,9.539224773618060205e-01,5.776863420172251296e-01,4.084967491880223678e-01,2.427003198693017394e-01,1.959013047064406265e-01,6.584070293788956141e-01,8.483253174216587311e-01,3.988559264391635661e-01,5.506590463732827789e-01,7.067267612490389928e-01,5.829557505557581010e-02,3.508970474361834402e-01,7.297528897621089472e-01,6.846190265192718671e-01,5.334772441609136884e-02,2.378184983734049629e-01,6.799572144450012345e-01,2.714160423559045521e-01,8.144102939373876193e-01,2.950485919915935007e-02,1.903470292934450470e-01,2.813129800505581590e-01,9.252898348100883075e-01,7.963189563706656315e-01,8.841450865293176697e-01,4.404791471772874223e-01,8.225620912764198822e-01,8.534935718467485666e-01,3.999568238749996452e-01,9.944618477442527249e-01,8.512386292158692358e-01,9.740969687447886827e-01,8.664971086451654925e-01,7.762036402556079517e-01,9.438438734645457906e-01,4.198192445845900789e-01,7.833334334968625745e-01,2.128912059161095494e-01,7.327938547210769427e-01,7.853532830523928254e-01,7.165244098835897857e-01,8.498130653571617232e-01
4.133354468496056588e-01,5.447681320754914625e-01,1.066741069527099572e-02,1.460531630060240005e-01,6.441939256278216286e-01,5.623171996450450072e-01,1.973325135414040199e-01,2.434647941602815502e-01,3.440822019234580642e-01,7.164147129435092243e-01,6.097166026633009661e-01,6.957126417528980422e-02,7.599391490123605930e-01,2.626595630220295297e-01,6.717596784044201907e-01,1.233628446615504526e-01,9.979212767191680822e-01,8.033517068771411918e-02,7.417340284009951157e-01,5.413303592530953612e-01,8.593919128413829434e-02,2.681045755075550652e-02,3.626657175166786429e-01,8.022239320071439250e-01,4.115124028139249823e-02,7.043986633280541199e-01,6.553762762642386663e-01,2.655376767727671838e-01,7.749203573489027441e-02,9.153219605540620085e-01,3.003498027367239587e-01,1.113832317867611277e-01,6.815170783609160177e-01,2.166812287916279889e-01,4.756307555626299033e-01,5.040554423603305079e-02,9.929839489081049297e-01,4.476211267754923728e-01,9.991099813095343229e-01,3.856748769340663241e-01,3.478525559422194213e-01,9.145723282670734644e-01,3.294658538444881213e-01,4.320055473162707216e-01,7.811043671415751621e-02,9.554623880354756738e-01,8.515124085090219896e-02,7.711849335353241353e-01,5.386153938111769568e-01,6.140514404753472100e-02,1.703828041056176801e-03,9.355536385271293609e-01,7.421734042355438987e-01,6.864362435394149031e-01,4.385565305992219498e-01,2.386137867109774380e-01,6.798630747305739463e-01,6.083010686170992054e-01,7.263421948483363977e-01,3.657925185002620649e-01,9.869237605131903068e-01,6.700865542853284840e-02,7.970161703621403415e-02,9.168758475806150221e-01,6.477064349190435610e-01,3.263340681821044198e-01,7.619527577006262042e-01,4.527733878530398881e-01,2.112150880773211448e-02,6.511036694199573427e-01,2.431119370915229005e-01,1.153351166100677894e-01,2.252731824994042009e-01,4.761578811292485058e-01,4.985643128324024342e-02,8.831523867795476601e-01,5.599180165693619093e-01,2.929961801154157275e-01,6.870048480886830067e-01,8.042364969799412622e-01,6.139246279834802422e-01,2.024946819105235551e-01,1.102884201464436886e-01,8.598996970333866452e-01,2.346874135517404980e-01,2.008243067749770905e-02,6.429021081542520832e-01,1.528853298643129133e-01,9.909698197645752105e-01,8.697308317394119026e-01,6.084457260012177127e-01,8.338656426085434559e-01,4.705357007686962190e-01,7.884862444624352040e-01,6.465335523971511567e-01,2.864464796965593418e-02,9.487576675528424097e-01,8.609195781966870742e-01,9.534073905932218818e-01,7.313659345608156670e-01
4.120609216616221149e-01,2.069852232862822161e-01,1.799963475658690193e-01,1.449162483877716179e-01,2.206096426415177225e-01,5.506360133473953145e-01,6.837450632878410151e-01,3.140565610162682209e-01,5.487469695078635024e-01,3.412526594538501934e-01,6.965099736739959191e-01,9.884862203202511299e-01,6.890169683828835101e-01,5.903057683765333685e-02,4.772349578339892817e-01,7.703874926345307683e-01,5.422416062535823089e-01,9.510630297228980234e-01,5.477167920421122105e-02,2.911555432956780542e-01,2.207181076397886077e-01,7.676222017635887518e-01,5.237930684840067519e-01,1.383442113530057860e-01,2.855932634614279930e-01,5.226593229963748533e-01,9.961289812536492372e-01,3.642923574153718036e-01,1.568260973396953251e-01,4.970665257916579982e-01,3.101863772330657465e-01,5.659668238285481268e-01,4.667103027852259611e-01,6.894899217125227686e-01,9.142907088675162885e-01,2.005143507687510152e-01,8.211800703683981295e-01,9.492657155485353382e-01,3.736096815179621444e-01,1.136627005966988069e-01,8.219111707828917757e-01,7.010958094382389039e-01,2.127122048340517324e-01,4.452235931825501147e-01,5.779922064898876943e-01,1.698540866514242076e-01,7.149128266295597944e-01,6.898827413943565690e-01,8.871266125116286094e-01,5.672729644281950812e-01,5.743130306956368836e-01,6.193873559693015007e-01,2.737832613819065619e-01,7.586058512780028407e-01,6.624992612626311450e-01,8.391456254609108711e-01,7.685860049726039867e-01,6.385722305040624214e-01,1.608921509095989633e-01,9.191473232088299694e-01,3.672121813831483728e-01,9.642985685167623222e-01,4.018708020005471448e-01,1.459382926831708227e-01,8.848397474996680945e-01,7.950587401287051437e-01,7.862960561131395743e-01,8.941075073111814930e-02,8.792798330519671079e-01,5.964006371628610692e-01,4.703557362729536839e-01,9.131716214131385678e-01,6.660413524819402964e-01,1.330308238529859244e-01,5.195371760567036867e-01,6.366165888475627810e-01,8.985506977316342070e-01,2.798941016749001420e-01,7.942338856474152609e-01,7.998129038347461250e-01,1.280494848236807259e-01,1.723318275587293336e-02,5.814096958984564800e-01,7.894788862909857263e-01,5.544308243272971781e-01,8.133474851998753197e-01,6.223031404675141154e-01,6.532923616723003146e-01,2.815442576252558116e-02,8.859820291942610559e-02,7.250296177158747080e-01,7.628432823762890669e-01,5.421779780643258828e-01,5.901651274510345546e-01,6.143658398450775326e-01,1.049913188539494113e-01,6.679086042509301269e-01,4.784699767620503863e-01,6.025229766872790549e-01,5.631418288105225489e-01
7.630002484540389096e-01,3.185682637159813479e-01,3.735262450674520229e-01,3.916063065245796171e-01,7.624560991740124694e-01,4.311126218030352231e-01,1.770747717000547006e-01,9.830409704170287588e-01,4.933818639645477511e-01,1.092480831560630472e-01,6.702749559927023704e-01,7.391623575284836933e-01,5.002228389088954064e-01,6.464572182773213882e-01,1.726748644827299506e-01,3.679223852803789052e-01,1.618286033716161976e-01,3.872352563648083779e-01,5.628005221869191166e-01,4.425394071819133135e-01,5.932148407357406006e-01,5.017591733685518030e-01,3.178143734017563338e-01,1.434159981210121337e-01,2.526728614212772062e-01,2.007132518945998756e-01,7.074222936907105241e-01,8.199668444123808797e-01,7.203886052994257216e-01,6.437341469951582962e-01,3.078513538137696015e-01,7.109855591065112890e-01,6.050834599891463661e-01,4.689336668762567051e-02,9.076121183934154901e-01,7.995384110163927804e-02,5.027079041588388142e-01,5.130691527190647250e-01,8.370071887583816483e-01,9.130675010423663363e-01,9.396757915097928571e-01,5.696721334789781599e-01,6.790422302116034814e-01,8.851986241256304400e-02,4.879160108440222521e-01,8.978567042422845867e-01,4.556971510380610768e-01,6.959393543343062039e-02,2.006411424164535884e-01,4.295069224354945980e-01,2.375283049090524123e-01,3.922925853417206232e-01,3.329618753360590322e-01,3.189290528159520743e-01,9.116460975683537971e-02,8.827146910865864005e-01,6.927062534654131465e-01,6.233819084691246681e-01,6.064694080954068367e-01,3.965022247146587908e-01,8.233153088514998386e-01,9.300399939279386796e-01,5.617248995441137538e-03,7.919847683800740334e-02,6.749756173662792014e-01,2.360667227230721643e-01,9.117049987698818692e-01,6.674130651162548666e-01,3.682912551587130823e-01,4.152824027794301820e-01,6.908825052465580319e-01,1.409641026021433152e-01,8.834118802466094378e-01,4.771698430177773176e-03,9.789469533038661631e-01,1.676454803630942347e-01,7.421113586138824436e-01,3.992470704316053443e-02,4.314288990430926729e-01,6.303136823141374245e-01,7.022745759308401947e-02,4.432935288999237944e-01,3.031364031102224965e-01,4.982436119671928010e-01,5.045765359691480878e-01,7.852316058423086664e-01,1.235045284448976766e-01,8.271960104746645115e-02,4.018902332387908061e-01,8.875199193765325179e-01,8.552695196720929705e-01,5.599929092814089904e-01,8.887738189711070769e-01,8.053435975487118759e-01,2.779394600930493731e-01,1.701062804458300937e-01,3.011565009767058765e-01,2.271178784388143690e-01,6.227187926586971178e-01,5.848991127746501206e-01
5.984373834527817460e-01,1.893035364914488206e-01,7.918627252764387503e-01,4.336260835426313243e-01,4.724519203665329403e-01,9.969618462112396218e-01,2.822717859627481563e-01,3.941380041077108265e-01,6.764632079040873158e-01,8.804130201902413688e-01,1.267810066840311389e-01,7.350458064271638836e-01,9.182805259955505450e-01,4.229246134268690449e-01,2.867269229335175362e-01,6.777371467749372380e-01,2.460736512382915020e-01,3.842897465472860929e-01,8.969133740898027618e-01,5.903325525913774019e-01,9.497726659984428998e-02,3.296975314463709283e-01,6.272651651173760667e-01,4.814976371546778600e-01,6.603393167515906326e-01,7.614414176803405709e-01,4.806151202047080906e-01,9.869516863019383024e-01,9.146738756739003495e-01,5.990740606865629925e-02,2.664311377502183165e-01,3.005435123097840444e-01,1.842903566700105911e-01,3.120165030504802317e-01,4.248206329354602406e-01,5.155097899245775217e-02,1.273002361324144793e-01,9.624587879348378561e-02,4.631693914665058198e-02,4.814970203016184502e-01,3.338030832261450476e-01,9.354472296497112760e-01,1.027605354417377992e-01,9.260353357356722048e-01,8.654561739945920706e-02,6.192173466044350594e-01,2.477303373763203309e-01,8.268056464938747796e-01,6.147482703996987041e-02,9.525081557696253309e-01,4.725720033290015110e-02,2.411132683013338385e-01,4.641847260673900299e-01,7.560578865662154202e-01,9.511127175433690129e-01,4.280424312943760246e-01,7.573100938178727315e-01,7.271625544452386958e-01,5.711688952909065309e-01,6.909191761008196542e-01,3.806668306617788655e-02,4.415774008975135168e-01,7.858606940600303403e-01,4.742211450027309372e-01,8.735045842269484329e-01,8.336378765647102229e-01,8.634460301723656528e-01,1.299966856281994376e-01,2.441411245660705109e-01,2.959727321213034834e-02,9.828007268630551962e-01,2.361381394167619829e-01,3.670933344822422395e-01,2.749264472284361771e-01,3.979362284541732020e-02,2.612580096101084770e-01,9.819566620770725507e-02,3.942830863845846467e-01,9.668241183367756175e-01,6.982623720638178044e-01,7.069007898078812913e-01,4.531759332912552729e-01,8.113040106894476855e-01,9.082841669175587551e-01,9.615500060838207963e-01,9.899022274641855468e-02,8.796440086464777375e-01,2.250828835758608149e-01,3.972669019908339205e-01,3.454771947120263142e-01,6.751300400867948914e-01,5.979245402337916016e-01,1.091048747680359865e-01,7.828226295145166436e-01,4.396454018014961385e-01,2.221843329646699949e-03,4.145032668608312765e-01,5.163315757471911294e-01,6.887468520822925822e-02,1.511352594162015395e-01
9.935721714908609670e-01,8.711954020224855766e-01,1.333274193466478241e-01,5.803093996962563894e-01,3.792432972173431782e-01,5.437404086999196862e-01,4.705351935673872665e-01,4.814892502568468569e-02,3.154203109907830482e-01,1.255205820281266593e-01,4.889680922907476690e-01,9.073167199795433291e-01,9.955327725695438668e-01,9.442530684824713694e-01,9.856971249748099906e-01,1.524631578035517965e-02,7.294469784440278382e-01,2.729488101765362718e-01,8.656179782691370006e-01,8.137334906240424326e-01,4.236745758829540964e-01,4.732606751031575021e-01,2.650916689925388869e-01,2.888040362203019296e-01,9.811744233604845489e-01,8.888528886701745346e-01,1.918689721149747784e-01,2.755246778649329542e-01,1.086479930622600287e-01,9.888707829796913318e-01,9.072098505305477012e-01,5.520979869873974266e-01,6.928931039471256659e-01,7.479469395906543916e-01,2.038112274602249530e-01,9.346663373311574485e-01,5.267427137216166289e-01,9.245153750042689467e-02,3.970826078336691101e-01,6.016465561765669268e-01,3.528231914667031566e-01,6.992044277518311146e-01,8.820499804079547923e-01,7.718921243821319500e-01,6.426580200973038837e-01,5.121574814116651719e-01,2.544634857879133349e-01,4.549461649974332333e-01,2.929529071381771210e-01,9.340233810897248246e-01,9.073111569866609827e-01,1.558263833035795631e-01,8.226202211942198472e-01,7.029146967557402537e-01,9.752117205606046779e-01,4.633065686001786032e-01,7.221743714143831205e-01,5.178839201283763627e-01,6.940049669235570651e-02,4.676474973676769675e-02,1.221114428797858142e-01,2.961910638524168915e-01,2.591131058118752994e-01,7.283266687059001265e-01,7.159227349221242154e-01,9.713945798493719419e-01,3.103908254423961566e-01,9.384520837805929716e-01,6.128506034877351238e-01,4.953087109901204155e-01,6.678413778132158418e-01,7.027554515855868322e-01,1.719290288592414395e-01,7.517155035352574011e-01,7.251727644669765382e-01,9.975322839487789084e-01,9.119477806724755053e-01,6.846602316842914648e-01,7.123637130966528064e-01,9.459856338345852267e-01,9.671782729841749138e-01,8.269651972151274011e-01,7.673935455071608791e-01,1.113658233648910922e-01,8.303221914806357962e-01,2.531956784557904960e-01,5.637842960192128716e-01,4.053724704378353083e-01,3.456073006372409884e-01,3.102500014670600548e-01,8.554270806574897357e-01,7.691361206718442256e-01,5.234487524087014787e-01,6.644804938644568448e-01,9.845279503440089730e-01,3.975351357779430828e-01,5.511006060095750003e-01,5.335237125744853870e-01,9.359723751517351475e-01,3.515624176108591570e-01
